id_Client1,id_Client2,Distance
1,1,0.0
1,2,0.696944444444444
1,3,0.94
1,4,0.931944444444444
1,5,2.2575
1,6,0.763611111111111
1,7,0.953055555555556
1,8,0.846666666666667
1,9,1.07222222222222
1,10,0.890555555555555
1,11,1.07777777777778
1,12,0.937777777777778
1,13,0.286666666666667
1,14,0.845555555555555
1,15,0.823055555555555
1,16,0.915833333333333
1,17,0.944166666666667
1,18,1.54194444444444
1,19,0.868611111111111
1,20,0.928888888888889
1,21,0.5775
1,22,1.04361111111111
1,23,1.73166666666667
1,24,0.915555555555556
1,25,0.9475
1,26,1.11833333333333
1,27,0.790833333333333
1,28,0.9025
1,29,0.892222222222222
1,30,0.964444444444444
1,31,0.827777777777778
1,32,0.911666666666667
1,33,0.852222222222222
1,34,0.895833333333333
1,35,0.890555555555555
1,36,1.20638888888889
1,37,1.01444444444444
1,38,0.974722222222222
1,39,1.56111111111111
1,40,0.9375
1,41,0.591666666666667
1,42,1.13444444444444
1,43,3.15388888888889
1,44,0.893888888888889
1,45,0.555277777777778
1,46,0.5825
1,47,0.846666666666667
1,48,1.50944444444444
1,49,1.54055555555556
1,50,3.17611111111111
1,51,1.18166666666667
1,52,3.07638888888889
1,53,0.683888888888889
1,54,0.934722222222222
1,55,0.450277777777778
1,56,3.11083333333333
1,57,0.829444444444444
1,58,1.02888888888889
1,59,2.20638888888889
1,60,0.521388888888889
1,61,1.09194444444444
1,62,0.874166666666667
1,63,0.8825
1,64,2.8025
1,65,1.63916666666667
1,66,1.08138888888889
1,67,0.983055555555556
1,68,1.32083333333333
1,69,0.455833333333333
1,70,0.888611111111111
1,71,1.005
1,72,1.23166666666667
1,73,0.940277777777778
1,74,1.65333333333333
1,75,0.909166666666667
1,76,0.905
1,77,2.95333333333333
1,78,1.08166666666667
1,79,1.28555555555556
1,80,1.33055555555556
1,81,0.991388888888889
1,82,0.880833333333333
1,83,0.515833333333333
1,84,1.22861111111111
1,85,1.20277777777778
1,86,0.388333333333333
1,87,3.0575
1,88,0.961944444444444
1,89,0.943611111111111
1,90,0.442222222222222
1,91,0.828333333333333
1,92,0.801388888888889
1,93,0.683888888888889
1,94,0.615277777777778
1,95,0.904166666666667
1,96,0.871944444444444
1,97,0.840277777777778
1,98,0.940555555555556
1,99,1.21861111111111
1,100,0.880833333333333
2,1,0.664166666666667
2,2,0.0
2,3,0.394444444444444
2,4,0.763611111111111
2,5,2.11527777777778
2,6,0.6475
2,7,0.84
2,8,0.704444444444444
2,9,0.535555555555556
2,10,0.748333333333333
2,11,0.549166666666667
2,12,0.825
2,13,0.545833333333333
2,14,0.532777777777778
2,15,0.680555555555556
2,16,0.802777777777778
2,17,0.831111111111111
2,18,2.175
2,19,0.726388888888889
2,20,0.814166666666667
2,21,0.43
2,22,0.901388888888889
2,23,1.91916666666667
2,24,0.802777777777778
2,25,0.805277777777778
2,26,0.581666666666667
2,27,0.565
2,28,0.760277777777778
2,29,0.75
2,30,0.650555555555556
2,31,0.685555555555556
2,32,0.798611111111111
2,33,0.71
2,34,0.783055555555556
2,35,0.748333333333333
2,36,1.06416666666667
2,37,0.872222222222222
2,38,0.8325
2,39,1.43611111111111
2,40,0.392222222222222
2,41,0.485555555555556
2,42,1.76777777777778
2,43,3.34138888888889
2,44,0.400833333333333
2,45,0.319444444444444
2,46,0.4775
2,47,0.704444444444444
2,48,1.36722222222222
2,49,2.17361111111111
2,50,3.03388888888889
2,51,1.03944444444444
2,52,2.93388888888889
2,53,0.325
2,54,0.371666666666667
2,55,0.354722222222222
2,56,2.96861111111111
2,57,0.687222222222222
2,58,0.415
2,59,2.08138888888889
2,60,0.403611111111111
2,61,0.598888888888889
2,62,0.731944444444444
2,63,0.301666666666667
2,64,2.66027777777778
2,65,1.49694444444444
2,66,0.544722222222222
2,67,0.840833333333333
2,68,1.17861111111111
2,69,0.4875
2,70,0.438611111111111
2,71,0.469444444444444
2,72,1.865
2,73,0.8275
2,74,1.51111111111111
2,75,0.766944444444444
2,76,0.762777777777778
2,77,2.81111111111111
2,78,0.939444444444444
2,79,1.91888888888889
2,80,1.18833333333333
2,81,0.746666666666667
2,82,0.385277777777778
2,83,0.275
2,84,1.86166666666667
2,85,0.709722222222222
2,86,0.635277777777778
2,87,2.91527777777778
2,88,0.482777777777778
2,89,0.830555555555556
2,90,0.340833333333333
2,91,0.715277777777778
2,92,0.659166666666667
2,93,0.325
2,94,0.490277777777778
2,95,0.791111111111111
2,96,0.651944444444444
2,97,0.698055555555556
2,98,0.8275
2,99,0.904444444444444
2,100,0.385277777777778
3,1,0.878055555555556
3,2,0.444722222222222
3,3,0.0
3,4,0.624166666666667
3,5,2.01861111111111
3,6,0.580833333333333
3,7,0.651666666666667
3,8,0.6075
3,9,0.248888888888889
3,10,0.651666666666667
3,11,0.262777777777778
3,12,0.528333333333333
3,13,0.827222222222222
3,14,0.381666666666667
3,15,0.583888888888889
3,16,0.491666666666667
3,17,0.661944444444444
3,18,2.38888888888889
3,19,0.6025
3,20,0.9425
3,21,0.480277777777778
3,22,0.804722222222222
3,23,2.23194444444444
3,24,0.550277777777778
3,25,0.708611111111111
3,26,0.295277777777778
3,27,0.364722222222222
3,28,0.663611111111111
3,29,0.653333333333333
3,30,0.976111111111111
3,31,0.588888888888889
3,32,0.4875
3,33,0.613333333333333
3,34,0.600833333333333
3,35,0.651666666666667
3,36,0.9675
3,37,0.775555555555556
3,38,0.735833333333333
3,39,1.56444444444444
3,40,0.039444444444444
3,41,0.630277777777778
3,42,1.98138888888889
3,43,3.65416666666667
3,44,0.713333333333333
3,45,0.631944444444444
3,46,0.478055555555556
3,47,0.6075
3,48,1.27027777777778
3,49,2.3875
3,50,2.93722222222222
3,51,0.942777777777778
3,52,2.83722222222222
3,53,0.469722222222222
3,54,0.143888888888889
3,55,0.631666666666667
3,56,2.87166666666667
3,57,0.590555555555556
3,58,0.371388888888889
3,59,2.20972222222222
3,60,0.716388888888889
3,61,0.911388888888889
3,62,0.635277777777778
3,63,0.231666666666667
3,64,2.56361111111111
3,65,1.40027777777778
3,66,0.258333333333333
3,67,0.743888888888889
3,68,1.08194444444444
3,69,0.708333333333333
3,70,0.168333333333333
3,71,0.155833333333333
3,72,2.07861111111111
3,73,0.575
3,74,1.41444444444444
3,75,0.670277777777778
3,76,0.666111111111111
3,77,2.71416666666667
3,78,0.842777777777778
3,79,2.13277777777778
3,80,1.09166666666667
3,81,0.460277777777778
3,82,0.700277777777778
3,83,0.559166666666667
3,84,2.07555555555556
3,85,0.931111111111111
3,86,0.947777777777778
3,87,2.81833333333333
3,88,0.212222222222222
3,89,0.578333333333333
3,90,0.564722222222222
3,91,0.540277777777778
3,92,0.5625
3,93,0.469722222222222
3,94,0.618611111111111
3,95,0.608888888888889
3,96,0.512777777777778
3,97,0.601111111111111
3,98,0.575277777777778
3,99,1.06333333333333
3,100,0.700277777777778
4,1,0.86
4,2,0.783888888888889
4,3,0.6875
4,4,0.0
4,5,1.89111111111111
4,6,0.545555555555556
4,7,0.459166666666667
4,8,0.116666666666667
4,9,0.662222222222222
4,10,0.449722222222222
4,11,0.541666666666667
4,12,0.443888888888889
4,13,0.808888888888889
4,14,0.426388888888889
4,15,0.444722222222222
4,16,0.421944444444444
4,17,0.45
4,18,2.37083333333333
4,19,0.120555555555555
4,20,0.915
4,21,0.462222222222222
4,22,0.677222222222222
4,23,2.49944444444444
4,24,0.421666666666667
4,25,0.581388888888889
4,26,0.579444444444444
4,27,0.477222222222222
4,28,0.463888888888889
4,29,0.405555555555555
4,30,1.23055555555556
4,31,0.348888888888889
4,32,0.417777777777778
4,33,0.3825
4,34,0.401944444444444
4,35,0.403611111111111
4,36,0.84
4,37,0.648333333333333
4,38,0.608611111111111
4,39,1.53694444444444
4,40,0.685
4,41,0.595
4,42,1.96333333333333
4,43,3.92166666666667
4,44,0.981111111111111
4,45,0.810833333333333
4,46,0.566944444444444
4,47,0.116666666666667
4,48,1.14305555555556
4,49,2.36916666666667
4,50,2.80972222222222
4,51,0.815555555555556
4,52,2.71
4,53,0.618888888888889
4,54,0.682222222222222
4,55,0.642777777777778
4,56,2.74444444444444
4,57,0.359722222222222
4,58,0.906111111111111
4,59,2.18222222222222
4,60,0.895
4,61,1.17888888888889
4,62,0.387222222222222
4,63,0.607777777777778
4,64,2.43611111111111
4,65,1.27305555555556
4,66,0.5425
4,67,0.537777777777778
4,68,0.954444444444444
4,69,0.673055555555556
4,70,0.604444444444444
4,71,0.698611111111111
4,72,2.06055555555556
4,73,0.446388888888889
4,74,1.28722222222222
4,75,0.422222222222222
4,76,0.418333333333333
4,77,2.58694444444444
4,78,0.715277777777778
4,79,2.11444444444444
4,80,0.964166666666667
4,81,0.497222222222222
4,82,0.967777777777778
4,83,0.648055555555556
4,84,2.0575
4,85,1.29
4,86,0.94
4,87,2.69111111111111
4,88,0.656666666666667
4,89,0.449444444444444
4,90,0.546666666666667
4,91,0.334166666666667
4,92,0.216388888888889
4,93,0.618888888888889
4,94,0.591111111111111
4,95,0.41
4,96,0.175
4,97,0.421388888888889
4,98,0.446388888888889
4,99,1.48472222222222
4,100,0.967777777777778
5,1,2.22111111111111
5,2,2.15833333333333
5,3,2.07805555555556
5,4,1.94277777777778
5,5,0.0
5,6,1.9025
5,7,1.99333333333333
5,8,1.8575
5,9,2.21027777777778
5,10,1.90138888888889
5,11,2.11805555555556
5,12,1.97805555555556
5,13,2.17027777777778
5,14,1.98388888888889
5,15,1.83416666666667
5,16,1.95611111111111
5,17,1.98416666666667
5,18,3.73194444444444
5,19,1.87972222222222
5,20,2.18583333333333
5,21,1.83666666666667
5,22,1.69888888888889
5,23,3.87388888888889
5,24,1.95583333333333
5,25,1.60305555555556
5,26,2.15583333333333
5,27,1.92916666666667
5,28,1.91361111111111
5,29,1.90333333333333
5,30,2.605
5,31,1.83888888888889
5,32,1.95194444444444
5,33,1.86305555555556
5,34,1.93611111111111
5,35,1.90166666666667
5,36,1.76638888888889
5,37,1.67
5,38,1.62583333333333
5,39,2.21861111111111
5,40,2.07583333333333
5,41,1.95194444444444
5,42,3.32472222222222
5,43,5.29611111111111
5,44,2.35555555555556
5,45,2.185
5,46,1.96833333333333
5,47,1.8575
5,48,0.919444444444444
5,49,3.73055555555556
5,50,1.61638888888889
5,51,1.41916666666667
5,52,0.863055555555555
5,53,2.05055555555556
5,54,2.07277777777778
5,55,2.0
5,56,0.8975
5,57,1.84055555555556
5,58,2.29666666666667
5,59,3.47388888888889
5,60,2.26944444444444
5,61,2.55333333333333
5,62,1.88527777777778
5,63,2.02083333333333
5,64,0.589166666666667
5,65,1.61111111111111
5,66,2.11888888888889
5,67,1.99388888888889
5,68,1.34833333333333
5,69,2.03
5,70,2.02694444444444
5,71,2.14333333333333
5,72,3.42194444444444
5,73,1.98055555555556
5,74,0.795277777777778
5,75,1.92027777777778
5,76,1.91611111111111
5,77,0.74
5,78,1.67972222222222
5,79,3.47583333333333
5,80,1.78861111111111
5,81,2.03138888888889
5,82,2.34222222222222
5,83,2.00472222222222
5,84,3.365
5,85,2.66444444444444
5,86,2.30138888888889
5,87,0.844166666666667
5,88,2.1
5,89,1.98388888888889
5,90,1.92111111111111
5,91,1.86861111111111
5,92,1.8125
5,93,2.05055555555556
5,94,1.94833333333333
5,95,1.94444444444444
5,96,1.89444444444444
5,97,1.85111111111111
5,98,1.98083333333333
5,99,2.85916666666667
5,100,2.34222222222222
6,1,0.675277777777778
6,2,0.633611111111111
6,3,0.593888888888889
6,4,0.5675
6,5,1.90055555555556
6,6,0.0
6,7,0.585277777777778
6,8,0.482222222222222
6,9,0.726111111111111
6,10,0.532222222222222
6,11,0.71
6,12,0.57
6,13,0.624444444444444
6,14,0.499722222222222
6,15,0.466944444444444
6,16,0.547777777777778
6,17,0.576111111111111
6,18,2.18611111111111
6,19,0.504444444444444
6,20,0.726111111111111
6,21,0.327777777777778
6,22,0.686666666666667
6,23,2.34916666666667
6,24,0.547777777777778
6,25,0.590833333333333
6,26,0.7475
6,27,0.445
6,28,0.544444444444444
6,29,0.534166666666667
6,30,1.08027777777778
6,31,0.466944444444444
6,32,0.543888888888889
6,33,0.491111111111111
6,34,0.528055555555556
6,35,0.532222222222222
6,36,0.849444444444444
6,37,0.657777777777778
6,38,0.618055555555556
6,39,1.34805555555556
6,40,0.591666666666667
6,41,0.406111111111111
6,42,1.77861111111111
6,43,3.77138888888889
6,44,0.830833333333333
6,45,0.660555555555556
6,46,0.484166666666667
6,47,0.482222222222222
6,48,1.1525
6,49,2.18472222222222
6,50,2.81916666666667
6,51,0.825
6,52,2.71944444444444
6,53,0.566388888888889
6,54,0.588611111111111
6,55,0.454166666666667
6,56,2.75388888888889
6,57,0.468611111111111
6,58,0.8125
6,59,1.99333333333333
6,60,0.744722222222222
6,61,1.02861111111111
6,62,0.515833333333333
6,63,0.536666666666667
6,64,2.44555555555556
6,65,1.2825
6,66,0.710555555555556
6,67,0.624722222222222
6,68,0.963888888888889
6,69,0.484166666666667
6,70,0.542777777777778
6,71,0.659166666666667
6,72,1.87583333333333
6,73,0.5725
6,74,1.29666666666667
6,75,0.551111111111111
6,76,0.546944444444444
6,77,2.59638888888889
6,78,0.724722222222222
6,79,1.93
6,80,0.973611111111111
6,81,0.623333333333333
6,82,0.8175
6,83,0.48
6,84,1.87277777777778
6,85,1.13972222222222
6,86,0.755555555555556
6,87,2.70055555555556
6,88,0.615833333333333
6,89,0.575555555555556
6,90,0.406944444444444
6,91,0.460277777777778
6,92,0.437222222222222
6,93,0.566388888888889
6,94,0.402222222222222
6,95,0.536111111111111
6,96,0.535833333333333
6,97,0.481944444444444
6,98,0.5725
6,99,1.33444444444444
6,100,0.8175
7,1,0.944722222222222
7,2,0.887222222222222
7,3,0.653333333333333
7,4,0.549722222222222
7,5,1.99222222222222
7,6,0.625833333333333
7,7,0.0
7,8,0.469444444444444
7,9,0.575
7,10,0.131111111111111
7,11,0.4775
7,12,0.248611111111111
7,13,0.893611111111111
7,14,0.614444444444444
7,15,0.437777777777778
7,16,0.326666666666667
7,17,0.105555555555556
7,18,2.45555555555556
7,19,0.486388888888889
7,20,0.995555555555555
7,21,0.565555555555556
7,22,0.778333333333333
7,23,2.60277777777778
7,24,0.216388888888889
7,25,0.682222222222222
7,26,0.515277777777778
7,27,0.6525
7,28,0.152777777777778
7,29,0.233888888888889
7,30,1.33388888888889
7,31,0.396944444444444
7,32,0.268611111111111
7,33,0.416111111111111
7,34,0.148888888888889
7,35,0.173055555555555
7,36,0.941111111111111
7,37,0.749166666666667
7,38,0.709444444444444
7,39,1.6175
7,40,0.615
7,41,0.675555555555556
7,42,2.04805555555556
7,43,4.025
7,44,1.08444444444444
7,45,0.914166666666667
7,46,0.691666666666667
7,47,0.469444444444444
7,48,1.24416666666667
7,49,2.45388888888889
7,50,2.91083333333333
7,51,0.916388888888889
7,52,2.81111111111111
7,53,0.773888888888889
7,54,0.716944444444444
7,55,0.723333333333333
7,56,2.84555555555556
7,57,0.388333333333333
7,58,0.835555555555556
7,59,2.26277777777778
7,60,0.998333333333333
7,61,1.28222222222222
7,62,0.215555555555555
7,63,0.744166666666666
7,64,2.53722222222222
7,65,1.37416666666667
7,66,0.478333333333333
7,67,0.219444444444444
7,68,1.05555555555556
7,69,0.753611111111111
7,70,0.750277777777778
7,71,0.611111111111111
7,72,2.14527777777778
7,73,0.218333333333333
7,74,1.38805555555556
7,75,0.308333333333333
7,76,0.265277777777778
7,77,2.68805555555556
7,78,0.816388888888889
7,79,2.19916666666667
7,80,1.06527777777778
7,81,0.325833333333333
7,82,1.07111111111111
7,83,0.733611111111111
7,84,2.14222222222222
7,85,1.39333333333333
7,86,1.02472222222222
7,87,2.79222222222222
7,88,0.784444444444445
7,89,0.221388888888889
7,90,0.65
7,91,0.305833333333333
7,92,0.401111111111111
7,93,0.773888888888889
7,94,0.671666666666667
7,95,0.154444444444444
7,96,0.501388888888889
7,97,0.320277777777778
7,98,0.218333333333333
7,99,1.52777777777778
7,100,1.07111111111111
8,1,0.825
8,2,0.748888888888889
8,3,0.641944444444444
8,4,0.118611111111111
8,5,1.85611111111111
8,6,0.510555555555556
8,7,0.461944444444444
8,8,0.0
8,9,0.650833333333333
8,10,0.423888888888889
8,11,0.53
8,12,0.446944444444444
8,13,0.773888888888889
8,14,0.381111111111111
8,15,0.411944444444444
8,16,0.424722222222222
8,17,0.453055555555556
8,18,2.33583333333333
8,19,0.063611111111111
8,20,0.88
8,21,0.427222222222222
8,22,0.642222222222222
8,23,2.46444444444444
8,24,0.424722222222222
8,25,0.546388888888889
8,26,0.567777777777778
8,27,0.431944444444444
8,28,0.438055555555555
8,29,0.379444444444444
8,30,1.19555555555556
8,31,0.316388888888889
8,32,0.420555555555556
8,33,0.349722222222222
8,34,0.405
8,35,0.377777777777778
8,36,0.805
8,37,0.613333333333333
8,38,0.573611111111111
8,39,1.50194444444444
8,40,0.639722222222222
8,41,0.56
8,42,1.92833333333333
8,43,3.88666666666667
8,44,0.946111111111111
8,45,0.775833333333333
8,46,0.521388888888889
8,47,0.0
8,48,1.10805555555556
8,49,2.33416666666667
8,50,2.77472222222222
8,51,0.780555555555556
8,52,2.675
8,53,0.573611111111111
8,54,0.636666666666667
8,55,0.607777777777778
8,56,2.70944444444444
8,57,0.326944444444444
8,58,0.860555555555555
8,59,2.14722222222222
8,60,0.86
8,61,1.14388888888889
8,62,0.361388888888889
8,63,0.567222222222222
8,64,2.40111111111111
8,65,1.23805555555556
8,66,0.530833333333333
8,67,0.511944444444444
8,68,0.919444444444444
8,69,0.638055555555556
8,70,0.563611111111111
8,71,0.686944444444444
8,72,2.02555555555556
8,73,0.449444444444444
8,74,1.25222222222222
8,75,0.396388888888889
8,76,0.392222222222222
8,77,2.55194444444444
8,78,0.680277777777778
8,79,2.07944444444444
8,80,0.929166666666667
8,81,0.500277777777778
8,82,0.932777777777778
8,83,0.602777777777778
8,84,2.0225
8,85,1.255
8,86,0.905
8,87,2.65611111111111
8,88,0.615833333333333
8,89,0.4525
8,90,0.511666666666667
8,91,0.337222222222222
8,92,0.211388888888889
8,93,0.573611111111111
8,94,0.556111111111111
8,95,0.413055555555555
8,96,0.140555555555555
8,97,0.388888888888889
8,98,0.449444444444444
8,99,1.44972222222222
8,100,0.932777777777778
9,1,0.99
9,2,0.558055555555556
9,3,0.193333333333333
9,4,0.570555555555556
9,5,2.10333333333333
9,6,0.692777777777778
9,7,0.459722222222222
9,8,0.591666666666667
9,9,0.0
9,10,0.528055555555556
9,11,0.070555555555556
9,12,0.336388888888889
9,13,0.939166666666667
9,14,0.493611111111111
9,15,0.662777777777778
9,16,0.299722222222222
9,17,0.47
9,18,2.50111111111111
9,19,0.605277777777778
9,20,1.05444444444444
9,21,0.5925
9,22,0.889444444444444
9,23,2.345
9,24,0.358333333333333
9,25,0.793611111111111
9,26,0.103333333333333
9,27,0.476666666666667
9,28,0.542222222222222
9,29,0.504166666666667
9,30,0.980277777777778
9,31,0.578888888888889
9,32,0.295555555555555
9,33,0.603055555555556
9,34,0.408888888888889
9,35,0.4875
9,36,1.05222222222222
9,37,0.860277777777778
9,38,0.820555555555556
9,39,1.67666666666667
9,40,0.154722222222222
9,41,0.7425
9,42,2.09361111111111
9,43,3.76722222222222
9,44,0.826666666666667
9,45,0.745277777777778
9,46,0.59
9,47,0.591666666666667
9,48,1.35527777777778
9,49,2.49944444444444
9,50,3.02194444444444
9,51,1.0275
9,52,2.92222222222222
9,53,0.581666666666667
9,54,0.256944444444444
9,55,0.743611111111111
9,56,2.95666666666667
9,57,0.580555555555556
9,58,0.375555555555555
9,59,2.32166666666667
9,60,0.829444444444444
9,61,1.01222222222222
9,62,0.589722222222222
9,63,0.343888888888889
9,64,2.64833333333333
9,65,1.48527777777778
9,66,0.066388888888889
9,67,0.616111111111111
9,68,1.16666666666667
9,69,0.820555555555556
9,70,0.280277777777778
9,71,0.151111111111111
9,72,2.19083333333333
9,73,0.383055555555555
9,74,1.49944444444444
9,75,0.578611111111111
9,76,0.574444444444444
9,77,2.79916666666667
9,78,0.9275
9,79,2.24472222222222
9,80,1.17638888888889
9,81,0.268333333333333
9,82,0.813333333333333
9,83,0.671388888888889
9,84,2.18777777777778
9,85,0.935277777777778
9,86,1.07027777777778
9,87,2.90333333333333
9,88,0.324444444444444
9,89,0.386388888888889
9,90,0.676944444444444
9,91,0.348333333333333
9,92,0.519166666666667
9,93,0.581666666666667
9,94,0.730555555555555
9,95,0.416944444444444
9,96,0.624722222222222
9,97,0.642222222222222
9,98,0.383055555555555
9,99,1.0675
9,100,0.813333333333333
10,1,0.896388888888889
10,2,0.833333333333333
10,3,0.693055555555556
10,4,0.495833333333333
10,5,1.93833333333333
10,6,0.5775
10,7,0.115833333333333
10,8,0.415555555555556
10,9,0.614722222222222
10,10,0.0
10,11,0.517222222222222
10,12,0.296666666666667
10,13,0.845277777777778
10,14,0.560555555555556
10,15,0.383888888888889
10,16,0.366111111111111
10,17,0.156388888888889
10,18,2.40722222222222
10,19,0.4325
10,20,0.947222222222222
10,21,0.511666666666667
10,22,0.724444444444444
10,23,2.54888888888889
10,24,0.264444444444444
10,25,0.628333333333333
10,26,0.555
10,27,0.611388888888889
10,28,0.098888888888889
10,29,0.18
10,30,1.28
10,31,0.343055555555555
10,32,0.308055555555556
10,33,0.362222222222222
10,34,0.196944444444444
10,35,0.119166666666667
10,36,0.887222222222222
10,37,0.695277777777778
10,38,0.655555555555556
10,39,1.56916666666667
10,40,0.654444444444444
10,41,0.627222222222222
10,42,1.99972222222222
10,43,3.97111111111111
10,44,1.03055555555556
10,45,0.860277777777778
10,46,0.643333333333333
10,47,0.415555555555556
10,48,1.19027777777778
10,49,2.40555555555556
10,50,2.85694444444444
10,51,0.8625
10,52,2.75722222222222
10,53,0.725555555555555
10,54,0.748055555555556
10,55,0.675
10,56,2.79166666666667
10,57,0.334444444444444
10,58,0.875277777777778
10,59,2.21444444444444
10,60,0.944444444444444
10,61,1.22833333333333
10,62,0.161666666666667
10,63,0.695833333333333
10,64,2.48333333333333
10,65,1.32027777777778
10,66,0.518055555555556
10,67,0.165555555555555
10,68,1.00166666666667
10,69,0.705277777777778
10,70,0.701944444444445
10,71,0.650833333333333
10,72,2.09694444444444
10,73,0.266388888888889
10,74,1.33416666666667
10,75,0.254444444444444
10,76,0.211388888888889
10,77,2.63416666666667
10,78,0.7625
10,79,2.15083333333333
10,80,1.01138888888889
10,81,0.373888888888889
10,82,1.01722222222222
10,83,0.679722222222222
10,84,2.09388888888889
10,85,1.33944444444444
10,86,0.976388888888889
10,87,2.73833333333333
10,88,0.775277777777778
10,89,0.269444444444444
10,90,0.596111111111111
10,91,0.319166666666667
10,92,0.347222222222222
10,93,0.725555555555555
10,94,0.623333333333333
10,95,0.2025
10,96,0.4475
10,97,0.266388888888889
10,98,0.266388888888889
10,99,1.53416666666667
10,100,1.01722222222222
11,1,0.995833333333333
11,2,0.563888888888889
11,3,0.199166666666667
11,4,0.568888888888889
11,5,2.10194444444444
11,6,0.698611111111111
11,7,0.458333333333333
11,8,0.590277777777778
11,9,0.120833333333333
11,10,0.526388888888889
11,11,0.0
11,12,0.334722222222222
11,13,0.945
11,14,0.499444444444444
11,15,0.661111111111111
11,16,0.298333333333333
11,17,0.468611111111111
11,18,2.50694444444444
11,19,0.603611111111111
11,20,1.06027777777778
11,21,0.598333333333333
11,22,0.888055555555555
11,23,2.35083333333333
11,24,0.356944444444444
11,25,0.791944444444444
11,26,0.100555555555555
11,27,0.4825
11,28,0.540555555555556
11,29,0.502777777777778
11,30,0.986111111111111
11,31,0.577222222222222
11,32,0.293888888888889
11,33,0.601666666666667
11,34,0.407222222222222
11,35,0.485833333333333
11,36,1.05083333333333
11,37,0.858888888888889
11,38,0.819166666666667
11,39,1.6825
11,40,0.160555555555556
11,41,0.748333333333333
11,42,2.09944444444444
11,43,3.77305555555556
11,44,0.8325
11,45,0.751111111111111
11,46,0.595833333333333
11,47,0.590277777777778
11,48,1.35361111111111
11,49,2.50527777777778
11,50,3.02055555555556
11,51,1.02611111111111
11,52,2.92055555555556
11,53,0.5875
11,54,0.262777777777778
11,55,0.749444444444444
11,56,2.955
11,57,0.578888888888889
11,58,0.381388888888889
11,59,2.32777777777778
11,60,0.835277777777778
11,61,1.01805555555556
11,62,0.588055555555556
11,63,0.349722222222222
11,64,2.64666666666667
11,65,1.48361111111111
11,66,0.064722222222222
11,67,0.614722222222222
11,68,1.16527777777778
11,69,0.826388888888889
11,70,0.286111111111111
11,71,0.156944444444444
11,72,2.19666666666667
11,73,0.381388888888889
11,74,1.49777777777778
11,75,0.576944444444445
11,76,0.572777777777778
11,77,2.7975
11,78,0.925833333333333
11,79,2.25055555555556
11,80,1.17472222222222
11,81,0.266666666666667
11,82,0.819166666666667
11,83,0.677222222222222
11,84,2.19361111111111
11,85,0.941111111111111
11,86,1.07611111111111
11,87,2.90166666666667
11,88,0.330277777777778
11,89,0.384722222222222
11,90,0.682777777777778
11,91,0.346944444444444
11,92,0.5175
11,93,0.5875
11,94,0.736388888888889
11,95,0.415555555555556
11,96,0.630555555555556
11,97,0.640555555555555
11,98,0.381666666666667
11,99,1.07333333333333
11,100,0.819166666666667
12,1,0.894722222222222
12,2,0.853055555555556
12,3,0.533333333333333
12,4,0.517222222222222
12,5,1.95222222222222
12,6,0.576111111111111
12,7,0.216666666666667
12,8,0.440555555555555
12,9,0.455
12,10,0.335277777777778
12,11,0.3575
12,12,0.0
12,13,0.843888888888889
12,14,0.582222222222222
12,15,0.511388888888889
12,16,0.205833333333333
12,17,0.236111111111111
12,18,2.40555555555556
12,19,0.454166666666667
12,20,0.945555555555556
12,21,0.523333333333333
12,22,0.738333333333333
12,23,2.56861111111111
12,24,0.042222222222222
12,25,0.642222222222222
12,26,0.395277777777778
12,27,0.602777777777778
12,28,0.317777777777778
12,29,0.332222222222222
12,30,1.29972222222222
12,31,0.4275
12,32,0.089444444444444
12,33,0.451944444444444
12,34,0.126944444444444
12,35,0.315555555555555
12,36,0.901111111111111
12,37,0.709166666666667
12,38,0.669444444444444
12,39,1.5675
12,40,0.494722222222222
12,41,0.625555555555555
12,42,1.99805555555556
12,43,3.99083333333333
12,44,1.05027777777778
12,45,0.88
12,46,0.641944444444444
12,47,0.440555555555555
12,48,1.20388888888889
12,49,2.40416666666667
12,50,2.87083333333333
12,51,0.876388888888889
12,52,2.77083333333333
12,53,0.723888888888889
12,54,0.596944444444445
12,55,0.673611111111111
12,56,2.80555555555556
12,57,0.429166666666667
12,58,0.715555555555556
12,59,2.21277777777778
12,60,0.964166666666667
12,61,1.24805555555556
12,62,0.380833333333333
12,63,0.694166666666667
12,64,2.49722222222222
12,65,1.33388888888889
12,66,0.358333333333333
12,67,0.384444444444444
12,68,1.01555555555556
12,69,0.703611111111111
12,70,0.620277777777778
12,71,0.491111111111111
12,72,2.09527777777778
12,73,0.066944444444444
12,74,1.34805555555556
12,75,0.427222222222222
12,76,0.430277777777778
12,77,2.64805555555556
12,78,0.776388888888889
12,79,2.14916666666667
12,80,1.02527777777778
12,81,0.150555555555555
12,82,1.03694444444444
12,83,0.699444444444444
12,84,2.09222222222222
12,85,1.27527777777778
12,86,0.975
12,87,2.75222222222222
12,88,0.664166666666667
12,89,0.07
12,90,0.626388888888889
12,91,0.219722222222222
12,92,0.368055555555556
12,93,0.723888888888889
12,94,0.621666666666667
12,95,0.128888888888889
12,96,0.468888888888889
12,97,0.485277777777778
12,98,0.066944444444444
12,99,1.4075
12,100,1.03694444444444
13,1,0.254166666666667
13,2,0.557222222222222
13,3,0.800277777777778
13,4,0.792222222222222
13,5,2.11777777777778
13,6,0.623888888888889
13,7,0.813333333333333
13,8,0.706944444444444
13,9,0.9325
13,10,0.750833333333333
13,11,0.938055555555555
13,12,0.798333333333333
13,13,0.0
13,14,0.706111111111111
13,15,0.683333333333333
13,16,0.776111111111111
13,17,0.804444444444444
13,18,1.765
13,19,0.728888888888889
13,20,0.799444444444444
13,21,0.437777777777778
13,22,0.904166666666667
13,23,1.95472222222222
13,24,0.776111111111111
13,25,0.808055555555555
13,26,0.978611111111111
13,27,0.651111111111111
13,28,0.763055555555556
13,29,0.752777777777778
13,30,1.00388888888889
13,31,0.688333333333333
13,32,0.771944444444444
13,33,0.7125
13,34,0.756388888888889
13,35,0.751111111111111
13,36,1.06666666666667
13,37,0.875
13,38,0.835277777777778
13,39,1.42166666666667
13,40,0.798055555555556
13,41,0.451944444444444
13,42,1.35777777777778
13,43,3.37694444444444
13,44,0.754444444444444
13,45,0.322777777777778
13,46,0.442777777777778
13,47,0.706944444444444
13,48,1.36972222222222
13,49,1.76361111111111
13,50,3.03638888888889
13,51,1.04222222222222
13,52,2.93666666666667
13,53,0.544166666666667
13,54,0.795
13,55,0.310555555555555
13,56,2.97111111111111
13,57,0.69
13,58,0.889166666666667
13,59,2.06694444444444
13,60,0.340277777777778
13,61,0.952222222222222
13,62,0.734722222222222
13,63,0.742777777777778
13,64,2.66277777777778
13,65,1.49972222222222
13,66,0.941666666666667
13,67,0.843333333333333
13,68,1.18111111111111
13,69,0.316111111111111
13,70,0.748888888888889
13,71,0.865277777777778
13,72,1.45472222222222
13,73,0.800833333333333
13,74,1.51388888888889
13,75,0.769722222222222
13,76,0.765555555555555
13,77,2.81361111111111
13,78,0.941944444444444
13,79,1.50888888888889
13,80,1.19083333333333
13,81,0.851666666666667
13,82,0.741111111111111
13,83,0.376111111111111
13,84,1.45166666666667
13,85,1.06333333333333
13,86,0.123888888888889
13,87,2.91777777777778
13,88,0.822222222222222
13,89,0.803888888888889
13,90,0.302777777777778
13,91,0.688611111111111
13,92,0.661666666666667
13,93,0.544166666666667
13,94,0.475833333333333
13,95,0.764444444444445
13,96,0.732222222222222
13,97,0.700555555555556
13,98,0.800833333333333
13,99,1.25805555555556
13,100,0.741111111111111
14,1,0.796944444444444
14,2,0.573611111111111
14,3,0.409722222222222
14,4,0.321388888888889
14,5,1.92833333333333
14,6,0.499722222222222
14,7,0.534166666666667
14,8,0.326388888888889
14,9,0.541944444444444
14,10,0.495833333333333
14,11,0.555555555555556
14,12,0.518888888888889
14,13,0.745833333333333
14,14,0.0
14,15,0.483888888888889
14,16,0.496944444444444
14,17,0.525
14,18,2.30777777777778
14,19,0.299722222222222
14,20,0.861111111111111
14,21,0.399166666666667
14,22,0.714444444444444
14,23,2.33361111111111
14,24,0.496666666666667
14,25,0.618333333333333
14,26,0.588055555555556
14,27,0.211111111111111
14,28,0.51
14,29,0.451388888888889
14,30,1.06472222222222
14,31,0.388333333333333
14,32,0.492777777777778
14,33,0.421666666666667
14,34,0.476944444444444
14,35,0.449722222222222
14,36,0.877222222222222
14,37,0.685277777777778
14,38,0.645555555555555
14,39,1.48333333333333
14,40,0.4075
14,41,0.549166666666667
14,42,1.90027777777778
14,43,3.75583333333333
14,44,0.815277777777778
14,45,0.631388888888889
14,46,0.396666666666667
14,47,0.326388888888889
14,48,1.18
14,49,2.30611111111111
14,50,2.84694444444444
14,51,0.8525
14,52,2.74694444444444
14,53,0.311111111111111
14,54,0.404444444444444
14,55,0.550555555555556
14,56,2.78138888888889
14,57,0.399166666666667
14,58,0.628333333333333
14,59,2.12861111111111
14,60,0.715833333333333
14,61,1.01305555555556
14,62,0.433333333333333
14,63,0.352222222222222
14,64,2.47333333333333
14,65,1.31
14,66,0.551111111111111
14,67,0.583888888888889
14,68,0.991666666666667
14,69,0.627222222222222
14,70,0.358333333333333
14,71,0.474722222222222
14,72,1.9975
14,73,0.521388888888889
14,74,1.32416666666667
14,75,0.468333333333333
14,76,0.464166666666667
14,77,2.62388888888889
14,78,0.752222222222222
14,79,2.05138888888889
14,80,1.00111111111111
14,81,0.572222222222222
14,82,0.801944444444444
14,83,0.478055555555556
14,84,1.99444444444444
14,85,1.12416666666667
14,86,0.876944444444444
14,87,2.72805555555556
14,88,0.431666666666667
14,89,0.524444444444444
14,90,0.483611111111111
14,91,0.409166666666667
14,92,0.283333333333333
14,93,0.311111111111111
14,94,0.5375
14,95,0.485
14,96,0.209722222222222
14,97,0.460833333333333
14,98,0.521388888888889
14,99,1.32055555555556
14,100,0.801944444444444
15,1,0.786111111111111
15,2,0.708333333333333
15,3,0.643055555555556
15,4,0.380555555555555
15,5,1.81555555555556
15,6,0.4675
15,7,0.432777777777778
15,8,0.299444444444444
15,9,0.655
15,10,0.317777777777778
15,11,0.5575
15,12,0.417777777777778
15,13,0.735277777777778
15,14,0.445555555555556
15,15,0.0
15,16,0.395555555555555
15,17,0.423888888888889
15,18,2.29694444444444
15,19,0.317222222222222
15,20,0.836944444444444
15,21,0.386666666666667
15,22,0.601666666666667
15,23,2.42388888888889
15,24,0.395555555555555
15,25,0.505555555555556
15,26,0.595277777777778
15,27,0.496111111111111
15,28,0.33
15,29,0.297222222222222
15,30,1.155
15,31,0.073055555555556
15,32,0.391388888888889
15,33,0.179722222222222
15,34,0.375833333333333
15,35,0.295277777777778
15,36,0.764444444444445
15,37,0.5725
15,38,0.532777777777778
15,39,1.45916666666667
15,40,0.640833333333333
15,41,0.516944444444444
15,42,1.88972222222222
15,43,3.84583333333333
15,44,0.905277777777778
15,45,0.735
15,46,0.533333333333333
15,47,0.299444444444444
15,48,1.0675
15,49,2.29555555555556
15,50,2.73416666666667
15,51,0.739722222222222
15,52,2.63444444444444
15,53,0.615555555555556
15,54,0.637777777777778
15,55,0.565
15,56,2.66888888888889
15,57,0.156944444444444
15,58,0.861666666666667
15,59,2.10444444444444
15,60,0.819444444444444
15,61,1.10333333333333
15,62,0.278888888888889
15,63,0.585555555555556
15,64,2.36055555555556
15,65,1.19722222222222
15,66,0.558333333333333
15,67,0.410277777777778
15,68,0.878888888888889
15,69,0.595
15,70,0.591944444444444
15,71,0.708333333333333
15,72,1.98666666666667
15,73,0.420277777777778
15,74,1.21138888888889
15,75,0.308611111111111
15,76,0.31
15,77,2.51138888888889
15,78,0.639722222222222
15,79,2.04083333333333
15,80,0.888611111111111
15,81,0.471111111111111
15,82,0.892222222222222
15,83,0.554722222222222
15,84,1.98361111111111
15,85,1.21416666666667
15,86,0.866388888888889
15,87,2.61555555555556
15,88,0.665
15,89,0.423333333333333
15,90,0.470833333333333
15,91,0.308055555555556
15,92,0.231944444444444
15,93,0.615555555555556
15,94,0.513055555555556
15,95,0.383888888888889
15,96,0.332222222222222
15,97,0.218888888888889
15,98,0.420277777777778
15,99,1.40916666666667
15,100,0.892222222222222
16,1,0.889166666666667
16,2,0.742777777777778
16,3,0.378055555555555
16,4,0.511666666666667
16,5,1.94666666666667
16,6,0.570555555555556
16,7,0.303055555555556
16,8,0.435
16,9,0.299722222222222
16,10,0.336944444444444
16,11,0.202222222222222
16,12,0.179444444444444
16,13,0.838333333333333
16,14,0.576666666666667
16,15,0.505833333333333
16,16,0.0
16,17,0.313333333333333
16,18,2.4
16,19,0.448333333333333
16,20,0.94
16,21,0.517777777777778
16,22,0.732777777777778
16,23,2.56305555555556
16,24,0.201666666666667
16,25,0.636666666666667
16,26,0.24
16,27,0.597222222222222
16,28,0.351111111111111
16,29,0.313055555555555
16,30,1.165
16,31,0.421944444444444
16,32,0.138888888888889
16,33,0.446388888888889
16,34,0.252222222222222
16,35,0.296388888888889
16,36,0.895555555555555
16,37,0.703611111111111
16,38,0.663888888888889
16,39,1.56194444444444
16,40,0.339722222222222
16,41,0.62
16,42,1.9925
16,43,3.98527777777778
16,44,1.04472222222222
16,45,0.874444444444444
16,46,0.636388888888889
16,47,0.435
16,48,1.19833333333333
16,49,2.39861111111111
16,50,2.86527777777778
16,51,0.870833333333333
16,52,2.76527777777778
16,53,0.718333333333333
16,54,0.441666666666667
16,55,0.667777777777778
16,56,2.8
16,57,0.423611111111111
16,58,0.560277777777778
16,59,2.20722222222222
16,60,0.958611111111111
16,61,1.19722222222222
16,62,0.398333333333333
16,63,0.528611111111111
16,64,2.49166666666667
16,65,1.32833333333333
16,66,0.203055555555555
16,67,0.425
16,68,1.01
16,69,0.698055555555556
16,70,0.465
16,71,0.335833333333333
16,72,2.08972222222222
16,73,0.226388888888889
16,74,1.3425
16,75,0.421666666666667
16,76,0.425833333333333
16,77,2.6425
16,78,0.770833333333333
16,79,2.14361111111111
16,80,1.01972222222222
16,81,0.090277777777778
16,82,1.03138888888889
16,83,0.693888888888889
16,84,2.08666666666667
16,85,1.12027777777778
16,86,0.969444444444444
16,87,2.74666666666667
16,88,0.509166666666667
16,89,0.229444444444444
16,90,0.620833333333333
16,91,0.113888888888889
16,92,0.3625
16,93,0.718333333333333
16,94,0.616111111111111
16,95,0.260277777777778
16,96,0.463333333333333
16,97,0.485277777777778
16,98,0.226388888888889
16,99,1.2525
16,100,1.03138888888889
17,1,0.8475
17,2,0.806111111111111
17,3,0.556388888888889
17,4,0.47
17,5,1.905
17,6,0.528888888888889
17,7,0.116666666666667
17,8,0.393333333333333
17,9,0.477777777777778
17,10,0.2475
17,11,0.380555555555555
17,12,0.171388888888889
17,13,0.796666666666667
17,14,0.535
17,15,0.464444444444444
17,16,0.229444444444444
17,17,0.0
17,18,2.35833333333333
17,19,0.406944444444444
17,20,0.898333333333333
17,21,0.476111111111111
17,22,0.691111111111111
17,23,2.52138888888889
17,24,0.149166666666667
17,25,0.595
17,26,0.418333333333333
17,27,0.555555555555556
17,28,0.243055555555555
17,29,0.285277777777778
17,30,1.25277777777778
17,31,0.380277777777778
17,32,0.171388888888889
17,33,0.404722222222222
17,34,0.072777777777778
17,35,0.254166666666667
17,36,0.853888888888889
17,37,0.661944444444444
17,38,0.622222222222222
17,39,1.52055555555556
17,40,0.517777777777778
17,41,0.578333333333333
17,42,1.95111111111111
17,43,3.94361111111111
17,44,1.00305555555556
17,45,0.832777777777778
17,46,0.594722222222222
17,47,0.393333333333333
17,48,1.15694444444444
17,49,2.35694444444444
17,50,2.82361111111111
17,51,0.829166666666667
17,52,2.72388888888889
17,53,0.676944444444444
17,54,0.62
17,55,0.626388888888889
17,56,2.75833333333333
17,57,0.381944444444444
17,58,0.738333333333333
17,59,2.16583333333333
17,60,0.916944444444444
17,61,1.20111111111111
17,62,0.306111111111111
17,63,0.647222222222222
17,64,2.45
17,65,1.28694444444444
17,66,0.381388888888889
17,67,0.309722222222222
17,68,0.968333333333333
17,69,0.656388888888889
17,70,0.653333333333333
17,71,0.514166666666667
17,72,2.04805555555556
17,73,0.156666666666667
17,74,1.30083333333333
17,75,0.398611111111111
17,76,0.355555555555555
17,77,2.60083333333333
17,78,0.729166666666667
17,79,2.10222222222222
17,80,0.978055555555556
17,81,0.250555555555555
17,82,0.989722222222222
17,83,0.652222222222222
17,84,2.045
17,85,1.31194444444444
17,86,0.927777777777778
17,87,2.705
17,88,0.687222222222222
17,89,0.159722222222222
17,90,0.579166666666667
17,91,0.238888888888889
17,92,0.320833333333333
17,93,0.676944444444444
17,94,0.574722222222222
17,95,0.081111111111111
17,96,0.421666666666667
17,97,0.410555555555556
17,98,0.156666666666667
17,99,1.43055555555556
17,100,0.989722222222222
18,1,1.80388888888889
18,2,2.28694444444444
18,3,2.52972222222222
18,4,2.52166666666667
18,5,3.8475
18,6,2.35361111111111
18,7,2.54277777777778
18,8,2.43638888888889
18,9,2.66194444444444
18,10,2.48027777777778
18,11,2.66777777777778
18,12,2.52777777777778
18,13,1.87666666666667
18,14,2.43555555555556
18,15,2.41277777777778
18,16,2.50555555555556
18,17,2.53388888888889
18,18,0.0
18,19,2.45861111111111
18,20,2.26055555555556
18,21,2.16722222222222
18,22,2.63361111111111
18,23,2.27444444444444
18,24,2.50555555555556
18,25,2.5375
18,26,2.70833333333333
18,27,2.38083333333333
18,28,2.4925
18,29,2.48222222222222
18,30,2.16361111111111
18,31,2.41777777777778
18,32,2.50138888888889
18,33,2.44194444444444
18,34,2.48583333333333
18,35,2.48055555555556
18,36,2.79638888888889
18,37,2.60444444444444
18,38,2.56472222222222
18,39,2.90833333333333
18,40,2.5275
18,41,2.18138888888889
18,42,0.920277777777778
18,43,3.02583333333333
18,44,2.22166666666667
18,45,2.145
18,46,2.17222222222222
18,47,2.43638888888889
18,48,3.09916666666667
18,49,0.131666666666667
18,50,4.76611111111111
18,51,2.77166666666667
18,52,4.66611111111111
18,53,2.27361111111111
18,54,2.52444444444444
18,55,2.04
18,56,4.70055555555556
18,57,2.41944444444444
18,58,2.61861111111111
18,59,2.68666666666667
18,60,2.11138888888889
18,61,2.39138888888889
18,62,2.46416666666667
18,63,2.47222222222222
18,64,4.39222222222222
18,65,3.22916666666667
18,66,2.67138888888889
18,67,2.57277777777778
18,68,2.91083333333333
18,69,2.04583333333333
18,70,2.47861111111111
18,71,2.595
18,72,0.849722222222222
18,73,2.53027777777778
18,74,3.24333333333333
18,75,2.49916666666667
18,76,2.495
18,77,4.54305555555556
18,78,2.67138888888889
18,79,1.54
18,80,2.92027777777778
18,81,2.58111111111111
18,82,2.46416666666667
18,83,2.10555555555556
18,84,2.49555555555556
18,85,2.50222222222222
18,86,1.97833333333333
18,87,4.64722222222222
18,88,2.55166666666667
18,89,2.53333333333333
18,90,2.03222222222222
18,91,2.41805555555556
18,92,2.39138888888889
18,93,2.27361111111111
18,94,2.20527777777778
18,95,2.49388888888889
18,96,2.46194444444444
18,97,2.43
18,98,2.53027777777778
18,99,2.4175
18,100,2.46416666666667
19,1,0.760833333333333
19,2,0.684722222222222
19,3,0.602222222222222
19,4,0.149444444444444
19,5,1.79222222222222
19,6,0.446388888888889
19,7,0.397777777777778
19,8,0.091944444444444
19,9,0.62
19,10,0.359722222222222
19,11,0.522777777777778
19,12,0.382777777777778
19,13,0.709722222222222
19,14,0.366111111111111
19,15,0.347777777777778
19,16,0.360555555555556
19,17,0.388888888888889
19,18,2.27166666666667
19,19,0.0
19,20,0.815833333333333
19,21,0.363055555555556
19,22,0.578333333333333
19,23,2.40027777777778
19,24,0.360555555555556
19,25,0.482222222222222
19,26,0.560277777777778
19,27,0.416666666666667
19,28,0.373888888888889
19,29,0.315277777777778
19,30,1.13138888888889
19,31,0.252222222222222
19,32,0.356388888888889
19,33,0.285555555555555
19,34,0.340833333333333
19,35,0.313611111111111
19,36,0.740833333333333
19,37,0.549166666666667
19,38,0.509444444444444
19,39,1.43777777777778
19,40,0.6
19,41,0.495833333333333
19,42,1.86416666666667
19,43,3.8225
19,44,0.881944444444444
19,45,0.711666666666667
19,46,0.516388888888889
19,47,0.091944444444444
19,48,1.04388888888889
19,49,2.27
19,50,2.71055555555556
19,51,0.716388888888889
19,52,2.61083333333333
19,53,0.558611111111111
19,54,0.596944444444445
19,55,0.543888888888889
19,56,2.64527777777778
19,57,0.262777777777778
19,58,0.820833333333333
19,59,2.08305555555556
19,60,0.795833333333333
19,61,1.07972222222222
19,62,0.297222222222222
19,63,0.562222222222222
19,64,2.33694444444444
19,65,1.17388888888889
19,66,0.523333333333333
19,67,0.447777777777778
19,68,0.855277777777778
19,69,0.573888888888889
19,70,0.558611111111111
19,71,0.656111111111111
19,72,1.96138888888889
19,73,0.385277777777778
19,74,1.18805555555556
19,75,0.332222222222222
19,76,0.328055555555555
19,77,2.48777777777778
19,78,0.616111111111111
19,79,2.01527777777778
19,80,0.865
19,81,0.436111111111111
19,82,0.868611111111111
19,83,0.531111111111111
19,84,1.95833333333333
19,85,1.19083333333333
19,86,0.840833333333333
19,87,2.59194444444444
19,88,0.610833333333333
19,89,0.388333333333333
19,90,0.4475
19,91,0.273055555555555
19,92,0.147222222222222
19,93,0.558611111111111
19,94,0.491944444444444
19,95,0.348888888888889
19,96,0.154166666666667
19,97,0.324722222222222
19,98,0.385277777777778
19,99,1.38555555555556
19,100,0.868611111111111
20,1,0.762222222222222
20,2,0.709166666666667
20,3,0.858611111111111
20,4,0.832222222222222
20,5,2.16527777777778
20,6,0.660277777777778
20,7,0.849722222222222
20,8,0.746944444444444
20,9,0.990833333333333
20,10,0.796944444444444
20,11,0.974444444444444
20,12,0.834444444444444
20,13,0.711388888888889
20,14,0.764166666666667
20,15,0.731388888888889
20,16,0.8125
20,17,0.840833333333333
20,18,2.11583333333333
20,19,0.768888888888889
20,20,0.0
20,21,0.477777777777778
20,22,0.951388888888889
20,23,2.25027777777778
20,24,0.812222222222222
20,25,0.855277777777778
20,26,1.01222222222222
20,27,0.709444444444444
20,28,0.808888888888889
20,29,0.798611111111111
20,30,1.15583333333333
20,31,0.731388888888889
20,32,0.808333333333333
20,33,0.755833333333333
20,34,0.7925
20,35,0.796944444444444
20,36,1.11416666666667
20,37,0.922222222222222
20,38,0.8825
20,39,1.2175
20,40,0.856111111111111
20,41,0.48
20,42,1.70861111111111
20,43,3.6725
20,44,0.906388888888889
20,45,0.736111111111111
20,46,0.623888888888889
20,47,0.746944444444444
20,48,1.41694444444444
20,49,2.11444444444444
20,50,3.08388888888889
20,51,1.08944444444444
20,52,2.98388888888889
20,53,0.696111111111111
20,54,0.853333333333333
20,55,0.541111111111111
20,56,3.01833333333333
20,57,0.733055555555556
20,58,1.04111111111111
20,59,1.86277777777778
20,60,0.820277777777778
20,61,1.10416666666667
20,62,0.780555555555556
20,63,0.801111111111111
20,64,2.71027777777778
20,65,1.54694444444444
20,66,0.975277777777778
20,67,0.889166666666667
20,68,1.22861111111111
20,69,0.489166666666667
20,70,0.807222222222222
20,71,0.923611111111111
20,72,1.80555555555556
20,73,0.836944444444444
20,74,1.56111111111111
20,75,0.815555555555556
20,76,0.811388888888889
20,77,2.86083333333333
20,78,0.989444444444444
20,79,1.85972222222222
20,80,1.23833333333333
20,81,0.888055555555555
20,82,0.893055555555556
20,83,0.555555555555556
20,84,1.67222222222222
20,85,1.21527777777778
20,86,0.8425
20,87,2.965
20,88,0.880555555555556
20,89,0.840277777777778
20,90,0.4825
20,91,0.725
20,92,0.701666666666667
20,93,0.696111111111111
20,94,0.373888888888889
20,95,0.800833333333333
20,96,0.800555555555555
20,97,0.746388888888889
20,98,0.837222222222222
20,99,1.41
20,100,0.893055555555556
21,1,0.440833333333333
21,2,0.399166666666667
21,3,0.511666666666667
21,4,0.485555555555556
21,5,1.81861111111111
21,6,0.313611111111111
21,7,0.503055555555556
21,8,0.400277777777778
21,9,0.643888888888889
21,10,0.45
21,11,0.627777777777778
21,12,0.487777777777778
21,13,0.389722222222222
21,14,0.4175
21,15,0.384722222222222
21,16,0.465833333333333
21,17,0.493888888888889
21,18,1.95166666666667
21,19,0.422222222222222
21,20,0.478333333333333
21,21,0.0
21,22,0.604722222222222
21,23,2.11472222222222
21,24,0.465555555555556
21,25,0.508611111111111
21,26,0.665555555555556
21,27,0.362777777777778
21,28,0.462222222222222
21,29,0.451944444444444
21,30,0.845833333333333
21,31,0.384722222222222
21,32,0.461666666666667
21,33,0.408888888888889
21,34,0.445833333333333
21,35,0.450277777777778
21,36,0.7675
21,37,0.575555555555556
21,38,0.535833333333333
21,39,1.10055555555556
21,40,0.509444444444444
21,41,0.171666666666667
21,42,1.54416666666667
21,43,3.53694444444444
21,44,0.596388888888889
21,45,0.425833333333333
21,46,0.314166666666667
21,47,0.400277777777778
21,48,1.07027777777778
21,49,1.95
21,50,2.73722222222222
21,51,0.742777777777778
21,52,2.63722222222222
21,53,0.386111111111111
21,54,0.506388888888889
21,55,0.219444444444444
21,56,2.67166666666667
21,57,0.386388888888889
21,58,0.730277777777778
21,59,1.74583333333333
21,60,0.510277777777778
21,61,0.794166666666667
21,62,0.433888888888889
21,63,0.454444444444444
21,64,2.36333333333333
21,65,1.20027777777778
21,66,0.628611111111111
21,67,0.5425
21,68,0.881666666666667
21,69,0.249444444444444
21,70,0.460555555555555
21,71,0.576944444444445
21,72,1.64138888888889
21,73,0.490277777777778
21,74,1.21444444444444
21,75,0.468888888888889
21,76,0.464722222222222
21,77,2.51416666666667
21,78,0.6425
21,79,1.69527777777778
21,80,0.891388888888889
21,81,0.541111111111111
21,82,0.583055555555555
21,83,0.245555555555555
21,84,1.63833333333333
21,85,0.905
21,86,0.520833333333333
21,87,2.61833333333333
21,88,0.533611111111111
21,89,0.493333333333333
21,90,0.1725
21,91,0.378055555555555
21,92,0.355
21,93,0.386111111111111
21,94,0.154444444444444
21,95,0.453888888888889
21,96,0.453888888888889
21,97,0.399722222222222
21,98,0.490277777777778
21,99,1.1
21,100,0.583055555555555
22,1,0.896944444444444
22,2,0.834166666666667
22,3,0.753888888888889
22,4,0.618611111111111
22,5,1.58138888888889
22,6,0.578333333333333
22,7,0.669166666666667
22,8,0.533333333333333
22,9,0.886111111111111
22,10,0.577222222222222
22,11,0.793888888888889
22,12,0.653888888888889
22,13,0.846111111111111
22,14,0.659722222222222
22,15,0.51
22,16,0.631666666666667
22,17,0.66
22,18,2.40777777777778
22,19,0.555277777777778
22,20,0.947777777777778
22,21,0.5125
22,22,0.0
22,23,2.54972222222222
22,24,0.631666666666667
22,25,0.189722222222222
22,26,0.831388888888889
22,27,0.605
22,28,0.589166666666667
22,29,0.579166666666667
22,30,1.28083333333333
22,31,0.514444444444445
22,32,0.6275
22,33,0.538888888888889
22,34,0.611944444444444
22,35,0.577222222222222
22,36,0.279166666666667
22,37,0.109444444444444
22,38,0.179722222222222
22,39,1.52611111111111
22,40,0.751666666666667
22,41,0.627777777777778
22,42,2.00027777777778
22,43,3.97166666666667
22,44,1.03111111111111
22,45,0.860833333333333
22,46,0.644166666666667
22,47,0.533333333333333
22,48,0.833333333333333
22,49,2.40638888888889
22,50,2.5
22,51,0.496388888888889
22,52,2.40027777777778
22,53,0.726388888888889
22,54,0.748611111111111
22,55,0.675833333333333
22,56,2.43472222222222
22,57,0.516111111111111
22,58,0.9725
22,59,2.215
22,60,0.945
22,61,1.22916666666667
22,62,0.560833333333333
22,63,0.696388888888889
22,64,2.12638888888889
22,65,0.899722222222222
22,66,0.794444444444444
22,67,0.669722222222222
22,68,0.644722222222222
22,69,0.705833333333333
22,70,0.702777777777778
22,71,0.819166666666667
22,72,2.0975
22,73,0.656388888888889
22,74,0.9775
22,75,0.595833333333333
22,76,0.591944444444444
22,77,2.27722222222222
22,78,0.182222222222222
22,79,2.15138888888889
22,80,0.390833333333333
22,81,0.707222222222222
22,82,1.01777777777778
22,83,0.680555555555556
22,84,2.09444444444444
22,85,1.34
22,86,0.977222222222222
22,87,2.38138888888889
22,88,0.775833333333333
22,89,0.659444444444445
22,90,0.596666666666667
22,91,0.544166666666667
22,92,0.488055555555556
22,93,0.726388888888889
22,94,0.623888888888889
22,95,0.62
22,96,0.570277777777778
22,97,0.526944444444444
22,98,0.656388888888889
22,99,1.535
22,100,1.01777777777778
23,1,1.83666666666667
23,2,1.91555555555556
23,3,2.22694444444444
23,4,2.51555555555556
23,5,3.84111111111111
23,6,2.37361111111111
23,7,2.56611111111111
23,8,2.43027777777778
23,9,2.36805555555556
23,10,2.47416666666667
23,11,2.38166666666667
23,12,2.55083333333333
23,13,1.90944444444444
23,14,2.40444444444444
23,15,2.40666666666667
23,16,2.52888888888889
23,17,2.55694444444444
23,18,2.22
23,19,2.45222222222222
23,20,2.26666666666667
23,21,2.15583333333333
23,22,2.62722222222222
23,23,0.0
23,24,2.52861111111111
23,25,2.53138888888889
23,26,2.41416666666667
23,27,2.36833333333333
23,28,2.48638888888889
23,29,2.47611111111111
23,30,1.57666666666667
23,31,2.41166666666667
23,32,2.52472222222222
23,33,2.43583333333333
23,34,2.50888888888889
23,35,2.47416666666667
23,36,2.79
23,37,2.59833333333333
23,38,2.55861111111111
23,39,2.91444444444444
23,40,2.22472222222222
23,41,2.21138888888889
23,42,1.81333333333333
23,43,1.49027777777778
23,44,1.69722222222222
23,45,2.04527777777778
23,46,2.20361111111111
23,47,2.43027777777778
23,48,3.09305555555556
23,49,2.21833333333333
23,50,4.75972222222222
23,51,2.76555555555556
23,52,4.66
23,53,2.15638888888889
23,54,2.20416666666667
23,55,2.08055555555556
23,56,4.69444444444444
23,57,2.41333333333333
23,58,2.2475
23,59,3.57194444444444
23,60,2.12972222222222
23,61,1.84527777777778
23,62,2.45777777777778
23,63,2.18777777777778
23,64,4.38611111111111
23,65,3.22305555555556
23,66,2.37722222222222
23,67,2.56666666666667
23,68,2.90444444444444
23,69,2.07861111111111
23,70,2.27111111111111
23,71,2.30194444444444
23,72,1.89972222222222
23,73,2.55333333333333
23,74,3.23722222222222
23,75,2.49305555555556
23,76,2.48888888888889
23,77,4.53694444444444
23,78,2.66527777777778
23,79,2.425
23,80,2.91416666666667
23,81,2.60416666666667
23,82,1.93972222222222
23,83,2.00083333333333
23,84,2.51138888888889
23,85,1.95638888888889
23,86,2.01111111111111
23,87,4.64111111111111
23,88,2.31527777777778
23,89,2.55638888888889
23,90,2.06694444444444
23,91,2.44111111111111
23,92,2.385
23,93,2.15638888888889
23,94,2.21611111111111
23,95,2.51694444444444
23,96,2.46361111111111
23,97,2.42388888888889
23,98,2.55333333333333
23,99,1.83083333333333
23,100,1.93972222222222
24,1,0.855277777777778
24,2,0.813611111111111
24,3,0.546388888888889
24,4,0.477777777777778
24,5,1.91277777777778
24,6,0.536388888888889
24,7,0.173611111111111
24,8,0.401111111111111
24,9,0.468055555555555
24,10,0.292222222222222
24,11,0.370833333333333
24,12,0.106944444444444
24,13,0.804166666666667
24,14,0.542777777777778
24,15,0.471944444444444
24,16,0.219722222222222
24,17,0.196666666666667
24,18,2.36611111111111
24,19,0.414444444444444
24,20,0.906111111111111
24,21,0.483611111111111
24,22,0.698888888888889
24,23,2.52916666666667
24,24,0.0
24,25,0.602777777777778
24,26,0.408333333333333
24,27,0.563055555555555
24,28,0.275
24,29,0.292777777777778
24,30,1.26027777777778
24,31,0.388055555555555
24,32,0.141944444444444
24,33,0.412222222222222
24,34,0.084166666666667
24,35,0.276111111111111
24,36,0.861388888888889
24,37,0.669722222222222
24,38,0.63
24,39,1.52805555555556
24,40,0.508055555555556
24,41,0.586111111111111
24,42,1.95861111111111
24,43,3.95111111111111
24,44,1.01055555555556
24,45,0.840277777777778
24,46,0.602222222222222
24,47,0.401111111111111
24,48,1.16444444444444
24,49,2.36444444444444
24,50,2.83111111111111
24,51,0.836944444444444
24,52,2.73138888888889
24,53,0.684444444444444
24,54,0.610277777777778
24,55,0.633888888888889
24,56,2.76583333333333
24,57,0.389722222222222
24,58,0.728611111111111
24,59,2.17333333333333
24,60,0.924722222222222
24,61,1.20861111111111
24,62,0.337777777777778
24,63,0.654722222222222
24,64,2.4575
24,65,1.29444444444444
24,66,0.371388888888889
24,67,0.341666666666667
24,68,0.975833333333333
24,69,0.663888888888889
24,70,0.660833333333333
24,71,0.504166666666667
24,72,2.05583333333333
24,73,0.024166666666667
24,74,1.30861111111111
24,75,0.387777777777778
24,76,0.3875
24,77,2.60833333333333
24,78,0.736666666666667
24,79,2.10972222222222
24,80,0.985555555555556
24,81,0.202777777777778
24,82,0.9975
24,83,0.66
24,84,2.05277777777778
24,85,1.28861111111111
24,86,0.935277777777778
24,87,2.7125
24,88,0.6775
24,89,0.027222222222222
24,90,0.586944444444444
24,91,0.229166666666667
24,92,0.328333333333333
24,93,0.684444444444444
24,94,0.582222222222222
24,95,0.086111111111111
24,96,0.429444444444444
24,97,0.4425
24,98,0.024166666666667
24,99,1.42083333333333
24,100,0.9975
25,1,0.8625
25,2,0.799722222222222
25,3,0.719444444444444
25,4,0.584166666666667
25,5,1.53666666666667
25,6,0.543888888888889
25,7,0.634722222222222
25,8,0.498888888888889
25,9,0.851666666666667
25,10,0.542777777777778
25,11,0.759444444444444
25,12,0.619444444444444
25,13,0.811666666666667
25,14,0.625277777777778
25,15,0.475555555555555
25,16,0.597222222222222
25,17,0.625555555555555
25,18,2.37333333333333
25,19,0.520833333333333
25,20,0.913333333333333
25,21,0.478055555555556
25,22,0.218333333333333
25,23,2.51527777777778
25,24,0.597222222222222
25,25,0.0
25,26,0.796944444444444
25,27,0.570555555555556
25,28,0.554722222222222
25,29,0.544722222222222
25,30,1.24638888888889
25,31,0.48
25,32,0.593055555555556
25,33,0.504444444444444
25,34,0.5775
25,35,0.542777777777778
25,36,0.382777777777778
25,37,0.189166666666667
25,38,0.065833333333333
25,39,1.48111111111111
25,40,0.717222222222222
25,41,0.593333333333333
25,42,1.96583333333333
25,43,3.93722222222222
25,44,0.996666666666667
25,45,0.826388888888889
25,46,0.609722222222222
25,47,0.498888888888889
25,48,0.788333333333333
25,49,2.37194444444444
25,50,2.45527777777778
25,51,0.465277777777778
25,52,2.35527777777778
25,53,0.691944444444444
25,54,0.714166666666667
25,55,0.641388888888889
25,56,2.38972222222222
25,57,0.481666666666667
25,58,0.938055555555555
25,59,2.18055555555556
25,60,0.910555555555555
25,61,1.19472222222222
25,62,0.526388888888889
25,63,0.661944444444444
25,64,2.08138888888889
25,65,0.922777777777778
25,66,0.76
25,67,0.635277777777778
25,68,0.6
25,69,0.671388888888889
25,70,0.668333333333333
25,71,0.784722222222222
25,72,2.06305555555556
25,73,0.621944444444444
25,74,0.9325
25,75,0.561388888888889
25,76,0.5575
25,77,2.23222222222222
25,78,0.341111111111111
25,79,2.11694444444444
25,80,0.494444444444444
25,81,0.672777777777778
25,82,0.983333333333333
25,83,0.646111111111111
25,84,2.06
25,85,1.30555555555556
25,86,0.942777777777778
25,87,2.33638888888889
25,88,0.741388888888889
25,89,0.625
25,90,0.562222222222222
25,91,0.509722222222222
25,92,0.453611111111111
25,93,0.691944444444444
25,94,0.589444444444444
25,95,0.585555555555556
25,96,0.535833333333333
25,97,0.4925
25,98,0.621944444444444
25,99,1.50055555555556
25,100,0.983333333333333
26,1,1.03361111111111
26,2,0.672777777777778
26,3,0.2975
26,4,0.558055555555556
26,5,2.09111111111111
26,6,0.715
26,7,0.4475
26,8,0.579444444444444
26,9,0.138333333333333
26,10,0.515555555555556
26,11,0.098333333333333
26,12,0.323888888888889
26,13,0.982777777777778
26,14,0.608333333333333
26,15,0.650277777777778
26,16,0.2875
26,17,0.457777777777778
26,18,2.54444444444444
26,19,0.592777777777778
26,20,1.08444444444444
26,21,0.707222222222222
26,22,0.877222222222222
26,23,2.45972222222222
26,24,0.346111111111111
26,25,0.781111111111111
26,26,0.0
26,27,0.591388888888889
26,28,0.529722222222222
26,29,0.491944444444444
26,30,1.1
26,31,0.566388888888889
26,32,0.283333333333333
26,33,0.590833333333333
26,34,0.396388888888889
26,35,0.475277777777778
26,36,1.04
26,37,0.848055555555555
26,38,0.808333333333333
26,39,1.70638888888889
26,40,0.269444444444444
26,41,0.764444444444445
26,42,2.13694444444444
26,43,3.88194444444444
26,44,0.941388888888889
26,45,0.86
26,46,0.704722222222222
26,47,0.579444444444444
26,48,1.34277777777778
26,49,2.54305555555556
26,50,3.00972222222222
26,51,1.01527777777778
26,52,2.90972222222222
26,53,0.696388888888889
26,54,0.371666666666667
26,55,0.858333333333333
26,56,2.94416666666667
26,57,0.568055555555556
26,58,0.479444444444444
26,59,2.35166666666667
26,60,0.944166666666667
26,61,1.13194444444444
26,62,0.577222222222222
26,63,0.458611111111111
26,64,2.63611111111111
26,65,1.47277777777778
26,66,0.053888888888889
26,67,0.603888888888889
26,68,1.15444444444444
26,69,0.8425
26,70,0.395
26,71,0.255
26,72,2.23416666666667
26,73,0.370833333333333
26,74,1.48694444444444
26,75,0.566111111111111
26,76,0.561944444444444
26,77,2.78666666666667
26,78,0.915277777777778
26,79,2.28805555555556
26,80,1.16416666666667
26,81,0.255833333333333
26,82,0.928055555555556
26,83,0.785833333333333
26,84,2.23111111111111
26,85,1.055
26,86,1.11388888888889
26,87,2.89083333333333
26,88,0.438888888888889
26,89,0.373888888888889
26,90,0.765277777777778
26,91,0.336111111111111
26,92,0.506944444444444
26,93,0.696388888888889
26,94,0.760555555555555
26,95,0.404722222222222
26,96,0.607777777777778
26,97,0.629722222222222
26,98,0.370833333333333
26,99,1.18722222222222
26,100,0.928055555555556
27,1,0.693888888888889
27,2,0.581666666666667
27,3,0.372222222222222
27,4,0.446388888888889
27,5,1.83444444444444
27,6,0.396666666666667
27,7,0.533333333333333
27,8,0.440833333333333
27,9,0.504444444444444
27,10,0.4675
27,11,0.518055555555556
27,12,0.518055555555556
27,13,0.643055555555556
27,14,0.230555555555555
27,15,0.4
27,16,0.496111111111111
27,17,0.524444444444444
27,18,2.20472222222222
27,19,0.424722222222222
27,20,0.758333333333333
27,21,0.296388888888889
27,22,0.620555555555556
27,23,2.34944444444444
27,24,0.495833333333333
27,25,0.524444444444444
27,26,0.550833333333333
27,27,0.0
27,28,0.479444444444444
27,29,0.469166666666667
27,30,1.08055555555556
27,31,0.404722222222222
27,32,0.491944444444444
27,33,0.429166666666667
27,34,0.476111111111111
27,35,0.4675
27,36,0.783333333333333
27,37,0.591388888888889
27,38,0.551666666666667
27,39,1.38027777777778
27,40,0.37
27,41,0.446388888888889
27,42,1.7975
27,43,3.77138888888889
27,44,0.830833333333333
27,45,0.639444444444445
27,46,0.300555555555556
27,47,0.440833333333333
27,48,1.08638888888889
27,49,2.20333333333333
27,50,2.75305555555556
27,51,0.758611111111111
27,52,2.65333333333333
27,53,0.283055555555555
27,54,0.366944444444444
27,55,0.454166666666667
27,56,2.68777777777778
27,57,0.406388888888889
27,58,0.590833333333333
27,59,2.02555555555556
27,60,0.723888888888889
27,61,1.02888888888889
27,62,0.451111111111111
27,63,0.314722222222222
27,64,2.37944444444444
27,65,1.21611111111111
27,66,0.513888888888889
27,67,0.56
27,68,0.897777777777778
27,69,0.524166666666667
27,70,0.321111111111111
27,71,0.4375
27,72,1.89472222222222
27,73,0.520555555555555
27,74,1.23027777777778
27,75,0.486111111111111
27,76,0.481944444444444
27,77,2.53027777777778
27,78,0.658611111111111
27,79,1.94861111111111
27,80,0.9075
27,81,0.571666666666667
27,82,0.8175
27,83,0.381944444444444
27,84,1.89166666666667
27,85,1.13972222222222
27,86,0.774166666666667
27,87,2.63444444444444
27,88,0.394166666666667
27,89,0.523888888888889
27,90,0.380555555555555
27,91,0.408611111111111
27,92,0.402222222222222
27,93,0.283055555555555
27,94,0.434444444444444
27,95,0.484444444444444
27,96,0.335
27,97,0.417222222222222
27,98,0.520833333333333
27,99,1.28305555555556
27,100,0.8175
28,1,0.855277777777778
28,2,0.792222222222222
28,3,0.693611111111111
28,4,0.454722222222222
28,5,1.89722222222222
28,6,0.536388888888889
28,7,0.182777777777778
28,8,0.374444444444444
28,9,0.615277777777778
28,10,0.103333333333333
28,11,0.517777777777778
28,12,0.308611111111111
28,13,0.804166666666667
28,14,0.519444444444444
28,15,0.342777777777778
28,16,0.365833333333333
28,17,0.168333333333333
28,18,2.36611111111111
28,19,0.391388888888889
28,20,0.906111111111111
28,21,0.470555555555556
28,22,0.683333333333333
28,23,2.50777777777778
28,24,0.286388888888889
28,25,0.587222222222222
28,26,0.555555555555556
28,27,0.570277777777778
28,28,0.0
28,29,0.138888888888889
28,30,1.23888888888889
28,31,0.301944444444444
28,32,0.308611111111111
28,33,0.321111111111111
28,34,0.228888888888889
28,35,0.078055555555556
28,36,0.846111111111111
28,37,0.654166666666667
28,38,0.614444444444444
28,39,1.52805555555556
28,40,0.655
28,41,0.586111111111111
28,42,1.95861111111111
28,43,3.93
28,44,0.989444444444444
28,45,0.819166666666667
28,46,0.6025
28,47,0.374444444444444
28,48,1.14916666666667
28,49,2.36444444444444
28,50,2.81583333333333
28,51,0.821388888888889
28,52,2.71611111111111
28,53,0.684444444444444
28,54,0.706944444444444
28,55,0.633888888888889
28,56,2.75055555555556
28,57,0.293333333333333
28,58,0.875833333333333
28,59,2.17333333333333
28,60,0.903333333333333
28,61,1.18722222222222
28,62,0.120555555555555
28,63,0.654722222222222
28,64,2.44222222222222
28,65,1.27916666666667
28,66,0.518611111111111
28,67,0.124444444444444
28,68,0.960555555555556
28,69,0.664166666666667
28,70,0.660833333333333
28,71,0.651388888888889
28,72,2.05583333333333
28,73,0.311111111111111
28,74,1.29305555555556
28,75,0.213333333333333
28,76,0.170277777777778
28,77,2.59305555555556
28,78,0.721388888888889
28,79,2.10972222222222
28,80,0.970277777777778
28,81,0.387777777777778
28,82,0.976111111111111
28,83,0.638611111111111
28,84,2.05277777777778
28,85,1.29833333333333
28,86,0.935277777777778
28,87,2.69722222222222
28,88,0.734166666666667
28,89,0.314444444444444
28,90,0.555
28,91,0.278055555555555
28,92,0.306111111111111
28,93,0.684444444444444
28,94,0.582222222222222
28,95,0.237222222222222
28,96,0.406388888888889
28,97,0.225277777777778
28,98,0.311388888888889
28,99,1.49305555555556
28,100,0.976111111111111
29,1,0.8225
29,2,0.780833333333333
29,3,0.630833333333333
29,4,0.445
29,5,1.88
29,6,0.503888888888889
29,7,0.231944444444444
29,8,0.368333333333333
29,9,0.552222222222222
29,10,0.115555555555555
29,11,0.455
29,12,0.309444444444444
29,13,0.771666666666667
29,14,0.51
29,15,0.383611111111111
29,16,0.270555555555555
29,17,0.208888888888889
29,18,2.33333333333333
29,19,0.381944444444444
29,20,0.873333333333333
29,21,0.451111111111111
29,22,0.666111111111111
29,23,2.49638888888889
29,24,0.287222222222222
29,25,0.57
29,26,0.4925
29,27,0.530555555555556
29,28,0.1275
29,29,0.0
29,30,1.2275
29,31,0.333333333333333
29,32,0.288888888888889
29,33,0.347222222222222
29,34,0.269444444444444
29,35,0.095277777777778
29,36,0.828888888888889
29,37,0.636944444444444
29,38,0.597222222222222
29,39,1.49527777777778
29,40,0.592222222222222
29,41,0.553333333333333
29,42,1.92583333333333
29,43,3.91861111111111
29,44,0.978055555555556
29,45,0.807777777777778
29,46,0.569722222222222
29,47,0.368333333333333
29,48,1.13166666666667
29,49,2.33194444444444
29,50,2.79861111111111
29,51,0.804166666666667
29,52,2.69861111111111
29,53,0.651944444444444
29,54,0.674166666666667
29,55,0.601388888888889
29,56,2.73333333333333
29,57,0.319444444444444
29,58,0.812777777777778
29,59,2.14055555555556
29,60,0.891944444444444
29,61,1.17583333333333
29,62,0.126388888888889
29,63,0.621944444444444
29,64,2.425
29,65,1.26166666666667
29,66,0.455555555555555
29,67,0.207777777777778
29,68,0.943333333333333
29,69,0.631388888888889
29,70,0.628333333333333
29,71,0.588333333333333
29,72,2.02305555555556
29,73,0.311944444444444
29,74,1.27583333333333
29,75,0.217222222222222
29,76,0.174166666666667
29,77,2.57583333333333
29,78,0.704166666666667
29,79,2.07694444444444
29,80,0.953055555555556
29,81,0.346111111111111
29,82,0.964722222222222
29,83,0.627222222222222
29,84,2.02
29,85,1.28694444444444
29,86,0.902777777777778
29,87,2.68
29,88,0.701388888888889
29,89,0.315
29,90,0.554166666666667
29,91,0.183055555555555
29,92,0.295833333333333
29,93,0.651944444444444
29,94,0.549444444444444
29,95,0.2775
29,96,0.396666666666667
29,97,0.280833333333333
29,98,0.311944444444444
29,99,1.505
29,100,0.964722222222222
30,1,1.07277777777778
30,2,0.675833333333333
30,3,0.951666666666667
30,4,1.27611111111111
30,5,2.60166666666667
30,6,1.13416666666667
30,7,1.32638888888889
30,8,1.19083333333333
30,9,0.994444444444444
30,10,1.23472222222222
30,11,1.00833333333333
30,12,1.27388888888889
30,13,1.03222222222222
30,14,1.165
30,15,1.16722222222222
30,16,1.23722222222222
30,17,1.3175
30,18,2.07277777777778
30,19,1.21277777777778
30,20,1.30055555555556
30,21,0.916388888888889
30,22,1.38777777777778
30,23,1.66833333333333
30,24,1.29583333333333
30,25,1.29194444444444
30,26,1.04083333333333
30,27,1.12888888888889
30,28,1.24666666666667
30,29,1.23666666666667
30,30,0.0
30,31,1.17194444444444
30,32,1.23305555555556
30,33,1.19638888888889
30,34,1.26944444444444
30,35,1.23472222222222
30,36,1.55055555555556
30,37,1.35861111111111
30,38,1.31888888888889
30,39,1.9225
30,40,0.893611111111111
30,41,0.971944444444444
30,42,1.66527777777778
30,43,3.09055555555556
30,44,0.457777777777778
30,45,0.805833333333333
30,46,0.964166666666667
30,47,1.19083333333333
30,48,1.85361111111111
30,49,2.07111111111111
30,50,3.52027777777778
30,51,1.52583333333333
30,52,3.42055555555556
30,53,0.916944444444444
30,54,0.964722222222222
30,55,0.841111111111111
30,56,3.455
30,57,1.17361111111111
30,58,0.701944444444445
30,59,2.56777777777778
30,60,0.89
30,61,0.5425
30,62,1.21833333333333
30,63,0.948333333333333
30,64,3.14666666666667
30,65,1.98361111111111
30,66,1.00388888888889
30,67,1.32722222222222
30,68,1.665
30,69,0.973888888888889
30,70,1.01916666666667
30,71,0.926666666666666
30,72,1.7625
30,73,1.32055555555556
30,74,1.99777777777778
30,75,1.25333333333333
30,76,1.24944444444444
30,77,3.2975
30,78,1.42583333333333
30,79,1.81638888888889
30,80,1.67472222222222
30,81,1.20583333333333
30,82,0.7
30,83,0.761388888888889
30,84,1.7475
30,85,0.638888888888889
30,86,1.12166666666667
30,87,3.40166666666667
30,88,1.06305555555556
30,89,1.32388888888889
30,90,0.8275
30,91,1.20166666666667
30,92,1.14555555555556
30,93,0.916944444444444
30,94,0.976666666666667
30,95,1.2775
30,96,1.22388888888889
30,97,1.18444444444444
30,98,1.32083333333333
30,99,0.334444444444444
30,100,0.7
31,1,0.830277777777778
31,2,0.745555555555556
31,3,0.663055555555555
31,4,0.424722222222222
31,5,1.85277777777778
31,6,0.511666666666667
31,7,0.318333333333333
31,8,0.343333333333333
31,9,0.699166666666667
31,10,0.217222222222222
31,11,0.601666666666667
31,12,0.461944444444444
31,13,0.779444444444444
31,14,0.489444444444444
31,15,0.176944444444444
31,16,0.439722222222222
31,17,0.338055555555555
31,18,2.34111111111111
31,19,0.361388888888889
31,20,0.881111111111111
31,21,0.423888888888889
31,22,0.638888888888889
31,23,2.46111111111111
31,24,0.439722222222222
31,25,0.542777777777778
31,26,0.639444444444445
31,27,0.540277777777778
31,28,0.229444444444444
31,29,0.267222222222222
31,30,1.19222222222222
31,31,0.0
31,32,0.435555555555555
31,33,0.178611111111111
31,34,0.411388888888889
31,35,0.218333333333333
31,36,0.801666666666667
31,37,0.609722222222222
31,38,0.57
31,39,1.50305555555556
31,40,0.660555555555556
31,41,0.561111111111111
31,42,1.93361111111111
31,43,3.88305555555556
31,44,0.9425
31,45,0.772222222222222
31,46,0.553055555555556
31,47,0.343333333333333
31,48,1.10472222222222
31,49,2.33972222222222
31,50,2.77138888888889
31,51,0.776944444444444
31,52,2.67166666666667
31,53,0.635277777777778
31,54,0.657777777777778
31,55,0.609166666666667
31,56,2.70611111111111
31,57,0.150833333333333
31,58,0.881666666666667
31,59,2.14833333333333
31,60,0.856666666666667
31,61,1.14055555555556
31,62,0.285
31,63,0.605555555555555
31,64,2.39777777777778
31,65,1.23444444444444
31,66,0.6025
31,67,0.309722222222222
31,68,0.916111111111111
31,69,0.639166666666667
31,70,0.611666666666667
31,71,0.728055555555556
31,72,2.03083333333333
31,73,0.464444444444444
31,74,1.24861111111111
31,75,0.2275
31,76,0.263611111111111
31,77,2.54861111111111
31,78,0.676944444444444
31,79,2.085
31,80,0.925833333333333
31,81,0.515277777777778
31,82,0.929444444444444
31,83,0.591944444444444
31,84,2.02777777777778
31,85,1.25138888888889
31,86,0.910555555555555
31,87,2.65277777777778
31,88,0.685
31,89,0.4675
31,90,0.508055555555556
31,91,0.352222222222222
31,92,0.276111111111111
31,93,0.635277777777778
31,94,0.557222222222222
31,95,0.405
31,96,0.376388888888889
31,97,0.059444444444444
31,98,0.464444444444444
31,99,1.44638888888889
31,100,0.929444444444444
32,1,0.867777777777778
32,2,0.826388888888889
32,3,0.482777777777778
32,4,0.490277777777778
32,5,1.92527777777778
32,6,0.549166666666667
32,7,0.245
32,8,0.413611111111111
32,9,0.404444444444444
32,10,0.35
32,11,0.306944444444444
32,12,0.078055555555556
32,13,0.816944444444444
32,14,0.555277777777778
32,15,0.484722222222222
32,16,0.155277777777778
32,17,0.255277777777778
32,18,2.37861111111111
32,19,0.427222222222222
32,20,0.918611111111111
32,21,0.496388888888889
32,22,0.711388888888889
32,23,2.54194444444444
32,24,0.120277777777778
32,25,0.615555555555556
32,26,0.344722222222222
32,27,0.575833333333333
32,28,0.341666666666667
32,29,0.326111111111111
32,30,1.26972222222222
32,31,0.400833333333333
32,32,0.0
32,33,0.425
32,34,0.194166666666667
32,35,0.309444444444444
32,36,0.874166666666667
32,37,0.682222222222222
32,38,0.6425
32,39,1.54083333333333
32,40,0.444444444444444
32,41,0.598611111111111
32,42,1.97138888888889
32,43,3.96388888888889
32,44,1.02333333333333
32,45,0.853055555555556
32,46,0.615
32,47,0.413611111111111
32,48,1.17722222222222
32,49,2.37722222222222
32,50,2.84388888888889
32,51,0.849444444444444
32,52,2.74416666666667
32,53,0.697222222222222
32,54,0.546388888888889
32,55,0.646666666666667
32,56,2.77861111111111
32,57,0.4025
32,58,0.665
32,59,2.18611111111111
32,60,0.937222222222222
32,61,1.22138888888889
32,62,0.411666666666667
32,63,0.633333333333333
32,64,2.47027777777778
32,65,1.30722222222222
32,66,0.307777777777778
32,67,0.408333333333333
32,68,0.988611111111111
32,69,0.676666666666667
32,70,0.569722222222222
32,71,0.440555555555555
32,72,2.06861111111111
32,73,0.144722222222222
32,74,1.32138888888889
32,75,0.400555555555555
32,76,0.396388888888889
32,77,2.62111111111111
32,78,0.749444444444444
32,79,2.1225
32,80,0.998333333333333
32,81,0.1
32,82,1.01
32,83,0.672777777777778
32,84,2.06527777777778
32,85,1.225
32,86,0.948055555555555
32,87,2.72527777777778
32,88,0.613888888888889
32,89,0.148055555555556
32,90,0.599444444444444
32,91,0.170277777777778
32,92,0.341111111111111
32,93,0.697222222222222
32,94,0.595
32,95,0.1925
32,96,0.441944444444444
32,97,0.464166666666667
32,98,0.145
32,99,1.35722222222222
32,100,1.01
33,1,0.798333333333333
33,2,0.720277777777778
33,3,0.655277777777778
33,4,0.390277777777778
33,5,1.8275
33,6,0.479444444444444
33,7,0.333611111111111
33,8,0.306111111111111
33,9,0.664722222222222
33,10,0.2325
33,11,0.5675
33,12,0.4275
33,13,0.747222222222222
33,14,0.455277777777778
33,15,0.251111111111111
33,16,0.405555555555555
33,17,0.353333333333333
33,18,2.30916666666667
33,19,0.326944444444444
33,20,0.849166666666667
33,21,0.398611111111111
33,22,0.613888888888889
33,23,2.43583333333333
33,24,0.405277777777778
33,25,0.517777777777778
33,26,0.605277777777778
33,27,0.506111111111111
33,28,0.244722222222222
33,29,0.2825
33,30,1.16694444444444
33,31,0.191666666666667
33,32,0.401388888888889
33,33,0.0
33,34,0.385555555555555
33,35,0.233611111111111
33,36,0.776388888888889
33,37,0.584722222222222
33,38,0.545
33,39,1.47111111111111
33,40,0.652777777777778
33,41,0.529166666666667
33,42,1.90166666666667
33,43,3.85805555555556
33,44,0.9175
33,45,0.747222222222222
33,46,0.545277777777778
33,47,0.306111111111111
33,48,1.07944444444444
33,49,2.3075
33,50,2.74611111111111
33,51,0.751944444444444
33,52,2.64638888888889
33,53,0.6275
33,54,0.65
33,55,0.576944444444445
33,56,2.68083333333333
33,57,0.071666666666667
33,58,0.873888888888889
33,59,2.11638888888889
33,60,0.831388888888889
33,61,1.11527777777778
33,62,0.271111111111111
33,63,0.597777777777778
33,64,2.3725
33,65,1.20944444444444
33,66,0.568333333333333
33,67,0.325
33,68,0.890833333333333
33,69,0.606944444444444
33,70,0.603888888888889
33,71,0.720277777777778
33,72,1.99888888888889
33,73,0.43
33,74,1.22361111111111
33,75,0.223333333333333
33,76,0.267222222222222
33,77,2.52333333333333
33,78,0.651666666666667
33,79,2.05277777777778
33,80,0.900555555555555
33,81,0.480833333333333
33,82,0.904166666666667
33,83,0.566666666666667
33,84,1.99583333333333
33,85,1.22638888888889
33,86,0.878333333333333
33,87,2.6275
33,88,0.677222222222222
33,89,0.433055555555556
33,90,0.483055555555556
33,91,0.317777777777778
33,92,0.241944444444444
33,93,0.6275
33,94,0.525277777777778
33,95,0.393611111111111
33,96,0.341944444444444
33,97,0.133333333333333
33,98,0.43
33,99,1.42111111111111
33,100,0.904166666666667
34,1,0.918055555555556
34,2,0.876388888888889
34,3,0.598611111111111
34,4,0.540555555555556
34,5,1.97527777777778
34,6,0.599166666666667
34,7,0.132222222222222
34,8,0.463888888888889
34,9,0.52
34,10,0.250833333333333
34,11,0.422777777777778
34,12,0.119722222222222
34,13,0.866944444444444
34,14,0.605277777777778
34,15,0.518611111111111
34,16,0.271111111111111
34,17,0.175555555555555
34,18,2.42888888888889
34,19,0.477222222222222
34,20,0.968888888888889
34,21,0.546388888888889
34,22,0.761666666666667
34,23,2.59194444444444
34,24,0.087777777777778
34,25,0.665555555555556
34,26,0.460277777777778
34,27,0.625833333333333
34,28,0.233333333333333
34,29,0.3075
34,30,1.32305555555556
34,31,0.450833333333333
34,32,0.154722222222222
34,33,0.475
34,34,0.0
34,35,0.253611111111111
34,36,0.924166666666667
34,37,0.7325
34,38,0.692777777777778
34,39,1.59083333333333
34,40,0.56
34,41,0.648888888888889
34,42,2.02138888888889
34,43,4.01388888888889
34,44,1.07333333333333
34,45,0.903055555555556
34,46,0.665
34,47,0.463888888888889
34,48,1.22722222222222
34,49,2.42722222222222
34,50,2.89388888888889
34,51,0.899722222222222
34,52,2.79416666666667
34,53,0.747222222222222
34,54,0.662222222222222
34,55,0.696666666666667
34,56,2.82861111111111
34,57,0.4525
34,58,0.780555555555556
34,59,2.23611111111111
34,60,0.9875
34,61,1.27138888888889
34,62,0.296388888888889
34,63,0.7175
34,64,2.52027777777778
34,65,1.35722222222222
34,66,0.423333333333333
34,67,0.300277777777778
34,68,1.03861111111111
34,69,0.726666666666667
34,70,0.685555555555556
34,71,0.556111111111111
34,72,2.11861111111111
34,73,0.089444444444444
34,74,1.37138888888889
34,75,0.388888888888889
34,76,0.345833333333333
34,77,2.67111111111111
34,78,0.799444444444444
34,79,2.1725
34,80,1.04833333333333
34,81,0.196944444444444
34,82,1.06027777777778
34,83,0.722777777777778
34,84,2.11555555555556
34,85,1.34055555555556
34,86,0.998055555555556
34,87,2.77527777777778
34,88,0.729444444444444
34,89,0.0925
34,90,0.649722222222222
34,91,0.285
34,92,0.391111111111111
34,93,0.747222222222222
34,94,0.645
34,95,0.056111111111111
34,96,0.492222222222222
34,97,0.400833333333333
34,98,0.089444444444444
34,99,1.47277777777778
34,100,1.06027777777778
35,1,0.858888888888889
35,2,0.796111111111111
35,3,0.700277777777778
35,4,0.458333333333333
35,5,1.90083333333333
35,6,0.540277777777778
35,7,0.147222222222222
35,8,0.378055555555555
35,9,0.621944444444444
35,10,0.046111111111111
35,11,0.524444444444444
35,12,0.315277777777778
35,13,0.808055555555555
35,14,0.523333333333333
35,15,0.346388888888889
35,16,0.357777777777778
35,17,0.166666666666667
35,18,2.36972222222222
35,19,0.395
35,20,0.909722222222222
35,21,0.474166666666667
35,22,0.687222222222222
35,23,2.51166666666667
35,24,0.293055555555555
35,25,0.591111111111111
35,26,0.562222222222222
35,27,0.573888888888889
35,28,0.060277777777778
35,29,0.140555555555555
35,30,1.24277777777778
35,31,0.305833333333333
35,32,0.315277777777778
35,33,0.325
35,34,0.24
35,35,0.0
35,36,0.849722222222222
35,37,0.658055555555556
35,38,0.618333333333333
35,39,1.53166666666667
35,40,0.661666666666667
35,41,0.589722222222222
35,42,1.96222222222222
35,43,3.93361111111111
35,44,0.993055555555556
35,45,0.822777777777778
35,46,0.606111111111111
35,47,0.378055555555555
35,48,1.15277777777778
35,49,2.36833333333333
35,50,2.81944444444444
35,51,0.825277777777778
35,52,2.71972222222222
35,53,0.688333333333333
35,54,0.710555555555556
35,55,0.637777777777778
35,56,2.75416666666667
35,57,0.297222222222222
35,58,0.8825
35,59,2.17694444444444
35,60,0.906944444444444
35,61,1.19111111111111
35,62,0.124444444444444
35,63,0.658333333333333
35,64,2.44583333333333
35,65,1.28277777777778
35,66,0.525277777777778
35,67,0.134166666666667
35,68,0.964166666666667
35,69,0.667777777777778
35,70,0.664722222222222
35,71,0.658055555555556
35,72,2.05944444444444
35,73,0.2975
35,74,1.29694444444444
35,75,0.216944444444444
35,76,0.173888888888889
35,77,2.59666666666667
35,78,0.725
35,79,2.11333333333333
35,80,0.973888888888889
35,81,0.394444444444444
35,82,0.979722222222222
35,83,0.6425
35,84,2.05638888888889
35,85,1.30194444444444
35,86,0.939166666666667
35,87,2.70083333333333
35,88,0.737777777777778
35,89,0.300833333333333
35,90,0.558611111111111
35,91,0.270277777777778
35,92,0.31
35,93,0.688333333333333
35,94,0.585833333333333
35,95,0.233611111111111
35,96,0.41
35,97,0.228888888888889
35,98,0.297777777777778
35,99,1.49694444444444
35,100,0.979722222222222
36,1,1.10805555555556
36,2,1.04527777777778
36,3,0.965
36,4,0.829722222222222
36,5,1.7225
36,6,0.789444444444444
36,7,0.88
36,8,0.744444444444444
36,9,1.09722222222222
36,10,0.788333333333333
36,11,1.00472222222222
36,12,0.865
36,13,1.05722222222222
36,14,0.870833333333333
36,15,0.721111111111111
36,16,0.842777777777778
36,17,0.871111111111111
36,18,2.61888888888889
36,19,0.766388888888889
36,20,1.15888888888889
36,21,0.723333333333333
36,22,0.281388888888889
36,23,2.76055555555556
36,24,0.842777777777778
36,25,0.400833333333333
36,26,1.0425
36,27,0.815833333333333
36,28,0.800277777777778
36,29,0.79
36,30,1.49194444444444
36,31,0.725555555555555
36,32,0.838611111111111
36,33,0.75
36,34,0.823055555555555
36,35,0.788333333333333
36,36,0.0
36,37,0.320555555555555
36,38,0.390833333333333
36,39,1.65916666666667
36,40,0.962777777777778
36,41,0.838888888888889
36,42,2.21138888888889
36,43,4.18277777777778
36,44,1.24222222222222
36,45,1.07194444444444
36,46,0.855277777777778
36,47,0.744444444444444
36,48,0.974166666666667
36,49,2.6175
36,50,2.64111111111111
36,51,0.4725
36,52,2.54111111111111
36,53,0.937222222222222
36,54,0.959722222222222
36,55,0.886666666666667
36,56,2.57555555555556
36,57,0.727222222222222
36,58,1.18361111111111
36,59,2.42611111111111
36,60,1.15611111111111
36,61,1.44027777777778
36,62,0.771944444444444
36,63,0.9075
36,64,2.26722222222222
36,65,0.754444444444444
36,66,1.00555555555556
36,67,0.880833333333333
36,68,0.770833333333333
36,69,0.916944444444444
36,70,0.913611111111111
36,71,1.03
36,72,2.30861111111111
36,73,0.8675
36,74,1.11833333333333
36,75,0.806944444444444
36,76,0.802777777777778
36,77,2.41805555555556
36,78,0.213333333333333
36,79,2.3625
36,80,0.124166666666667
36,81,0.918333333333333
36,82,1.22888888888889
36,83,0.891666666666667
36,84,2.30555555555556
36,85,1.55111111111111
36,86,1.18833333333333
36,87,2.52222222222222
36,88,0.986944444444444
36,89,0.870555555555555
36,90,0.807777777777778
36,91,0.755277777777778
36,92,0.699166666666667
36,93,0.937222222222222
36,94,0.835
36,95,0.831111111111111
36,96,0.781388888888889
36,97,0.738055555555556
36,98,0.8675
36,99,1.74583333333333
36,100,1.22888888888889
37,1,0.859444444444444
37,2,0.796388888888889
37,3,0.716388888888889
37,4,0.580833333333333
37,5,1.54388888888889
37,6,0.540555555555556
37,7,0.631388888888889
37,8,0.495555555555556
37,9,0.848611111111111
37,10,0.539722222222222
37,11,0.756111111111111
37,12,0.616111111111111
37,13,0.808333333333333
37,14,0.621944444444444
37,15,0.472222222222222
37,16,0.594166666666667
37,17,0.6225
37,18,2.37027777777778
37,19,0.517777777777778
37,20,0.910277777777778
37,21,0.474722222222222
37,22,0.078333333333333
37,23,2.51194444444444
37,24,0.593888888888889
37,25,0.152222222222222
37,26,0.793888888888889
37,27,0.567222222222222
37,28,0.551666666666667
37,29,0.541388888888889
37,30,1.24305555555556
37,31,0.476944444444444
37,32,0.59
37,33,0.501388888888889
37,34,0.574444444444444
37,35,0.539722222222222
37,36,0.316111111111111
37,37,0.0
37,38,0.142222222222222
37,39,1.48833333333333
37,40,0.713888888888889
37,41,0.590277777777778
37,42,1.96277777777778
37,43,3.93416666666667
37,44,0.993611111111111
37,45,0.823333333333333
37,46,0.606388888888889
37,47,0.495555555555556
37,48,0.795555555555556
37,49,2.36861111111111
37,50,2.4625
37,51,0.391111111111111
37,52,2.3625
37,53,0.688611111111111
37,54,0.711111111111111
37,55,0.638055555555556
37,56,2.39722222222222
37,57,0.478611111111111
37,58,0.935
37,59,2.1775
37,60,0.9075
37,61,1.19138888888889
37,62,0.523333333333333
37,63,0.658888888888889
37,64,2.08888888888889
37,65,0.848611111111111
37,66,0.756944444444444
37,67,0.631944444444444
37,68,0.607222222222222
37,69,0.668055555555555
37,70,0.665
37,71,0.781388888888889
37,72,2.06
37,73,0.618611111111111
37,74,0.939722222222222
37,75,0.558333333333333
37,76,0.554166666666667
37,77,2.23972222222222
37,78,0.222777777777778
37,79,2.11388888888889
37,80,0.427777777777778
37,81,0.669722222222222
37,82,0.980277777777778
37,83,0.642777777777778
37,84,2.05694444444444
37,85,1.3025
37,86,0.939444444444444
37,87,2.34388888888889
37,88,0.738333333333333
37,89,0.621944444444444
37,90,0.559166666666667
37,91,0.506666666666667
37,92,0.450555555555555
37,93,0.688611111111111
37,94,0.586388888888889
37,95,0.5825
37,96,0.5325
37,97,0.489166666666667
37,98,0.618888888888889
37,99,1.49722222222222
37,100,0.980277777777778
38,1,0.865
38,2,0.801944444444444
38,3,0.721944444444445
38,4,0.586666666666667
38,5,1.53888888888889
38,6,0.546111111111111
38,7,0.636944444444444
38,8,0.501111111111111
38,9,0.854166666666667
38,10,0.545277777777778
38,11,0.761666666666667
38,12,0.621944444444444
38,13,0.813888888888889
38,14,0.6275
38,15,0.478055555555556
38,16,0.599722222222222
38,17,0.628055555555556
38,18,2.37583333333333
38,19,0.523333333333333
38,20,0.915833333333333
38,21,0.480277777777778
38,22,0.232222222222222
38,23,2.5175
38,24,0.599722222222222
38,25,0.085277777777778
38,26,0.799444444444444
38,27,0.572777777777778
38,28,0.557222222222222
38,29,0.546944444444444
38,30,1.24888888888889
38,31,0.4825
38,32,0.595555555555556
38,33,0.506944444444444
38,34,0.58
38,35,0.545277777777778
38,36,0.396944444444444
38,37,0.203055555555555
38,38,0.0
38,39,1.48333333333333
38,40,0.719444444444444
38,41,0.595833333333333
38,42,1.96833333333333
38,43,3.93972222222222
38,44,0.999166666666667
38,45,0.828888888888889
38,46,0.611944444444444
38,47,0.501111111111111
38,48,0.790833333333333
38,49,2.37416666666667
38,50,2.4575
38,51,0.467777777777778
38,52,2.35777777777778
38,53,0.694166666666667
38,54,0.716666666666667
38,55,0.643611111111111
38,56,2.39222222222222
38,57,0.484166666666667
38,58,0.940555555555556
38,59,2.18305555555556
38,60,0.913055555555556
38,61,1.19722222222222
38,62,0.528888888888889
38,63,0.664444444444444
38,64,2.08388888888889
38,65,0.925277777777778
38,66,0.7625
38,67,0.637777777777778
38,68,0.602222222222222
38,69,0.673611111111111
38,70,0.670555555555556
38,71,0.786944444444444
38,72,2.06555555555556
38,73,0.624166666666667
38,74,0.935
38,75,0.563888888888889
38,76,0.559722222222222
38,77,2.23472222222222
38,78,0.355277777777778
38,79,2.11944444444444
38,80,0.508611111111111
38,81,0.675277777777778
38,82,0.985833333333333
38,83,0.648333333333333
38,84,2.0625
38,85,1.30805555555556
38,86,0.945
38,87,2.33888888888889
38,88,0.743888888888889
38,89,0.6275
38,90,0.564722222222222
38,91,0.512222222222222
38,92,0.456111111111111
38,93,0.694166666666667
38,94,0.591944444444444
38,95,0.588055555555556
38,96,0.538333333333333
38,97,0.494722222222222
38,98,0.624444444444444
38,99,1.50277777777778
38,100,0.985833333333333
39,1,1.50194444444444
39,2,1.44888888888889
39,3,1.59833333333333
39,4,1.57194444444444
39,5,2.21944444444444
39,6,1.4
39,7,1.58944444444444
39,8,1.48666666666667
39,9,1.73055555555556
39,10,1.53666666666667
39,11,1.71416666666667
39,12,1.57416666666667
39,13,1.45111111111111
39,14,1.50388888888889
39,15,1.47111111111111
39,16,1.55222222222222
39,17,1.58055555555556
39,18,2.76777777777778
39,19,1.50861111111111
39,20,1.14527777777778
39,21,1.2175
39,22,1.63777777777778
39,23,2.90222222222222
39,24,1.55194444444444
39,25,1.54194444444444
39,26,1.75194444444444
39,27,1.44916666666667
39,28,1.54861111111111
39,29,1.53833333333333
39,30,1.89555555555556
39,31,1.47111111111111
39,32,1.54805555555556
39,33,1.49555555555556
39,34,1.53222222222222
39,35,1.53666666666667
39,36,1.69333333333333
39,37,1.60861111111111
39,38,1.56472222222222
39,39,0.0
39,40,1.59583333333333
39,41,1.23277777777778
39,42,2.36055555555556
39,43,4.32444444444444
39,44,1.64611111111111
39,45,1.47583333333333
39,46,1.36361111111111
39,47,1.48666666666667
39,48,1.47111111111111
39,49,2.76638888888889
39,50,3.13805555555556
39,51,1.34611111111111
39,52,3.03805555555556
39,53,1.43583333333333
39,54,1.59305555555556
39,55,1.28083333333333
39,56,3.07277777777778
39,57,1.47277777777778
39,58,1.78083333333333
39,59,1.68583333333333
39,60,1.56
39,61,1.84388888888889
39,62,1.52027777777778
39,63,1.54083333333333
39,64,2.76444444444444
39,65,1.83777777777778
39,66,1.715
39,67,1.62916666666667
39,68,1.27527777777778
39,69,1.31083333333333
39,70,1.54694444444444
39,71,1.66333333333333
39,72,2.4575
39,73,1.57666666666667
39,74,1.61527777777778
39,75,1.55527777777778
39,76,1.55111111111111
39,77,2.91527777777778
39,78,1.60666666666667
39,79,2.51166666666667
39,80,1.71555555555556
39,81,1.62777777777778
39,82,1.63277777777778
39,83,1.29527777777778
39,84,2.38361111111111
39,85,1.955
39,86,1.58222222222222
39,87,3.01944444444444
39,88,1.62027777777778
39,89,1.58
39,90,1.22222222222222
39,91,1.46472222222222
39,92,1.44138888888889
39,93,1.43583333333333
39,94,1.11361111111111
39,95,1.54055555555556
39,96,1.54027777777778
39,97,1.48611111111111
39,98,1.57694444444444
39,99,2.14972222222222
39,100,1.63277777777778
40,1,0.838611111111111
40,2,0.405555555555555
40,3,0.058055555555556
40,4,0.584722222222222
40,5,1.97916666666667
40,6,0.541388888888889
40,7,0.648333333333333
40,8,0.568333333333333
40,9,0.245555555555555
40,10,0.612222222222222
40,11,0.259166666666667
40,12,0.524722222222222
40,13,0.787777777777778
40,14,0.342222222222222
40,15,0.544444444444444
40,16,0.488333333333333
40,17,0.658611111111111
40,18,2.34944444444444
40,19,0.563055555555555
40,20,0.903055555555556
40,21,0.441111111111111
40,22,0.765277777777778
40,23,2.1925
40,24,0.546944444444444
40,25,0.669166666666667
40,26,0.291666666666667
40,27,0.325277777777778
40,28,0.624166666666667
40,29,0.613888888888889
40,30,0.936666666666667
40,31,0.549444444444444
40,32,0.484166666666667
40,33,0.573888888888889
40,34,0.597222222222222
40,35,0.612222222222222
40,36,0.928055555555556
40,37,0.736111111111111
40,38,0.696388888888889
40,39,1.525
40,40,0.0
40,41,0.590833333333333
40,42,1.94222222222222
40,43,3.61472222222222
40,44,0.674166666666667
40,45,0.592777777777778
40,46,0.438611111111111
40,47,0.568333333333333
40,48,1.23111111111111
40,49,2.34805555555556
40,50,2.89777777777778
40,51,0.903333333333333
40,52,2.79805555555556
40,53,0.430277777777778
40,54,0.104444444444444
40,55,0.592222222222222
40,56,2.8325
40,57,0.551111111111111
40,58,0.331944444444444
40,59,2.17027777777778
40,60,0.676944444444444
40,61,0.871944444444444
40,62,0.595833333333333
40,63,0.1925
40,64,2.52416666666667
40,65,1.36083333333333
40,66,0.254722222222222
40,67,0.704722222222222
40,68,1.0425
40,69,0.668888888888889
40,70,0.128888888888889
40,71,0.178333333333333
40,72,2.03944444444444
40,73,0.571666666666667
40,74,1.375
40,75,0.630833333333333
40,76,0.626666666666667
40,77,2.675
40,78,0.803333333333333
40,79,2.09333333333333
40,80,1.05222222222222
40,81,0.456666666666667
40,82,0.660833333333333
40,83,0.52
40,84,2.03611111111111
40,85,0.891944444444444
40,86,0.908611111111111
40,87,2.77916666666667
40,88,0.172777777777778
40,89,0.574722222222222
40,90,0.525277777777778
40,91,0.553333333333333
40,92,0.523055555555556
40,93,0.430277777777778
40,94,0.579166666666667
40,95,0.605555555555555
40,96,0.473333333333333
40,97,0.561944444444444
40,98,0.571666666666667
40,99,1.02416666666667
40,100,0.660833333333333
41,1,0.441944444444444
41,2,0.473055555555556
41,3,0.6225
41,4,0.596111111111111
41,5,1.92916666666667
41,6,0.424166666666667
41,7,0.613611111111111
41,8,0.510833333333333
41,9,0.754722222222222
41,10,0.560833333333333
41,11,0.738333333333333
41,12,0.598611111111111
41,13,0.390833333333333
41,14,0.528333333333333
41,15,0.495555555555556
41,16,0.576388888888889
41,17,0.604722222222222
41,18,1.95277777777778
41,19,0.533055555555556
41,20,0.509722222222222
41,21,0.254444444444444
41,22,0.715277777777778
41,23,2.18861111111111
41,24,0.576388888888889
41,25,0.619166666666666
41,26,0.776111111111111
41,27,0.473611111111111
41,28,0.572777777777778
41,29,0.562777777777778
41,30,0.919722222222222
41,31,0.495277777777778
41,32,0.572222222222222
41,33,0.519722222222222
41,34,0.556666666666667
41,35,0.560833333333333
41,36,0.878055555555556
41,37,0.686111111111111
41,38,0.646388888888889
41,39,1.22194444444444
41,40,0.620277777777778
41,41,0.0
41,42,1.54527777777778
41,43,3.61055555555556
41,44,0.67
41,45,0.499722222222222
41,46,0.343333333333333
41,47,0.510833333333333
41,48,1.18111111111111
41,49,1.95111111111111
41,50,2.84777777777778
41,51,0.853333333333333
41,52,2.74805555555556
41,53,0.46
41,54,0.617222222222222
41,55,0.220555555555555
41,56,2.7825
41,57,0.496944444444444
41,58,0.805
41,59,1.86722222222222
41,60,0.545833333333333
41,61,0.868055555555556
41,62,0.544444444444444
41,63,0.565
41,64,2.47416666666667
41,65,1.31111111111111
41,66,0.739166666666667
41,67,0.653333333333333
41,68,0.9925
41,69,0.250833333333333
41,70,0.571388888888889
41,71,0.687777777777778
41,72,1.6425
41,73,0.601111111111111
41,74,1.325
41,75,0.579444444444444
41,76,0.575555555555556
41,77,2.625
41,78,0.753333333333333
41,79,1.69638888888889
41,80,1.00222222222222
41,81,0.651944444444444
41,82,0.656666666666667
41,83,0.263333333333333
41,84,1.63944444444444
41,85,0.978888888888889
41,86,0.521944444444444
41,87,2.72916666666667
41,88,0.644444444444444
41,89,0.604166666666667
41,90,0.228888888888889
41,91,0.488888888888889
41,92,0.465555555555556
41,93,0.46
41,94,0.213888888888889
41,95,0.564722222222222
41,96,0.564444444444444
41,97,0.510555555555556
41,98,0.601111111111111
41,99,1.17388888888889
41,100,0.656666666666667
42,1,1.36583333333333
42,2,1.84888888888889
42,3,2.09166666666667
42,4,2.08361111111111
42,5,3.40944444444444
42,6,1.91555555555556
42,7,2.105
42,8,1.99833333333333
42,9,2.22388888888889
42,10,2.0425
42,11,2.22972222222222
42,12,2.08972222222222
42,13,1.43861111111111
42,14,1.9975
42,15,1.97472222222222
42,16,2.06777777777778
42,17,2.09583333333333
42,18,0.838611111111111
42,19,2.02055555555556
42,20,1.8225
42,21,1.72916666666667
42,22,2.19555555555556
42,23,1.83638888888889
42,24,2.0675
42,25,2.09944444444444
42,26,2.27027777777778
42,27,1.94277777777778
42,28,2.05444444444444
42,29,2.04416666666667
42,30,1.72555555555556
42,31,1.97972222222222
42,32,2.06361111111111
42,33,2.00416666666667
42,34,2.04777777777778
42,35,2.0425
42,36,2.35833333333333
42,37,2.16638888888889
42,38,2.12666666666667
42,39,2.47027777777778
42,40,2.08944444444444
42,41,1.74361111111111
42,42,0.0
42,43,2.75638888888889
42,44,1.78361111111111
42,45,1.70694444444444
42,46,1.73444444444444
42,47,1.99833333333333
42,48,2.66111111111111
42,49,0.837222222222222
42,50,4.32805555555556
42,51,2.33361111111111
42,52,4.22805555555556
42,53,1.83583333333333
42,54,2.08638888888889
42,55,1.60194444444444
42,56,4.2625
42,57,1.98138888888889
42,58,2.18083333333333
42,59,1.95777777777778
42,60,1.67333333333333
42,61,1.95333333333333
42,62,2.02611111111111
42,63,2.03444444444444
42,64,3.95444444444445
42,65,2.79111111111111
42,66,2.23333333333333
42,67,2.13472222222222
42,68,2.47277777777778
42,69,1.60777777777778
42,70,2.04055555555556
42,71,2.15694444444444
42,72,0.138888888888889
42,73,2.09222222222222
42,74,2.80527777777778
42,75,2.06111111111111
42,76,2.05694444444444
42,77,4.105
42,78,2.23361111111111
42,79,0.811111111111111
42,80,2.4825
42,81,2.14305555555556
42,82,2.02611111111111
42,83,1.6675
42,84,1.81861111111111
42,85,2.06416666666667
42,86,1.54027777777778
42,87,4.20916666666667
42,88,2.11361111111111
42,89,2.09527777777778
42,90,1.59416666666667
42,91,1.98
42,92,1.95333333333333
42,93,1.83583333333333
42,94,1.76722222222222
42,95,2.05583333333333
42,96,2.02388888888889
42,97,1.99194444444444
42,98,2.09222222222222
42,99,1.97972222222222
42,100,2.02611111111111
43,1,3.24027777777778
43,2,3.31916666666667
43,3,3.63055555555556
43,4,3.91916666666667
43,5,5.245
43,6,3.77722222222222
43,7,3.96972222222222
43,8,3.83388888888889
43,9,3.77166666666667
43,10,3.87777777777778
43,11,3.78527777777778
43,12,3.95444444444445
43,13,3.31305555555556
43,14,3.80805555555556
43,15,3.81027777777778
43,16,3.9325
43,17,3.96055555555556
43,18,3.00666666666667
43,19,3.85611111111111
43,20,3.67027777777778
43,21,3.55972222222222
43,22,4.03111111111111
43,23,1.46333333333333
43,24,3.93222222222222
43,25,3.935
43,26,3.81777777777778
43,27,3.77222222222222
43,28,3.89
43,29,3.87972222222222
43,30,2.98027777777778
43,31,3.81527777777778
43,32,3.92833333333333
43,33,3.83944444444444
43,34,3.9125
43,35,3.87805555555556
43,36,4.19388888888889
43,37,4.00194444444445
43,38,3.96222222222222
43,39,4.31805555555556
43,40,3.62833333333333
43,41,3.615
43,42,2.72
43,43,0.0
43,44,3.10083333333333
43,45,3.44916666666667
43,46,3.60722222222222
43,47,3.83388888888889
43,48,4.49666666666667
43,49,2.93027777777778
43,50,6.16361111111111
43,51,4.16916666666667
43,52,6.06361111111111
43,53,3.56
43,54,3.60777777777778
43,55,3.48416666666667
43,56,6.09805555555556
43,57,3.81694444444444
43,58,3.65111111111111
43,59,4.47861111111111
43,60,3.53333333333333
43,61,3.24916666666667
43,62,3.86166666666667
43,63,3.59166666666667
43,64,5.78972222222222
43,65,4.62666666666667
43,66,3.78083333333333
43,67,3.97027777777778
43,68,4.30833333333333
43,69,3.48222222222222
43,70,3.67472222222222
43,71,3.70555555555556
43,72,2.80666666666667
43,73,3.95694444444444
43,74,4.64083333333333
43,75,3.89666666666667
43,76,3.8925
43,77,5.94055555555556
43,78,4.06888888888889
43,79,3.33166666666667
43,80,4.31777777777778
43,81,4.00777777777778
43,82,3.34333333333333
43,83,3.40444444444444
43,84,3.915
43,85,3.36
43,86,3.41472222222222
43,87,6.04472222222222
43,88,3.71888888888889
43,89,3.96027777777778
43,90,3.47055555555556
43,91,3.845
43,92,3.78888888888889
43,93,3.56
43,94,3.62
43,95,3.92083333333333
43,96,3.86722222222222
43,97,3.8275
43,98,3.95722222222222
43,99,3.23444444444444
43,100,3.34333333333333
44,1,0.947777777777778
44,2,0.473055555555556
44,3,0.784722222222222
44,4,1.07333333333333
44,5,2.39888888888889
44,6,0.931111111111111
44,7,1.12361111111111
44,8,0.988055555555555
44,9,0.925555555555555
44,10,1.03194444444444
44,11,0.939166666666667
44,12,1.10861111111111
44,13,0.829444444444444
44,14,0.962222222222222
44,15,0.964166666666667
44,16,1.08638888888889
44,17,1.11472222222222
44,18,2.12611111111111
44,19,1.01
44,20,1.09777777777778
44,21,0.713611111111111
44,22,1.185
44,23,1.77166666666667
44,24,1.08638888888889
44,25,1.08888888888889
44,26,0.971944444444444
44,27,0.926111111111111
44,28,1.04388888888889
44,29,1.03361111111111
44,30,0.502777777777778
44,31,0.969166666666667
44,32,1.08222222222222
44,33,0.993611111111111
44,34,1.06666666666667
44,35,1.03194444444444
44,36,1.34777777777778
44,37,1.15583333333333
44,38,1.11611111111111
44,39,1.71972222222222
44,40,0.782222222222222
44,41,0.769166666666667
44,42,1.71861111111111
44,43,3.19388888888889
44,44,0.0
44,45,0.603055555555556
44,46,0.761111111111111
44,47,0.988055555555555
44,48,1.65083333333333
44,49,2.12444444444444
44,50,3.3175
44,51,1.32305555555556
44,52,3.21777777777778
44,53,0.714166666666667
44,54,0.761666666666667
44,55,0.638333333333333
44,56,3.25222222222222
44,57,0.970833333333333
44,58,0.805
44,59,2.365
44,60,0.687222222222222
44,61,0.198055555555555
44,62,1.01555555555556
44,63,0.745555555555556
44,64,2.94388888888889
44,65,1.78055555555556
44,66,0.935
44,67,1.12444444444444
44,68,1.46222222222222
44,69,0.771111111111111
44,70,0.828888888888889
44,71,0.859722222222222
44,72,1.81583333333333
44,73,1.11111111111111
44,74,1.79472222222222
44,75,1.05055555555556
44,76,1.04638888888889
44,77,3.09472222222222
44,78,1.22305555555556
44,79,1.86972222222222
44,80,1.47194444444444
44,81,1.16194444444444
44,82,0.500277777777778
44,83,0.558611111111111
44,84,1.82388888888889
44,85,0.308888888888889
44,86,0.918888888888889
44,87,3.19888888888889
44,88,0.872777777777778
44,89,1.11416666666667
44,90,0.624444444444444
44,91,0.998888888888889
44,92,0.942777777777778
44,93,0.714166666666667
44,94,0.773888888888889
44,95,1.07472222222222
44,96,1.02111111111111
44,97,0.981666666666667
44,98,1.11111111111111
44,99,0.726388888888889
44,100,0.500277777777778
45,1,0.483333333333333
45,2,0.426666666666667
45,3,0.738055555555556
45,4,0.899166666666667
45,5,2.23222222222222
45,6,0.727222222222222
45,7,0.916666666666667
45,8,0.813888888888889
45,9,0.879166666666667
45,10,0.863888888888889
45,11,0.892777777777778
45,12,0.901388888888889
45,13,0.335
45,14,0.831111111111111
45,15,0.798333333333333
45,16,0.879444444444444
45,17,0.907777777777778
45,18,1.99416666666667
45,19,0.835833333333333
45,20,0.902777777777778
45,21,0.545277777777778
45,22,1.01833333333333
45,23,2.14194444444444
45,24,0.879166666666667
45,25,0.922222222222222
45,26,0.925277777777778
45,27,0.776388888888889
45,28,0.875833333333333
45,29,0.865555555555556
45,30,0.873333333333333
45,31,0.798333333333333
45,32,0.875277777777778
45,33,0.822777777777778
45,34,0.859722222222222
45,35,0.863888888888889
45,36,1.18111111111111
45,37,0.989166666666666
45,38,0.949444444444444
45,39,1.52472222222222
45,40,0.735833333333333
45,41,0.530277777777778
45,42,1.58694444444444
45,43,3.56416666666667
45,44,0.623611111111111
45,45,0.0
45,46,0.550277777777778
45,47,0.813888888888889
45,48,1.48388888888889
45,49,1.99277777777778
45,50,3.15083333333333
45,51,1.15638888888889
45,52,3.05083333333333
45,53,0.556944444444444
45,54,0.715277777777778
45,55,0.298055555555556
45,56,3.08555555555556
45,57,0.8
45,58,0.758333333333333
45,59,2.17
45,60,0.084166666666667
45,61,0.821666666666667
45,62,0.8475
45,63,0.698888888888889
45,64,2.77722222222222
45,65,1.61388888888889
45,66,0.888333333333333
45,67,0.956388888888889
45,68,1.29555555555556
45,69,0.394444444444444
45,70,0.782222222222222
45,71,0.813055555555555
45,72,1.68416666666667
45,73,0.903888888888889
45,74,1.62805555555556
45,75,0.8825
45,76,0.878333333333333
45,77,2.92805555555556
45,78,1.05638888888889
45,79,1.73805555555556
45,80,1.30527777777778
45,81,0.955
45,82,0.610277777777778
45,83,0.437222222222222
45,84,1.68083333333333
45,85,0.9325
45,86,0.424166666666667
45,87,3.03194444444444
45,88,0.826111111111111
45,89,0.907222222222222
45,90,0.41
45,91,0.791944444444444
45,92,0.768611111111111
45,93,0.556944444444444
45,94,0.578888888888889
45,95,0.867777777777778
45,96,0.8675
45,97,0.813333333333333
45,98,0.904166666666667
45,99,1.12722222222222
45,100,0.610277777777778
46,1,0.572777777777778
46,2,0.474166666666667
46,3,0.526111111111111
46,4,0.568055555555556
46,5,1.97333333333333
46,6,0.535555555555556
46,7,0.672222222222222
46,8,0.575833333333333
46,9,0.658333333333333
46,10,0.606388888888889
46,11,0.671944444444444
46,12,0.656944444444444
46,13,0.521944444444444
46,14,0.431666666666667
46,15,0.538611111111111
46,16,0.635
46,17,0.663055555555555
46,18,2.08388888888889
46,19,0.546388888888889
46,20,0.733888888888889
46,21,0.3
46,22,0.759444444444444
46,23,2.18972222222222
46,24,0.634722222222222
46,25,0.663333333333333
46,26,0.704444444444444
46,27,0.361388888888889
46,28,0.618333333333333
46,29,0.608055555555556
46,30,0.920833333333333
46,31,0.543611111111111
46,32,0.630833333333333
46,33,0.568055555555556
46,34,0.615
46,35,0.606388888888889
46,36,0.922222222222222
46,37,0.730277777777778
46,38,0.690555555555556
46,39,1.35583333333333
46,40,0.523888888888889
46,41,0.373055555555555
46,42,1.67638888888889
46,43,3.61194444444444
46,44,0.671388888888889
46,45,0.500833333333333
46,46,0.0
46,47,0.575833333333333
46,48,1.225
46,49,2.08222222222222
46,50,2.89194444444444
46,51,0.8975
46,52,2.79194444444444
46,53,0.285
46,54,0.520833333333333
46,55,0.294722222222222
46,56,2.82666666666667
46,57,0.545277777777778
46,58,0.744722222222222
46,59,2.00111111111111
46,60,0.585277777777778
46,61,0.869166666666666
46,62,0.59
46,63,0.468611111111111
46,64,2.51833333333333
46,65,1.355
46,66,0.6675
46,67,0.698888888888889
46,68,1.03666666666667
46,69,0.396111111111111
46,70,0.474722222222222
46,71,0.591111111111111
46,72,1.77361111111111
46,73,0.659444444444445
46,74,1.36916666666667
46,75,0.625
46,76,0.620833333333333
46,77,2.66916666666667
46,78,0.7975
46,79,1.8275
46,80,1.04638888888889
46,81,0.710277777777778
46,82,0.658055555555556
46,83,0.222222222222222
46,84,1.77055555555556
46,85,0.98
46,86,0.653055555555556
46,87,2.77333333333333
46,88,0.548055555555556
46,89,0.6625
46,90,0.268055555555555
46,91,0.547222222222222
46,92,0.536944444444444
46,93,0.285
46,94,0.41
46,95,0.623055555555556
46,96,0.456666666666667
46,97,0.555833333333333
46,98,0.659444444444445
46,99,1.175
46,100,0.658055555555556
47,1,0.825
47,2,0.748888888888889
47,3,0.641944444444444
47,4,0.118611111111111
47,5,1.85611111111111
47,6,0.510555555555556
47,7,0.461944444444444
47,8,0.0
47,9,0.650833333333333
47,10,0.423888888888889
47,11,0.53
47,12,0.446944444444444
47,13,0.773888888888889
47,14,0.381111111111111
47,15,0.411944444444444
47,16,0.424722222222222
47,17,0.453055555555556
47,18,2.33583333333333
47,19,0.063611111111111
47,20,0.88
47,21,0.427222222222222
47,22,0.642222222222222
47,23,2.46444444444444
47,24,0.424722222222222
47,25,0.546388888888889
47,26,0.567777777777778
47,27,0.431944444444444
47,28,0.438055555555555
47,29,0.379444444444444
47,30,1.19555555555556
47,31,0.316388888888889
47,32,0.420555555555556
47,33,0.349722222222222
47,34,0.405
47,35,0.377777777777778
47,36,0.805
47,37,0.613333333333333
47,38,0.573611111111111
47,39,1.50194444444444
47,40,0.639722222222222
47,41,0.56
47,42,1.92833333333333
47,43,3.88666666666667
47,44,0.946111111111111
47,45,0.775833333333333
47,46,0.521388888888889
47,47,0.0
47,48,1.10805555555556
47,49,2.33416666666667
47,50,2.77472222222222
47,51,0.780555555555556
47,52,2.675
47,53,0.573611111111111
47,54,0.636666666666667
47,55,0.607777777777778
47,56,2.70944444444444
47,57,0.326944444444444
47,58,0.860555555555555
47,59,2.14722222222222
47,60,0.86
47,61,1.14388888888889
47,62,0.361388888888889
47,63,0.567222222222222
47,64,2.40111111111111
47,65,1.23805555555556
47,66,0.530833333333333
47,67,0.511944444444444
47,68,0.919444444444444
47,69,0.638055555555556
47,70,0.563611111111111
47,71,0.686944444444444
47,72,2.02555555555556
47,73,0.449444444444444
47,74,1.25222222222222
47,75,0.396388888888889
47,76,0.392222222222222
47,77,2.55194444444444
47,78,0.680277777777778
47,79,2.07944444444444
47,80,0.929166666666667
47,81,0.500277777777778
47,82,0.932777777777778
47,83,0.602777777777778
47,84,2.0225
47,85,1.255
47,86,0.905
47,87,2.65611111111111
47,88,0.615833333333333
47,89,0.4525
47,90,0.511666666666667
47,91,0.337222222222222
47,92,0.211388888888889
47,93,0.573611111111111
47,94,0.556111111111111
47,95,0.413055555555555
47,96,0.140555555555555
47,97,0.388888888888889
47,98,0.449444444444444
47,99,1.44972222222222
47,100,0.932777777777778
48,1,1.42305555555556
48,2,1.36027777777778
48,3,1.28027777777778
48,4,1.14472222222222
48,5,0.869444444444444
48,6,1.10444444444444
48,7,1.19527777777778
48,8,1.05944444444444
48,9,1.41222222222222
48,10,1.10333333333333
48,11,1.32
48,12,1.18
48,13,1.37222222222222
48,14,1.18583333333333
48,15,1.03611111111111
48,16,1.15805555555556
48,17,1.18638888888889
48,18,2.93416666666667
48,19,1.08166666666667
48,20,1.38805555555556
48,21,1.03861111111111
48,22,0.901111111111111
48,23,3.07583333333333
48,24,1.15777777777778
48,25,0.805
48,26,1.35777777777778
48,27,1.13111111111111
48,28,1.11555555555556
48,29,1.10527777777778
48,30,1.80694444444444
48,31,1.04083333333333
48,32,1.15388888888889
48,33,1.06527777777778
48,34,1.13805555555556
48,35,1.10361111111111
48,36,0.968333333333333
48,37,0.871944444444444
48,38,0.828055555555555
48,39,1.42055555555556
48,40,1.27777777777778
48,41,1.15388888888889
48,42,2.52666666666667
48,43,4.49805555555556
48,44,1.5575
48,45,1.38722222222222
48,46,1.17027777777778
48,47,1.05944444444444
48,48,0.0
48,49,2.9325
48,50,1.78805555555556
48,51,0.621111111111111
48,52,1.68805555555556
48,53,1.2525
48,54,1.275
48,55,1.20194444444444
48,56,1.7225
48,57,1.0425
48,58,1.49888888888889
48,59,2.67583333333333
48,60,1.47138888888889
48,61,1.75527777777778
48,62,1.08722222222222
48,63,1.22277777777778
48,64,1.41444444444444
48,65,0.813333333333333
48,66,1.32083333333333
48,67,1.19583333333333
48,68,0.550277777777778
48,69,1.23194444444444
48,70,1.22888888888889
48,71,1.34527777777778
48,72,2.62388888888889
48,73,1.1825
48,74,0.265277777777778
48,75,1.12222222222222
48,76,1.11805555555556
48,77,1.565
48,78,0.881666666666667
48,79,2.67777777777778
48,80,0.990555555555556
48,81,1.23361111111111
48,82,1.54416666666667
48,83,1.20666666666667
48,84,2.56694444444444
48,85,1.86638888888889
48,86,1.50333333333333
48,87,1.66916666666667
48,88,1.30194444444444
48,89,1.18583333333333
48,90,1.12305555555556
48,91,1.07055555555556
48,92,1.01444444444444
48,93,1.2525
48,94,1.15027777777778
48,95,1.14638888888889
48,96,1.09638888888889
48,97,1.05305555555556
48,98,1.18277777777778
48,99,2.06111111111111
48,100,1.54416666666667
49,1,1.67194444444444
49,2,2.155
49,3,2.39805555555556
49,4,2.39
49,5,3.71555555555556
49,6,2.22166666666667
49,7,2.41111111111111
49,8,2.30472222222222
49,9,2.53027777777778
49,10,2.34861111111111
49,11,2.53583333333333
49,12,2.39611111111111
49,13,1.74472222222222
49,14,2.30361111111111
49,15,2.28111111111111
49,16,2.37388888888889
49,17,2.40222222222222
49,18,0.229166666666667
49,19,2.32666666666667
49,20,2.12861111111111
49,21,2.03555555555556
49,22,2.50166666666667
49,23,2.14277777777778
49,24,2.37388888888889
49,25,2.40583333333333
49,26,2.57638888888889
49,27,2.24888888888889
49,28,2.36083333333333
49,29,2.35055555555556
49,30,2.03166666666667
49,31,2.28611111111111
49,32,2.36972222222222
49,33,2.31027777777778
49,34,2.35416666666667
49,35,2.34861111111111
49,36,2.66444444444444
49,37,2.47277777777778
49,38,2.43305555555556
49,39,2.77666666666667
49,40,2.39583333333333
49,41,2.04972222222222
49,42,0.788611111111111
49,43,3.06277777777778
49,44,2.09
49,45,2.01333333333333
49,46,2.04055555555556
49,47,2.30472222222222
49,48,2.9675
49,49,0.0
49,50,4.63416666666667
49,51,2.64
49,52,4.53444444444444
49,53,2.14194444444444
49,54,2.39277777777778
49,55,1.90833333333333
49,56,4.56888888888889
49,57,2.28777777777778
49,58,2.48694444444444
49,59,2.555
49,60,1.97944444444444
49,61,2.25944444444444
49,62,2.33222222222222
49,63,2.34055555555556
49,64,4.26055555555556
49,65,3.0975
49,66,2.53944444444444
49,67,2.44111111111111
49,68,2.77888888888889
49,69,1.91388888888889
49,70,2.34666666666667
49,71,2.46305555555556
49,72,0.717777777777778
49,73,2.39861111111111
49,74,3.11166666666667
49,75,2.3675
49,76,2.36333333333333
49,77,4.41138888888889
49,78,2.53972222222222
49,79,1.40805555555556
49,80,2.78861111111111
49,81,2.44944444444444
49,82,2.33222222222222
49,83,1.97388888888889
49,84,2.36388888888889
49,85,2.37055555555556
49,86,1.84666666666667
49,87,4.51555555555556
49,88,2.42
49,89,2.40166666666667
49,90,1.90027777777778
49,91,2.28638888888889
49,92,2.25944444444444
49,93,2.14194444444444
49,94,2.07361111111111
49,95,2.36222222222222
49,96,2.33
49,97,2.29833333333333
49,98,2.39861111111111
49,99,2.28583333333333
49,100,2.33222222222222
50,1,3.03277777777778
50,2,2.97
50,3,2.88972222222222
50,4,2.75444444444444
50,5,1.59944444444444
50,6,2.71416666666667
50,7,2.805
50,8,2.66916666666667
50,9,3.02194444444444
50,10,2.71305555555556
50,11,2.92972222222222
50,12,2.78972222222222
50,13,2.98194444444444
50,14,2.79555555555556
50,15,2.64583333333333
50,16,2.76777777777778
50,17,2.79583333333333
50,18,4.54361111111111
50,19,2.69111111111111
50,20,2.9975
50,21,2.64833333333333
50,22,2.51055555555556
50,23,4.68555555555556
50,24,2.7675
50,25,2.41472222222222
50,26,2.9675
50,27,2.74083333333333
50,28,2.72527777777778
50,29,2.715
50,30,3.41666666666667
50,31,2.65055555555556
50,32,2.76361111111111
50,33,2.67472222222222
50,34,2.74777777777778
50,35,2.71305555555556
50,36,2.57805555555556
50,37,2.48138888888889
50,38,2.4375
50,39,3.03027777777778
50,40,2.8875
50,41,2.76361111111111
50,42,4.13638888888889
50,43,6.10777777777778
50,44,3.16694444444444
50,45,2.99666666666667
50,46,2.78
50,47,2.66916666666667
50,48,1.73111111111111
50,49,4.54222222222222
50,50,0.0
50,51,2.23083333333333
50,52,1.69305555555556
50,53,2.86222222222222
50,54,2.88444444444444
50,55,2.81166666666667
50,56,1.8825
50,57,2.65222222222222
50,58,3.10833333333333
50,59,4.28555555555556
50,60,3.08111111111111
50,61,3.365
50,62,2.69666666666667
50,63,2.83222222222222
50,64,1.16944444444444
50,65,2.35944444444444
50,66,2.93055555555556
50,67,2.80555555555556
50,68,2.15972222222222
50,69,2.84166666666667
50,70,2.83861111111111
50,71,2.955
50,72,4.23333333333333
50,73,2.79222222222222
50,74,1.60666666666667
50,75,2.73194444444444
50,76,2.72777777777778
50,77,0.886388888888889
50,78,2.49138888888889
50,79,4.2875
50,80,2.60027777777778
50,81,2.84305555555556
50,82,3.15388888888889
50,83,2.81638888888889
50,84,4.17666666666667
50,85,3.47583333333333
50,86,3.11305555555556
50,87,1.7275
50,88,2.91166666666667
50,89,2.79527777777778
50,90,2.7325
50,91,2.68
50,92,2.62388888888889
50,93,2.86222222222222
50,94,2.76
50,95,2.75583333333333
50,96,2.70611111111111
50,97,2.66277777777778
50,98,2.79222222222222
50,99,3.67083333333333
50,100,3.15388888888889
51,1,1.12805555555556
51,2,1.06527777777778
51,3,0.985
51,4,0.849722222222222
51,5,1.31416666666667
51,6,0.809444444444444
51,7,0.900277777777778
51,8,0.764444444444445
51,9,1.11722222222222
51,10,0.808333333333333
51,11,1.025
51,12,0.885
51,13,1.07722222222222
51,14,0.890833333333333
51,15,0.741111111111111
51,16,0.863055555555555
51,17,0.891111111111111
51,18,2.63888888888889
51,19,0.786388888888889
51,20,1.17888888888889
51,21,0.743611111111111
51,22,0.511666666666667
51,23,2.78083333333333
51,24,0.862777777777778
51,25,0.515833333333333
51,26,1.06277777777778
51,27,0.836111111111111
51,28,0.820277777777778
51,29,0.810277777777778
51,30,1.51194444444444
51,31,0.745833333333333
51,32,0.858888888888889
51,33,0.77
51,34,0.843055555555556
51,35,0.808333333333333
51,36,0.496388888888889
51,37,0.4825
51,38,0.538888888888889
51,39,1.25083333333333
51,40,0.982777777777778
51,41,0.858888888888889
51,42,2.23166666666667
51,43,4.20277777777778
51,44,1.26222222222222
51,45,1.09194444444444
51,46,0.875277777777778
51,47,0.764444444444445
51,48,0.565833333333333
51,49,2.6375
51,50,2.23277777777778
51,51,0.0
51,52,2.13277777777778
51,53,0.9575
51,54,0.979722222222222
51,55,0.906944444444444
51,56,2.16722222222222
51,57,0.7475
51,58,1.20361111111111
51,59,2.44611111111111
51,60,1.17638888888889
51,61,1.46027777777778
51,62,0.791944444444444
51,63,0.9275
51,64,1.85888888888889
51,65,0.719722222222222
51,66,1.02555555555556
51,67,0.900833333333333
51,68,0.3625
51,69,0.936944444444444
51,70,0.933888888888889
51,71,1.05027777777778
51,72,2.32861111111111
51,73,0.8875
51,74,0.71
51,75,0.826944444444444
51,76,0.823055555555555
51,77,2.00972222222222
51,78,0.409722222222222
51,79,2.38277777777778
51,80,0.518611111111111
51,81,0.938333333333333
51,82,1.24888888888889
51,83,0.911666666666667
51,84,2.32555555555556
51,85,1.57111111111111
51,86,1.20833333333333
51,87,2.11388888888889
51,88,1.00694444444444
51,89,0.890555555555555
51,90,0.827777777777778
51,91,0.775277777777778
51,92,0.719166666666667
51,93,0.9575
51,94,0.855
51,95,0.851111111111111
51,96,0.801388888888889
51,97,0.758055555555556
51,98,0.8875
51,99,1.76611111111111
51,100,1.24888888888889
52,1,3.00111111111111
52,2,2.93833333333333
52,3,2.85805555555556
52,4,2.72277777777778
52,5,0.871388888888889
52,6,2.6825
52,7,2.77333333333333
52,8,2.6375
52,9,2.99027777777778
52,10,2.68138888888889
52,11,2.89805555555556
52,12,2.75805555555556
52,13,2.95027777777778
52,14,2.76388888888889
52,15,2.61416666666667
52,16,2.73611111111111
52,17,2.76416666666667
52,18,4.51194444444444
52,19,2.65944444444444
52,20,2.96583333333333
52,21,2.61666666666667
52,22,2.47888888888889
52,23,4.65388888888889
52,24,2.73583333333333
52,25,2.38305555555556
52,26,2.93583333333333
52,27,2.70916666666667
52,28,2.69361111111111
52,29,2.68333333333333
52,30,3.385
52,31,2.61888888888889
52,32,2.73194444444444
52,33,2.64305555555556
52,34,2.71611111111111
52,35,2.68138888888889
52,36,2.54638888888889
52,37,2.44972222222222
52,38,2.40583333333333
52,39,2.99861111111111
52,40,2.85583333333333
52,41,2.73194444444444
52,42,4.10472222222222
52,43,6.07583333333333
52,44,3.13527777777778
52,45,2.965
52,46,2.74833333333333
52,47,2.6375
52,48,1.69944444444444
52,49,4.51055555555556
52,50,1.73305555555556
52,51,2.19916666666667
52,52,0.0
52,53,2.83055555555556
52,54,2.85277777777778
52,55,2.78
52,56,0.184166666666667
52,57,2.62055555555556
52,58,3.07666666666667
52,59,4.25388888888889
52,60,3.04944444444444
52,61,3.33333333333333
52,62,2.665
52,63,2.80055555555556
52,64,0.596666666666667
52,65,2.39111111111111
52,66,2.89861111111111
52,67,2.77388888888889
52,68,2.12805555555556
52,69,2.81
52,70,2.80694444444444
52,71,2.92333333333333
52,72,4.20166666666667
52,73,2.76055555555556
52,74,1.575
52,75,2.70027777777778
52,76,2.69611111111111
52,77,0.856666666666667
52,78,2.45972222222222
52,79,4.25583333333333
52,80,2.56861111111111
52,81,2.81138888888889
52,82,3.12222222222222
52,83,2.78472222222222
52,84,4.145
52,85,3.44416666666667
52,86,3.08138888888889
52,87,0.069722222222222
52,88,2.88
52,89,2.76361111111111
52,90,2.70083333333333
52,91,2.64833333333333
52,92,2.59222222222222
52,93,2.83055555555556
52,94,2.72805555555556
52,95,2.72416666666667
52,96,2.67444444444444
52,97,2.63111111111111
52,98,2.76055555555556
52,99,3.63916666666667
52,100,3.12222222222222
53,1,0.669722222222222
53,2,0.415833333333333
53,3,0.4925
53,4,0.598611111111111
53,5,2.03444444444444
53,6,0.596666666666667
53,7,0.733333333333333
53,8,0.603888888888889
53,9,0.624722222222222
53,10,0.6675
53,11,0.638333333333333
53,12,0.718055555555556
53,13,0.605
53,14,0.368055555555556
53,15,0.599722222222222
53,16,0.695833333333333
53,17,0.724166666666667
53,18,2.18055555555556
53,19,0.576944444444445
53,20,0.821388888888889
53,21,0.437222222222222
53,22,0.820555555555556
53,23,2.14694444444444
53,24,0.695833333333333
53,25,0.724444444444444
53,26,0.670833333333333
53,27,0.400277777777778
53,28,0.679444444444444
53,29,0.669166666666667
53,30,0.878055555555556
53,31,0.604722222222222
53,32,0.691666666666667
53,33,0.629166666666667
53,34,0.676111111111111
53,35,0.6675
53,36,0.983333333333333
53,37,0.791388888888889
53,38,0.751666666666667
53,39,1.44333333333333
53,40,0.49
53,41,0.490833333333333
53,42,1.77305555555556
53,43,3.56888888888889
53,44,0.628333333333333
53,45,0.458055555555556
53,46,0.362222222222222
53,47,0.603888888888889
53,48,1.28611111111111
53,49,2.17888888888889
53,50,2.95305555555556
53,51,0.958611111111111
53,52,2.85305555555556
53,53,0.0
53,54,0.487222222222222
53,55,0.338055555555555
53,56,2.8875
53,57,0.606388888888889
53,58,0.711111111111111
53,59,2.08861111111111
53,60,0.542222222222222
53,61,0.826388888888889
53,62,0.651111111111111
53,63,0.384722222222222
53,64,2.57944444444444
53,65,1.41611111111111
53,66,0.633888888888889
53,67,0.759722222222222
53,68,1.09777777777778
53,69,0.487777777777778
53,70,0.441111111111111
53,71,0.5575
53,72,1.87027777777778
53,73,0.720555555555556
53,74,1.43027777777778
53,75,0.686111111111111
53,76,0.681944444444444
53,77,2.73
53,78,0.858333333333333
53,79,1.92416666666667
53,80,1.1075
53,81,0.771388888888889
53,82,0.615
53,83,0.223333333333333
53,84,1.86722222222222
53,85,0.937222222222222
53,86,0.694444444444444
53,87,2.83416666666667
53,88,0.514444444444445
53,89,0.723611111111111
53,90,0.347777777777778
53,91,0.608333333333333
53,92,0.560833333333333
53,93,0.0
53,94,0.4975
53,95,0.684166666666667
53,96,0.487222222222222
53,97,0.616944444444444
53,98,0.720555555555556
53,99,1.13194444444444
53,100,0.615
54,1,0.934444444444444
54,2,0.403055555555556
54,3,0.180277777777778
54,4,0.680555555555556
54,5,2.075
54,6,0.637222222222222
54,7,0.724166666666667
54,8,0.663888888888889
54,9,0.321388888888889
54,10,0.707777777777778
54,11,0.335
54,12,0.600833333333333
54,13,0.816944444444444
54,14,0.438055555555555
54,15,0.640277777777778
54,16,0.564166666666667
54,17,0.734444444444444
54,18,2.44527777777778
54,19,0.658888888888889
54,20,0.998888888888889
54,21,0.536666666666667
54,22,0.861111111111111
54,23,2.19027777777778
54,24,0.622777777777778
54,25,0.765
54,26,0.367777777777778
54,27,0.421111111111111
54,28,0.72
54,29,0.709722222222222
54,30,0.921388888888889
54,31,0.645277777777778
54,32,0.56
54,33,0.669722222222222
54,34,0.673333333333333
54,35,0.708055555555555
54,36,1.02388888888889
54,37,0.831944444444444
54,38,0.792222222222222
54,39,1.62083333333333
54,40,0.178055555555555
54,41,0.686666666666667
54,42,2.03777777777778
54,43,3.61222222222222
54,44,0.671666666666667
54,45,0.590277777777778
54,46,0.534166666666667
54,47,0.663888888888889
54,48,1.32666666666667
54,49,2.44388888888889
54,50,2.99361111111111
54,51,0.999166666666667
54,52,2.89361111111111
54,53,0.526111111111111
54,54,0.0
54,55,0.625555555555555
54,56,2.92805555555556
54,57,0.646944444444444
54,58,0.361666666666667
54,59,2.26611111111111
54,60,0.674722222222222
54,61,0.869722222222222
54,62,0.691666666666667
54,63,0.288055555555555
54,64,2.62
54,65,1.45666666666667
54,66,0.330833333333333
54,67,0.800277777777778
54,68,1.13833333333333
54,69,0.764722222222222
54,70,0.224722222222222
54,71,0.255555555555555
54,72,2.135
54,73,0.6475
54,74,1.47083333333333
54,75,0.726666666666667
54,76,0.7225
54,77,2.77055555555556
54,78,0.898888888888889
54,79,2.18888888888889
54,80,1.14777777777778
54,81,0.5325
54,82,0.658611111111111
54,83,0.545833333333333
54,84,2.13194444444444
54,85,0.92
54,86,0.906111111111111
54,87,2.87472222222222
54,88,0.268611111111111
54,89,0.650555555555556
54,90,0.611944444444444
54,91,0.648888888888889
54,92,0.618888888888889
54,93,0.526111111111111
54,94,0.675
54,95,0.681388888888889
54,96,0.568888888888889
54,97,0.6575
54,98,0.6475
54,99,1.05222222222222
54,100,0.658611111111111
55,1,0.444166666666667
55,2,0.388611111111111
55,3,0.663055555555555
55,4,0.636666666666667
55,5,1.97
55,6,0.465
55,7,0.654444444444444
55,8,0.551666666666667
55,9,0.795277777777778
55,10,0.601388888888889
55,11,0.779166666666667
55,12,0.639166666666667
55,13,0.355277777777778
55,14,0.568888888888889
55,15,0.536111111111111
55,16,0.617222222222222
55,17,0.645277777777778
55,18,1.955
55,19,0.573611111111111
55,20,0.640555555555555
55,21,0.295
55,22,0.756111111111111
55,23,2.10416666666667
55,24,0.616944444444444
55,25,0.66
55,26,0.816944444444444
55,27,0.5225
55,28,0.613611111111111
55,29,0.603333333333333
55,30,0.835555555555556
55,31,0.536111111111111
55,32,0.613055555555556
55,33,0.560277777777778
55,34,0.597222222222222
55,35,0.601666666666667
55,36,0.918611111111111
55,37,0.726944444444444
55,38,0.687222222222222
55,39,1.2625
55,40,0.660833333333333
55,41,0.262777777777778
55,42,1.5475
55,43,3.52638888888889
55,44,0.585833333333333
55,45,0.301666666666667
55,46,0.3025
55,47,0.551666666666667
55,48,1.22166666666667
55,49,1.95361111111111
55,50,2.88833333333333
55,51,0.894166666666667
55,52,2.78861111111111
55,53,0.375555555555555
55,54,0.657777777777778
55,55,0.0
55,56,2.82305555555556
55,57,0.537777777777778
55,58,0.720555555555556
55,59,1.90777777777778
55,60,0.373333333333333
55,61,0.783888888888889
55,62,0.585277777777778
55,63,0.605833333333333
55,64,2.51472222222222
55,65,1.35166666666667
55,66,0.78
55,67,0.693888888888889
55,68,1.03305555555556
55,69,0.218333333333333
55,70,0.611944444444444
55,71,0.728333333333333
55,72,1.64472222222222
55,73,0.641666666666667
55,74,1.36583333333333
55,75,0.620277777777778
55,76,0.616111111111111
55,77,2.66555555555556
55,78,0.793888888888889
55,79,1.69861111111111
55,80,1.04277777777778
55,81,0.6925
55,82,0.5725
55,83,0.155
55,84,1.64166666666667
55,85,0.894722222222222
55,86,0.444722222222222
55,87,2.76972222222222
55,88,0.685
55,89,0.644722222222222
55,90,0.162222222222222
55,91,0.529444444444444
55,92,0.506388888888889
55,93,0.375555555555555
55,94,0.316666666666667
55,95,0.605277777777778
55,96,0.6175
55,97,0.551111111111111
55,98,0.641666666666667
55,99,1.08944444444444
55,100,0.5725
56,1,3.02
56,2,2.95722222222222
56,3,2.87694444444444
56,4,2.74166666666667
56,5,0.890277777777778
56,6,2.70138888888889
56,7,2.79222222222222
56,8,2.65638888888889
56,9,3.00916666666667
56,10,2.70027777777778
56,11,2.91694444444444
56,12,2.77694444444444
56,13,2.96916666666667
56,14,2.78277777777778
56,15,2.63305555555556
56,16,2.755
56,17,2.78333333333333
56,18,4.53083333333333
56,19,2.67861111111111
56,20,2.985
56,21,2.63555555555556
56,22,2.49805555555556
56,23,4.67277777777778
56,24,2.75472222222222
56,25,2.40194444444444
56,26,2.95472222222222
56,27,2.72805555555556
56,28,2.7125
56,29,2.70222222222222
56,30,3.40388888888889
56,31,2.63777777777778
56,32,2.75083333333333
56,33,2.66222222222222
56,34,2.735
56,35,2.70055555555556
56,36,2.56527777777778
56,37,2.46888888888889
56,38,2.425
56,39,3.0175
56,40,2.87472222222222
56,41,2.75083333333333
56,42,4.12361111111111
56,43,6.095
56,44,3.15444444444444
56,45,2.98416666666667
56,46,2.76722222222222
56,47,2.65638888888889
56,48,1.71833333333333
56,49,4.52944444444445
56,50,1.90583333333333
56,51,2.21805555555556
56,52,0.188055555555555
56,53,2.84944444444444
56,54,2.87194444444444
56,55,2.79888888888889
56,56,0.0
56,57,2.63944444444444
56,58,3.09583333333333
56,59,4.27277777777778
56,60,3.06833333333333
56,61,3.35222222222222
56,62,2.68416666666667
56,63,2.81972222222222
56,64,0.769722222222222
56,65,2.41
56,66,2.91777777777778
56,67,2.79277777777778
56,68,2.14722222222222
56,69,2.82888888888889
56,70,2.82583333333333
56,71,2.94222222222222
56,72,4.22083333333333
56,73,2.77944444444444
56,74,1.59416666666667
56,75,2.71916666666667
56,76,2.715
56,77,1.02944444444444
56,78,2.47861111111111
56,79,4.27472222222222
56,80,2.5875
56,81,2.83055555555556
56,82,3.14111111111111
56,83,2.80361111111111
56,84,4.16388888888889
56,85,3.46333333333333
56,86,3.10027777777778
56,87,0.197222222222222
56,88,2.89888888888889
56,89,2.78277777777778
56,90,2.72
56,91,2.6675
56,92,2.61138888888889
56,93,2.84944444444444
56,94,2.74722222222222
56,95,2.74333333333333
56,96,2.69333333333333
56,97,2.65
56,98,2.77972222222222
56,99,3.65805555555556
56,100,3.14111111111111
57,1,0.845277777777778
57,2,0.760555555555555
57,3,0.678055555555556
57,4,0.439722222222222
57,5,1.86777777777778
57,6,0.526666666666667
57,7,0.323055555555555
57,8,0.358611111111111
57,9,0.714166666666667
57,10,0.221944444444444
57,11,0.616666666666667
57,12,0.476944444444444
57,13,0.794444444444444
57,14,0.504722222222222
57,15,0.191944444444444
57,16,0.454722222222222
57,17,0.342777777777778
57,18,2.35611111111111
57,19,0.376388888888889
57,20,0.896111111111111
57,21,0.438888888888889
57,22,0.653888888888889
57,23,2.47611111111111
57,24,0.454722222222222
57,25,0.558055555555556
57,26,0.654444444444444
57,27,0.555277777777778
57,28,0.234166666666667
57,29,0.271944444444444
57,30,1.20722222222222
57,31,0.253333333333333
57,32,0.450555555555555
57,33,0.183333333333333
57,34,0.416111111111111
57,35,0.222777777777778
57,36,0.816666666666667
57,37,0.624722222222222
57,38,0.585
57,39,1.51833333333333
57,40,0.675555555555556
57,41,0.576111111111111
57,42,1.94888888888889
57,43,3.89833333333333
57,44,0.957777777777778
57,45,0.787222222222222
57,46,0.568333333333333
57,47,0.358611111111111
57,48,1.11972222222222
57,49,2.35472222222222
57,50,2.78638888888889
57,51,0.791944444444444
57,52,2.68666666666667
57,53,0.650277777777778
57,54,0.672777777777778
57,55,0.624166666666667
57,56,2.72111111111111
57,57,0.0
57,58,0.896666666666667
57,59,2.16361111111111
57,60,0.871666666666667
57,61,1.15555555555556
57,62,0.289722222222222
57,63,0.620555555555556
57,64,2.41277777777778
57,65,1.24972222222222
57,66,0.6175
57,67,0.314444444444444
57,68,0.931111111111111
57,69,0.654166666666667
57,70,0.626666666666667
57,71,0.743055555555556
57,72,2.04583333333333
57,73,0.479444444444444
57,74,1.26388888888889
57,75,0.232222222222222
57,76,0.268333333333333
57,77,2.56361111111111
57,78,0.691944444444444
57,79,2.1
57,80,0.940833333333333
57,81,0.530277777777778
57,82,0.944444444444444
57,83,0.606944444444444
57,84,2.04277777777778
57,85,1.26666666666667
57,86,0.925555555555555
57,87,2.66777777777778
57,88,0.7
57,89,0.4825
57,90,0.523333333333333
57,91,0.367222222222222
57,92,0.291111111111111
57,93,0.650277777777778
57,94,0.5725
57,95,0.409722222222222
57,96,0.391388888888889
57,97,0.074444444444444
57,98,0.479444444444444
57,99,1.46138888888889
57,100,0.944444444444444
58,1,1.09361111111111
58,2,0.561666666666667
58,3,0.416666666666667
58,4,0.94
58,5,2.33444444444444
58,6,0.896666666666667
58,7,0.8625
58,8,0.923611111111111
58,9,0.459722222222222
58,10,0.930555555555556
58,11,0.473333333333333
58,12,0.738888888888889
58,13,0.975277777777778
58,14,0.6975
58,15,0.9
58,16,0.7025
58,17,0.872777777777778
58,18,2.60444444444444
58,19,0.918333333333333
58,20,1.24361111111111
58,21,0.796388888888889
58,22,1.12055555555556
58,23,2.22611111111111
58,24,0.761111111111111
58,25,1.02472222222222
58,26,0.505833333333333
58,27,0.680555555555556
58,28,0.944722222222222
58,29,0.906944444444444
58,30,0.639444444444445
58,31,0.904722222222222
58,32,0.698333333333333
58,33,0.929166666666667
58,34,0.811388888888889
58,35,0.89
58,36,1.28333333333333
58,37,1.09138888888889
58,38,1.05166666666667
58,39,1.86555555555556
58,40,0.358611111111111
58,41,0.946388888888889
58,42,2.19722222222222
58,43,3.64833333333333
58,44,0.803611111111111
58,45,0.748888888888889
58,46,0.793888888888889
58,47,0.923611111111111
58,48,1.58638888888889
58,49,2.60305555555556
58,50,3.25305555555556
58,51,1.25861111111111
58,52,3.15333333333333
58,53,0.785555555555556
58,54,0.455833333333333
58,55,0.784166666666667
58,56,3.18777777777778
58,57,0.906388888888889
58,58,0.0
58,59,2.51083333333333
58,60,0.833055555555555
58,61,0.671388888888889
58,62,0.951111111111111
58,63,0.547777777777778
58,64,2.87944444444444
58,65,1.71638888888889
58,66,0.468888888888889
58,67,1.01888888888889
58,68,1.39777777777778
58,69,0.916944444444444
58,70,0.484166666666667
58,71,0.391666666666667
58,72,2.29444444444444
58,73,0.785833333333333
58,74,1.73055555555556
58,75,0.981111111111111
58,76,0.976944444444444
58,77,3.03027777777778
58,78,1.15861111111111
58,79,2.34833333333333
58,80,1.4075
58,81,0.670833333333333
58,82,0.816944444444444
58,83,0.704444444444444
58,84,2.305
58,85,0.594444444444444
58,86,1.06472222222222
58,87,3.13444444444444
58,88,0.528333333333333
58,89,0.788888888888889
58,90,0.770555555555555
58,91,0.751111111111111
58,92,0.878333333333333
58,93,0.785555555555556
58,94,0.919722222222222
58,95,0.819722222222222
58,96,0.828611111111111
58,97,0.917222222222222
58,98,0.785833333333333
58,99,0.726666666666667
58,100,0.816944444444444
59,1,2.04416666666667
59,2,1.99138888888889
59,3,2.14055555555556
59,4,2.11416666666667
59,5,3.34944444444444
59,6,1.94222222222222
59,7,2.13166666666667
59,8,2.02888888888889
59,9,2.27277777777778
59,10,2.07888888888889
59,11,2.25638888888889
59,12,2.11666666666667
59,13,1.99333333333333
59,14,2.04638888888889
59,15,2.01361111111111
59,16,2.09444444444444
59,17,2.12277777777778
59,18,2.58277777777778
59,19,2.05111111111111
59,20,1.6875
59,21,1.76
59,22,2.23333333333333
59,23,3.46722222222222
59,24,2.09444444444444
59,25,2.13722222222222
59,26,2.29416666666667
59,27,1.99166666666667
59,28,2.09083333333333
59,29,2.08083333333333
59,30,2.43805555555556
59,31,2.01333333333333
59,32,2.09027777777778
59,33,2.03777777777778
59,34,2.07472222222222
59,35,2.07888888888889
59,36,2.39611111111111
59,37,2.20416666666667
59,38,2.16444444444444
59,39,1.70638888888889
59,40,2.13833333333333
59,41,1.775
59,42,1.93555555555556
59,43,4.53444444444444
59,44,2.18833333333333
59,45,2.01805555555556
59,46,1.90583333333333
59,47,2.02888888888889
59,48,2.60111111111111
59,49,2.58111111111111
59,50,4.26805555555556
59,51,2.37138888888889
59,52,4.16805555555556
59,53,1.97805555555556
59,54,2.13527777777778
59,55,1.82305555555556
59,56,4.2025
59,57,2.015
59,58,2.32305555555556
59,59,0.0
59,60,2.10222222222222
59,61,2.38638888888889
59,62,2.0625
59,63,2.08305555555556
59,64,3.89416666666667
59,65,2.82916666666667
59,66,2.25722222222222
59,67,2.17138888888889
59,68,2.405
59,69,1.85305555555556
59,70,2.08944444444444
59,71,2.20583333333333
59,72,1.89416666666667
59,73,2.11916666666667
59,74,2.74527777777778
59,75,2.0975
59,76,2.09333333333333
59,77,4.045
59,78,2.27138888888889
59,79,1.38722222222222
59,80,2.52027777777778
59,81,2.17
59,82,2.175
59,83,1.8375
59,84,1.32305555555556
59,85,2.49722222222222
59,86,2.12444444444444
59,87,4.14916666666667
59,88,2.1625
59,89,2.12222222222222
59,90,1.76444444444444
59,91,2.00694444444444
59,92,1.98361111111111
59,93,1.97805555555556
59,94,1.65583333333333
59,95,2.08277777777778
59,96,2.0825
59,97,2.02861111111111
59,98,2.11916666666667
59,99,2.69194444444444
59,100,2.175
60,1,0.507222222222222
60,2,0.396666666666667
60,3,0.708055555555555
60,4,0.921944444444444
60,5,2.24777777777778
60,6,0.750833333333333
60,7,0.940277777777778
60,8,0.836666666666667
60,9,0.849166666666667
60,10,0.880555555555556
60,11,0.862777777777778
60,12,0.925277777777778
60,13,0.358611111111111
60,14,0.810833333333333
60,15,0.813055555555555
60,16,0.903055555555556
60,17,0.931388888888889
60,18,2.01805555555556
60,19,0.858888888888889
60,20,0.926388888888889
60,21,0.5625
60,22,1.03388888888889
60,23,2.11222222222222
60,24,0.903055555555556
60,25,0.937777777777778
60,26,0.895555555555555
60,27,0.775
60,28,0.892777777777778
60,29,0.8825
60,30,0.843333333333333
60,31,0.818055555555556
60,32,0.898888888888889
60,33,0.842222222222222
60,34,0.883333333333333
60,35,0.880833333333333
60,36,1.19666666666667
60,37,1.00472222222222
60,38,0.965
60,39,1.54861111111111
60,40,0.705833333333333
60,41,0.554166666666667
60,42,1.61055555555556
60,43,3.53444444444444
60,44,0.593888888888889
60,45,0.084722222222222
60,46,0.573888888888889
60,47,0.836666666666667
60,48,1.49944444444444
60,49,2.01638888888889
60,50,3.16638888888889
60,51,1.17194444444444
60,52,3.06638888888889
60,53,0.548611111111111
60,54,0.685277777777778
60,55,0.289722222222222
60,56,3.10083333333333
60,57,0.819722222222222
60,58,0.728611111111111
60,59,2.19388888888889
60,60,0.0
60,61,0.791666666666667
60,62,0.864444444444444
60,63,0.669166666666667
60,64,2.79277777777778
60,65,1.62944444444444
60,66,0.858611111111111
60,67,0.973055555555555
60,68,1.31111111111111
60,69,0.418333333333333
60,70,0.7525
60,71,0.783333333333333
60,72,1.70777777777778
60,73,0.927777777777778
60,74,1.64361111111111
60,75,0.899444444444444
60,76,0.895277777777778
60,77,2.94333333333333
60,78,1.07166666666667
60,79,1.76166666666667
60,80,1.32055555555556
60,81,0.978611111111111
60,82,0.580555555555556
60,83,0.4075
60,84,1.70472222222222
60,85,0.902777777777778
60,86,0.448055555555555
60,87,3.0475
60,88,0.796388888888889
60,89,0.930833333333333
60,90,0.433611111111111
60,91,0.815555555555556
60,92,0.791666666666667
60,93,0.548611111111111
60,94,0.602777777777778
60,95,0.891388888888889
60,96,0.87
60,97,0.830277777777778
60,98,0.927777777777778
60,99,1.0975
60,100,0.580555555555556
61,1,1.02527777777778
61,2,0.550555555555556
61,3,0.861944444444444
61,4,1.15055555555556
61,5,2.47611111111111
61,6,1.00861111111111
61,7,1.20111111111111
61,8,1.06527777777778
61,9,1.00305555555556
61,10,1.10916666666667
61,11,1.01666666666667
61,12,1.18583333333333
61,13,0.906666666666667
61,14,1.03944444444444
61,15,1.04166666666667
61,16,1.16388888888889
61,17,1.19194444444444
61,18,2.25722222222222
61,19,1.08722222222222
61,20,1.175
61,21,0.790833333333333
61,22,1.26222222222222
61,23,1.90361111111111
61,24,1.16361111111111
61,25,1.16638888888889
61,26,1.04916666666667
61,27,1.00333333333333
61,28,1.12111111111111
61,29,1.11111111111111
61,30,0.466944444444444
61,31,1.04666666666667
61,32,1.15972222222222
61,33,1.07083333333333
61,34,1.14388888888889
61,35,1.10916666666667
61,36,1.425
61,37,1.23333333333333
61,38,1.19333333333333
61,39,1.79694444444444
61,40,0.859722222222222
61,41,0.846388888888889
61,42,1.85
61,43,3.32583333333333
61,44,0.214166666666667
61,45,0.680277777777778
61,46,0.838611111111111
61,47,1.06527777777778
61,48,1.72805555555556
61,49,2.25583333333333
61,50,3.39472222222222
61,51,1.40027777777778
61,52,3.295
61,53,0.791388888888889
61,54,0.839166666666667
61,55,0.715555555555556
61,56,3.32944444444444
61,57,1.04833333333333
61,58,0.771111111111111
61,59,2.44222222222222
61,60,0.764722222222222
61,61,0.0
61,62,1.09277777777778
61,63,0.822777777777778
61,64,3.02111111111111
61,65,1.85805555555556
61,66,1.01222222222222
61,67,1.20166666666667
61,68,1.53944444444444
61,69,0.848333333333333
61,70,0.906111111111111
61,71,0.936944444444444
61,72,1.94694444444444
61,73,1.18833333333333
61,74,1.87222222222222
61,75,1.12777777777778
61,76,1.12388888888889
61,77,3.17194444444444
61,78,1.30027777777778
61,79,2.00111111111111
61,80,1.54916666666667
61,81,1.23916666666667
61,82,0.421111111111111
61,83,0.635833333333333
61,84,1.955
61,85,0.231944444444444
61,86,0.996111111111111
61,87,3.27611111111111
61,88,0.95
61,89,1.19138888888889
61,90,0.701944444444445
61,91,1.07611111111111
61,92,1.02
61,93,0.791388888888889
61,94,0.851111111111111
61,95,1.15194444444444
61,96,1.09833333333333
61,97,1.05888888888889
61,98,1.18833333333333
61,99,0.620833333333333
61,100,0.421111111111111
62,1,0.855
62,2,0.766666666666667
62,3,0.663055555555555
62,4,0.443888888888889
62,5,1.87416666666667
62,6,0.536111111111111
62,7,0.219722222222222
62,8,0.363888888888889
62,9,0.584722222222222
62,10,0.118611111111111
62,11,0.487222222222222
62,12,0.341944444444444
62,13,0.803888888888889
62,14,0.508888888888889
62,15,0.341666666666667
62,16,0.303055555555556
62,17,0.2275
62,18,2.36583333333333
62,19,0.380833333333333
62,20,0.905833333333333
62,21,0.445
62,22,0.660277777777778
62,23,2.48222222222222
62,24,0.319722222222222
62,25,0.564166666666667
62,26,0.525
62,27,0.559722222222222
62,28,0.130555555555556
62,29,0.050277777777778
62,30,1.21333333333333
62,31,0.291388888888889
62,32,0.321111111111111
62,33,0.320555555555555
62,34,0.288055555555555
62,35,0.101388888888889
62,36,0.822777777777778
62,37,0.631111111111111
62,38,0.591388888888889
62,39,1.52777777777778
62,40,0.624444444444444
62,41,0.585833333333333
62,42,1.95833333333333
62,43,3.90444444444444
62,44,0.963888888888889
62,45,0.793611111111111
62,46,0.601944444444444
62,47,0.363888888888889
62,48,1.12583333333333
62,49,2.36416666666667
62,50,2.7925
62,51,0.798333333333333
62,52,2.69277777777778
62,53,0.684166666666667
62,54,0.706666666666667
62,55,0.633611111111111
62,56,2.72722222222222
62,57,0.302777777777778
62,58,0.845277777777778
62,59,2.17305555555556
62,60,0.877777777777778
62,61,1.16166666666667
62,62,0.0
62,63,0.654444444444444
62,64,2.41888888888889
62,65,1.25583333333333
62,66,0.488055555555556
62,67,0.211111111111111
62,68,0.937222222222222
62,69,0.663611111111111
62,70,0.660555555555556
62,71,0.620833333333333
62,72,2.05555555555556
62,73,0.344444444444444
62,74,1.27
62,75,0.2025
62,76,0.159722222222222
62,77,2.56972222222222
62,78,0.698055555555556
62,79,2.10944444444444
62,80,0.946944444444444
62,81,0.378611111111111
62,82,0.950555555555555
62,83,0.613055555555556
62,84,2.0525
62,85,1.27277777777778
62,86,0.935
62,87,2.67388888888889
62,88,0.733888888888889
62,89,0.3475
62,90,0.529444444444444
62,91,0.215555555555555
62,92,0.295555555555555
62,93,0.684166666666667
62,94,0.581944444444444
62,95,0.296111111111111
62,96,0.395555555555555
62,97,0.263888888888889
62,98,0.344444444444444
62,99,1.4675
62,100,0.950555555555555
63,1,0.8675
63,2,0.343055555555555
63,3,0.251666666666667
63,4,0.570277777777778
63,5,2.00805555555556
63,6,0.570277777777778
63,7,0.706666666666667
63,8,0.620833333333333
63,9,0.383888888888889
63,10,0.640833333333333
63,11,0.397777777777778
63,12,0.663333333333333
63,13,0.791111111111111
63,14,0.371111111111111
63,15,0.573333333333333
63,16,0.626666666666667
63,17,0.697777777777778
63,18,2.37833333333333
63,19,0.556666666666667
63,20,0.931944444444444
63,21,0.469722222222222
63,22,0.794166666666667
63,23,2.16472222222222
63,24,0.669444444444444
63,25,0.698055555555556
63,26,0.430277777777778
63,27,0.354166666666667
63,28,0.653055555555556
63,29,0.642777777777778
63,30,0.895833333333333
63,31,0.578333333333333
63,32,0.6225
63,33,0.602777777777778
63,34,0.649722222222222
63,35,0.641111111111111
63,36,0.956944444444444
63,37,0.765
63,38,0.725277777777778
63,39,1.55388888888889
63,40,0.249444444444444
63,41,0.619722222222222
63,42,1.97083333333333
63,43,3.58666666666667
63,44,0.646111111111111
63,45,0.564722222222222
63,46,0.467222222222222
63,47,0.620833333333333
63,48,1.25972222222222
63,49,2.37694444444444
63,50,2.92666666666667
63,51,0.932222222222222
63,52,2.82666666666667
63,53,0.284722222222222
63,54,0.246388888888889
63,55,0.587777777777778
63,56,2.86111111111111
63,57,0.58
63,58,0.470277777777778
63,59,2.19916666666667
63,60,0.648888888888889
63,61,0.844166666666667
63,62,0.624722222222222
63,63,0.0
63,64,2.55305555555556
63,65,1.38972222222222
63,66,0.393333333333333
63,67,0.733333333333333
63,68,1.07138888888889
63,69,0.697777777777778
63,70,0.186944444444444
63,71,0.316944444444444
63,72,2.06805555555556
63,73,0.694166666666667
63,74,1.40388888888889
63,75,0.659722222222222
63,76,0.655555555555556
63,77,2.70361111111111
63,78,0.831944444444444
63,79,2.12194444444444
63,80,1.08083333333333
63,81,0.595277777777778
63,82,0.648888888888889
63,83,0.485555555555556
63,84,2.065
63,85,0.955
63,86,0.880555555555556
63,87,2.80777777777778
63,88,0.260277777777778
63,89,0.697222222222222
63,90,0.576388888888889
63,91,0.581944444444444
63,92,0.551944444444444
63,93,0.284722222222222
63,94,0.608055555555556
63,95,0.657777777777778
63,96,0.467222222222222
63,97,0.590555555555556
63,98,0.694166666666667
63,99,1.1625
63,100,0.648888888888889
64,1,2.76888888888889
64,2,2.70611111111111
64,3,2.62583333333333
64,4,2.49055555555556
64,5,0.639166666666667
64,6,2.45
64,7,2.54083333333333
64,8,2.40527777777778
64,9,2.75805555555556
64,10,2.44916666666667
64,11,2.66555555555556
64,12,2.52583333333333
64,13,2.71805555555556
64,14,2.53138888888889
64,15,2.38194444444444
64,16,2.50361111111111
64,17,2.53194444444444
64,18,4.27972222222222
64,19,2.42722222222222
64,20,2.73361111111111
64,21,2.38416666666667
64,22,2.24666666666667
64,23,4.42138888888889
64,24,2.50361111111111
64,25,2.15055555555556
64,26,2.70333333333333
64,27,2.47666666666667
64,28,2.46111111111111
64,29,2.45083333333333
64,30,3.15277777777778
64,31,2.38638888888889
64,32,2.49944444444444
64,33,2.41083333333333
64,34,2.48388888888889
64,35,2.44916666666667
64,36,2.31416666666667
64,37,2.2175
64,38,2.17361111111111
64,39,2.76611111111111
64,40,2.62361111111111
64,41,2.49972222222222
64,42,3.87222222222222
64,43,5.84361111111111
64,44,2.90305555555556
64,45,2.73277777777778
64,46,2.51611111111111
64,47,2.40527777777778
64,48,1.46722222222222
64,49,4.27805555555556
64,50,1.24305555555556
64,51,1.96694444444444
64,52,0.5825
64,53,2.59805555555556
64,54,2.62055555555556
64,55,2.5475
64,56,0.771944444444444
64,57,2.38805555555556
64,58,2.84444444444444
64,59,4.02138888888889
64,60,2.81694444444444
64,61,3.10111111111111
64,62,2.43277777777778
64,63,2.56833333333333
64,64,0.0
64,65,2.15888888888889
64,66,2.66638888888889
64,67,2.54166666666667
64,68,1.89583333333333
64,69,2.57777777777778
64,70,2.57444444444444
64,71,2.69083333333333
64,72,3.96944444444444
64,73,2.52833333333333
64,74,1.34277777777778
64,75,2.46777777777778
64,76,2.46361111111111
64,77,0.366666666666667
64,78,2.2275
64,79,4.02333333333333
64,80,2.33638888888889
64,81,2.57916666666667
64,82,2.88972222222222
64,83,2.55222222222222
64,84,3.9125
64,85,3.21194444444444
64,86,2.84916666666667
64,87,0.616944444444444
64,88,2.64777777777778
64,89,2.53138888888889
64,90,2.46861111111111
64,91,2.41611111111111
64,92,2.36
64,93,2.59805555555556
64,94,2.49583333333333
64,95,2.49194444444444
64,96,2.44222222222222
64,97,2.39888888888889
64,98,2.52833333333333
64,99,3.40666666666667
64,100,2.88972222222222
65,1,1.54333333333333
65,2,1.48027777777778
65,3,1.40027777777778
65,4,1.26472222222222
65,5,1.51166666666667
65,6,1.22444444444444
65,7,1.31527777777778
65,8,1.17944444444444
65,9,1.5325
65,10,1.22361111111111
65,11,1.44
65,12,1.30027777777778
65,13,1.49222222222222
65,14,1.30583333333333
65,15,1.15638888888889
65,16,1.27805555555556
65,17,1.30638888888889
65,18,3.05416666666667
65,19,1.20166666666667
65,20,1.59416666666667
65,21,1.15861111111111
65,22,0.897222222222222
65,23,3.19583333333333
65,24,1.27805555555556
65,25,0.930833333333333
65,26,1.47777777777778
65,27,1.25111111111111
65,28,1.23555555555556
65,29,1.22527777777778
65,30,1.92694444444444
65,31,1.16083333333333
65,32,1.27388888888889
65,33,1.18527777777778
65,34,1.25833333333333
65,35,1.22361111111111
65,36,0.806111111111111
65,37,0.890833333333333
65,38,0.953888888888889
65,39,1.70277777777778
65,40,1.39777777777778
65,41,1.27416666666667
65,42,2.64666666666667
65,43,4.61805555555556
65,44,1.6775
65,45,1.50722222222222
65,46,1.29027777777778
65,47,1.17944444444444
65,48,0.763333333333333
65,49,3.0525
65,50,2.31083333333333
65,51,0.659722222222222
65,52,2.33027777777778
65,53,1.3725
65,54,1.395
65,55,1.32194444444444
65,56,2.365
65,57,1.1625
65,58,1.61888888888889
65,59,2.86138888888889
65,60,1.59138888888889
65,61,1.87527777777778
65,62,1.20722222222222
65,63,1.34277777777778
65,64,2.05666666666667
65,65,0.0
65,66,1.44083333333333
65,67,1.31611111111111
65,68,0.8325
65,69,1.35194444444444
65,70,1.34888888888889
65,71,1.46527777777778
65,72,2.74388888888889
65,73,1.3025
65,74,0.9075
65,75,1.24222222222222
65,76,1.23805555555556
65,77,2.09805555555556
65,78,0.742222222222222
65,79,2.79777777777778
65,80,0.643055555555556
65,81,1.35361111111111
65,82,1.66416666666667
65,83,1.32666666666667
65,84,2.74083333333333
65,85,1.98638888888889
65,86,1.62333333333333
65,87,2.31138888888889
65,88,1.42222222222222
65,89,1.30583333333333
65,90,1.24305555555556
65,91,1.19055555555556
65,92,1.13444444444444
65,93,1.3725
65,94,1.27027777777778
65,95,1.26638888888889
65,96,1.21638888888889
65,97,1.17305555555556
65,98,1.30277777777778
65,99,2.18111111111111
65,100,1.66416666666667
66,1,1.02138888888889
66,2,0.676111111111111
66,3,0.286388888888889
66,4,0.55
66,5,2.07888888888889
66,6,0.702777777777778
66,7,0.435277777777778
66,8,0.567222222222222
66,9,0.141666666666667
66,10,0.503611111111111
66,11,0.101666666666667
66,12,0.311944444444444
66,13,0.970555555555556
66,14,0.611666666666667
66,15,0.638333333333333
66,16,0.275277777777778
66,17,0.445555555555556
66,18,2.53222222222222
66,19,0.598888888888889
66,20,1.07222222222222
66,21,0.65
66,22,0.865
66,23,2.46333333333333
66,24,0.333888888888889
66,25,0.769166666666667
66,26,0.081666666666667
66,27,0.594722222222222
66,28,0.517777777777778
66,29,0.479722222222222
66,30,1.07333333333333
66,31,0.554166666666667
66,32,0.271111111111111
66,33,0.578611111111111
66,34,0.384444444444444
66,35,0.463055555555555
66,36,1.02777777777778
66,37,0.835833333333333
66,38,0.796111111111111
66,39,1.69444444444444
66,40,0.273055555555555
66,41,0.752222222222222
66,42,2.125
66,43,3.88527777777778
66,44,0.944722222222222
66,45,0.863333333333333
66,46,0.708055555555555
66,47,0.567222222222222
66,48,1.33083333333333
66,49,2.53083333333333
66,50,2.9975
66,51,1.00305555555556
66,52,2.89777777777778
66,53,0.699722222222222
66,54,0.375
66,55,0.800277777777778
66,56,2.93222222222222
66,57,0.555833333333333
66,58,0.468611111111111
66,59,2.33972222222222
66,60,0.9475
66,61,1.10555555555556
66,62,0.565
66,63,0.461944444444444
66,64,2.62388888888889
66,65,1.46083333333333
66,66,0.0
66,67,0.591666666666667
66,68,1.14222222222222
66,69,0.830277777777778
66,70,0.398333333333333
66,71,0.244166666666667
66,72,2.22194444444444
66,73,0.358611111111111
66,74,1.47472222222222
66,75,0.554166666666667
66,76,0.55
66,77,2.77472222222222
66,78,0.903055555555556
66,79,2.27611111111111
66,80,1.15194444444444
66,81,0.243888888888889
66,82,0.931388888888889
66,83,0.789444444444444
66,84,2.21888888888889
66,85,1.02861111111111
66,86,1.10166666666667
66,87,2.87888888888889
66,88,0.4425
66,89,0.361666666666667
66,90,0.753055555555556
66,91,0.323888888888889
66,92,0.494722222222222
66,93,0.699722222222222
66,94,0.748611111111111
66,95,0.3925
66,96,0.595555555555556
66,97,0.617777777777778
66,98,0.358611111111111
66,99,1.16083333333333
66,100,0.931388888888889
67,1,0.878611111111111
67,2,0.815833333333333
67,3,0.735555555555556
67,4,0.478055555555556
67,5,1.92055555555556
67,6,0.559722222222222
67,7,0.227777777777778
67,8,0.397777777777778
67,9,0.670555555555556
67,10,0.126666666666667
67,11,0.573333333333333
67,12,0.393888888888889
67,13,0.827777777777778
67,14,0.542777777777778
67,15,0.366111111111111
67,16,0.389166666666667
67,17,0.247222222222222
67,18,2.38944444444444
67,19,0.414722222222222
67,20,0.929444444444444
67,21,0.493888888888889
67,22,0.706666666666667
67,23,2.53111111111111
67,24,0.376388888888889
67,25,0.610833333333333
67,26,0.611111111111111
67,27,0.593611111111111
67,28,0.138611111111111
67,29,0.162222222222222
67,30,1.2625
67,31,0.325277777777778
67,32,0.407222222222222
67,33,0.344444444444444
67,34,0.320555555555555
67,35,0.101388888888889
67,36,0.869444444444444
67,37,0.6775
67,38,0.637777777777778
67,39,1.55138888888889
67,40,0.710555555555556
67,41,0.609444444444444
67,42,1.98194444444444
67,43,3.95333333333333
67,44,1.01277777777778
67,45,0.8425
67,46,0.625833333333333
67,47,0.397777777777778
67,48,1.1725
67,49,2.38777777777778
67,50,2.83916666666667
67,51,0.844722222222222
67,52,2.73944444444444
67,53,0.707777777777778
67,54,0.730277777777778
67,55,0.657222222222222
67,56,2.77388888888889
67,57,0.316666666666667
67,58,0.931111111111111
67,59,2.19666666666667
67,60,0.926666666666666
67,61,1.21083333333333
67,62,0.144166666666667
67,63,0.678055555555556
67,64,2.46555555555556
67,65,1.3025
67,66,0.574166666666667
67,67,0.0
67,68,0.983888888888889
67,69,0.6875
67,70,0.684166666666667
67,71,0.706944444444444
67,72,2.07916666666667
67,73,0.378055555555555
67,74,1.31666666666667
67,75,0.236666666666667
67,76,0.193611111111111
67,77,2.61638888888889
67,78,0.744722222222222
67,79,2.13305555555556
67,80,0.993611111111111
67,81,0.464444444444444
67,82,0.999444444444444
67,83,0.661944444444444
67,84,2.07611111111111
67,85,1.32166666666667
67,86,0.958888888888889
67,87,2.72055555555556
67,88,0.7575
67,89,0.381388888888889
67,90,0.578333333333333
67,91,0.301666666666667
67,92,0.329444444444444
67,93,0.707777777777778
67,94,0.605555555555555
67,95,0.314166666666667
67,96,0.429722222222222
67,97,0.248611111111111
67,98,0.378333333333333
67,99,1.51638888888889
67,100,0.999444444444444
68,1,1.26694444444444
68,2,1.20416666666667
68,3,1.12388888888889
68,4,0.988611111111111
68,5,1.27666666666667
68,6,0.948055555555555
68,7,1.03888888888889
68,8,0.903333333333333
68,9,1.25611111111111
68,10,0.947222222222222
68,11,1.16361111111111
68,12,1.02388888888889
68,13,1.21611111111111
68,14,1.02944444444444
68,15,0.88
68,16,1.00166666666667
68,17,1.03
68,18,2.77777777777778
68,19,0.925277777777778
68,20,1.18055555555556
68,21,0.882222222222222
68,22,0.744722222222222
68,23,2.91944444444444
68,24,1.00166666666667
68,25,0.648611111111111
68,26,1.20138888888889
68,27,0.974722222222222
68,28,0.959166666666667
68,29,0.948888888888889
68,30,1.65083333333333
68,31,0.884444444444445
68,32,0.9975
68,33,0.908888888888889
68,34,0.981944444444444
68,35,0.947222222222222
68,36,0.804722222222222
68,37,0.715555555555556
68,38,0.671666666666667
68,39,1.21333333333333
68,40,1.12166666666667
68,41,0.997777777777778
68,42,2.37027777777778
68,43,4.34166666666667
68,44,1.40111111111111
68,45,1.23083333333333
68,46,1.01416666666667
68,47,0.903333333333333
68,48,0.528333333333333
68,49,2.77611111111111
68,50,2.19527777777778
68,51,0.4575
68,52,2.09527777777778
68,53,1.09611111111111
68,54,1.11861111111111
68,55,1.04555555555556
68,56,2.13
68,57,0.886111111111111
68,58,1.3425
68,59,2.46861111111111
68,60,1.315
68,61,1.59916666666667
68,62,0.930833333333333
68,63,1.06638888888889
68,64,1.82166666666667
68,65,0.895
68,66,1.16444444444444
68,67,1.03972222222222
68,68,0.0
68,69,1.07583333333333
68,70,1.0725
68,71,1.18888888888889
68,72,2.4675
68,73,1.02638888888889
68,74,0.6725
68,75,0.965833333333333
68,76,0.961666666666667
68,77,1.9725
68,78,0.718055555555556
68,79,2.52138888888889
68,80,0.826666666666667
68,81,1.07722222222222
68,82,1.38777777777778
68,83,1.05027777777778
68,84,2.35972222222222
68,85,1.71
68,86,1.34722222222222
68,87,2.07666666666667
68,88,1.14583333333333
68,89,1.02944444444444
68,90,0.966666666666667
68,91,0.914166666666667
68,92,0.858055555555556
68,93,1.09611111111111
68,94,0.993888888888889
68,95,0.99
68,96,0.940277777777778
68,97,0.896944444444444
68,98,1.02638888888889
68,99,1.90472222222222
68,100,1.38777777777778
69,1,0.438888888888889
69,2,0.534722222222222
69,3,0.795555555555556
69,4,0.769166666666667
69,5,2.10222222222222
69,6,0.597222222222222
69,7,0.786666666666667
69,8,0.683888888888889
69,9,0.927777777777778
69,10,0.733888888888889
69,11,0.911388888888889
69,12,0.771666666666667
69,13,0.388055555555555
69,14,0.701388888888889
69,15,0.668333333333333
69,16,0.749444444444444
69,17,0.777777777777778
69,18,1.94972222222222
69,19,0.705833333333333
69,20,0.557777777777778
69,21,0.415277777777778
69,22,0.888333333333333
69,23,2.13944444444444
69,24,0.749444444444444
69,25,0.792222222222222
69,26,0.949166666666667
69,27,0.646388888888889
69,28,0.745833333333333
69,29,0.735555555555556
69,30,0.981388888888889
69,31,0.668333333333333
69,32,0.745277777777778
69,33,0.692777777777778
69,34,0.729722222222222
69,35,0.733888888888889
69,36,1.05111111111111
69,37,0.859166666666667
69,38,0.819444444444444
69,39,1.395
69,40,0.793333333333333
69,41,0.252777777777778
69,42,1.54222222222222
69,43,3.56166666666667
69,44,0.731666666666667
69,45,0.476111111111111
69,46,0.420277777777778
69,47,0.683888888888889
69,48,1.35388888888889
69,49,1.94833333333333
69,50,3.02083333333333
69,51,1.02638888888889
69,52,2.92083333333333
69,53,0.521666666666667
69,54,0.790277777777778
69,55,0.244166666666667
69,56,2.95555555555556
69,57,0.67
69,58,0.866666666666667
69,59,2.04027777777778
69,60,0.512222222222222
69,61,0.929722222222222
69,62,0.7175
69,63,0.738055555555556
69,64,2.64722222222222
69,65,1.48388888888889
69,66,0.912222222222222
69,67,0.826388888888889
69,68,1.16555555555556
69,69,0.0
69,70,0.744166666666666
69,71,0.860555555555555
69,72,1.63944444444444
69,73,0.773888888888889
69,74,1.49805555555556
69,75,0.7525
69,76,0.748333333333333
69,77,2.79805555555556
69,78,0.926388888888889
69,79,1.69361111111111
69,80,1.17527777777778
69,81,0.825
69,82,0.718333333333333
69,83,0.344166666666667
69,84,1.63638888888889
69,85,1.04055555555556
69,86,0.520555555555555
69,87,2.90222222222222
69,88,0.8175
69,89,0.777222222222222
69,90,0.28
69,91,0.661944444444444
69,92,0.638611111111111
69,93,0.521666666666667
69,94,0.425
69,95,0.737777777777778
69,96,0.7375
69,97,0.683611111111111
69,98,0.774166666666667
69,99,1.23555555555556
69,100,0.718333333333333
70,1,0.830555555555556
70,2,0.487777777777778
70,3,0.193333333333333
70,4,0.520833333333333
70,5,1.97083333333333
70,6,0.533333333333333
70,7,0.669722222222222
70,8,0.571388888888889
70,9,0.326388888888889
70,10,0.603888888888889
70,11,0.34
70,12,0.605555555555555
70,13,0.779444444444444
70,14,0.333888888888889
70,15,0.536388888888889
70,16,0.569166666666667
70,17,0.660833333333333
70,18,2.34138888888889
70,19,0.507222222222222
70,20,0.894722222222222
70,21,0.432777777777778
70,22,0.756944444444444
70,23,2.27472222222222
70,24,0.6325
70,25,0.661111111111111
70,26,0.3725
70,27,0.316944444444444
70,28,0.616111111111111
70,29,0.605833333333333
70,30,1.0175
70,31,0.541388888888889
70,32,0.565
70,33,0.565555555555556
70,34,0.612777777777778
70,35,0.603888888888889
70,36,0.919722222222222
70,37,0.728055555555556
70,38,0.688333333333333
70,39,1.51694444444444
70,40,0.190833333333333
70,41,0.582777777777778
70,42,1.93388888888889
70,43,3.69694444444444
70,44,0.756388888888889
70,45,0.675
70,46,0.430277777777778
70,47,0.571388888888889
70,48,1.22277777777778
70,49,2.33972222222222
70,50,2.88944444444444
70,51,0.895277777777778
70,52,2.78972222222222
70,53,0.452777777777778
70,54,0.186666666666667
70,55,0.584166666666667
70,56,2.82416666666667
70,57,0.543055555555555
70,58,0.412777777777778
70,59,2.16222222222222
70,60,0.759166666666667
70,61,0.954444444444444
70,62,0.5875
70,63,0.167777777777778
70,64,2.51583333333333
70,65,1.35277777777778
70,66,0.335555555555555
70,67,0.696388888888889
70,68,1.03416666666667
70,69,0.660833333333333
70,70,0.0
70,71,0.259166666666667
70,72,2.03111111111111
70,73,0.656944444444444
70,74,1.36694444444444
70,75,0.622777777777778
70,76,0.618611111111111
70,77,2.66666666666667
70,78,0.795
70,79,2.085
70,80,1.04388888888889
70,81,0.5375
70,82,0.743055555555556
70,83,0.511666666666667
70,84,2.02805555555556
70,85,0.972777777777778
70,86,0.910555555555555
70,87,2.77083333333333
70,88,0.126111111111111
70,89,0.660277777777778
70,90,0.517222222222222
70,91,0.545
70,92,0.514722222222222
70,93,0.452777777777778
70,94,0.571111111111111
70,95,0.620833333333333
70,96,0.417777777777778
70,97,0.553611111111111
70,98,0.657222222222222
70,99,1.105
70,100,0.743055555555556
71,1,0.9025
71,2,0.470555555555556
71,3,0.125277777777778
71,4,0.648611111111111
71,5,2.04305555555556
71,6,0.605277777777778
71,7,0.617777777777778
71,8,0.632222222222222
71,9,0.215
71,10,0.676111111111111
71,11,0.228611111111111
71,12,0.494166666666667
71,13,0.851666666666667
71,14,0.406111111111111
71,15,0.608333333333333
71,16,0.457777777777778
71,17,0.628055555555556
71,18,2.41333333333333
71,19,0.626944444444444
71,20,0.966944444444444
71,21,0.505
71,22,0.829166666666667
71,23,2.2575
71,24,0.516388888888889
71,25,0.733055555555556
71,26,0.261111111111111
71,27,0.389166666666667
71,28,0.688055555555555
71,29,0.662222222222222
71,30,0.901111111111111
71,31,0.613333333333333
71,32,0.453611111111111
71,33,0.637777777777778
71,34,0.566944444444444
71,35,0.645555555555555
71,36,0.991944444444444
71,37,0.8
71,38,0.760277777777778
71,39,1.58888888888889
71,40,0.067222222222222
71,41,0.654722222222222
71,42,2.00611111111111
71,43,3.67972222222222
71,44,0.739166666666667
71,45,0.657777777777778
71,46,0.5025
71,47,0.632222222222222
71,48,1.29472222222222
71,49,2.41194444444444
71,50,2.96166666666667
71,51,0.967222222222222
71,52,2.86166666666667
71,53,0.494166666666667
71,54,0.169444444444444
71,55,0.656111111111111
71,56,2.89638888888889
71,57,0.615
71,58,0.296388888888889
71,59,2.23416666666667
71,60,0.741944444444444
71,61,0.933333333333333
71,62,0.659722222222222
71,63,0.256388888888889
71,64,2.58805555555556
71,65,1.42472222222222
71,66,0.224166666666667
71,67,0.768611111111111
71,68,1.10638888888889
71,69,0.732777777777778
71,70,0.192777777777778
71,71,0.0
71,72,2.10305555555556
71,73,0.541111111111111
71,74,1.43888888888889
71,75,0.694722222222222
71,76,0.690555555555556
71,77,2.73888888888889
71,78,0.867222222222222
71,79,2.15722222222222
71,80,1.11611111111111
71,81,0.426111111111111
71,82,0.725833333333333
71,83,0.583611111111111
71,84,2.1
71,85,0.856388888888889
71,86,0.982777777777778
71,87,2.84277777777778
71,88,0.236666666666667
71,89,0.544166666666667
71,90,0.589166666666667
71,91,0.506388888888889
71,92,0.586944444444444
71,93,0.494166666666667
71,94,0.643055555555556
71,95,0.575
71,96,0.537222222222222
71,97,0.625555555555555
71,98,0.541111111111111
71,99,0.988611111111111
71,100,0.725833333333333
72,1,1.40888888888889
72,2,1.89194444444444
72,3,2.135
72,4,2.12694444444444
72,5,3.4525
72,6,1.95861111111111
72,7,2.14805555555556
72,8,2.04166666666667
72,9,2.26722222222222
72,10,2.08555555555556
72,11,2.27277777777778
72,12,2.13277777777778
72,13,1.48166666666667
72,14,2.04055555555556
72,15,2.01805555555556
72,16,2.11083333333333
72,17,2.13916666666667
72,18,0.804166666666667
72,19,2.06361111111111
72,20,1.86555555555556
72,21,1.7725
72,22,2.23861111111111
72,23,1.87972222222222
72,24,2.11055555555556
72,25,2.1425
72,26,2.31333333333333
72,27,1.98583333333333
72,28,2.0975
72,29,2.08722222222222
72,30,1.76861111111111
72,31,2.02277777777778
72,32,2.10666666666667
72,33,2.04722222222222
72,34,2.09083333333333
72,35,2.08555555555556
72,36,2.40138888888889
72,37,2.20944444444444
72,38,2.16972222222222
72,39,2.51361111111111
72,40,2.1325
72,41,1.78666666666667
72,42,0.134166666666667
72,43,2.79944444444444
72,44,1.82666666666667
72,45,1.75027777777778
72,46,1.7775
72,47,2.04166666666667
72,48,2.70444444444444
72,49,0.802777777777778
72,50,4.37111111111111
72,51,2.37666666666667
72,52,4.27138888888889
72,53,1.87888888888889
72,54,2.12972222222222
72,55,1.64527777777778
72,56,4.30583333333333
72,57,2.02444444444444
72,58,2.22388888888889
72,59,1.89888888888889
72,60,1.71638888888889
72,61,1.99638888888889
72,62,2.06916666666667
72,63,2.0775
72,64,3.9975
72,65,2.83416666666667
72,66,2.27638888888889
72,67,2.17805555555556
72,68,2.51583333333333
72,69,1.65083333333333
72,70,2.08361111111111
72,71,2.2
72,72,0.0
72,73,2.13527777777778
72,74,2.84833333333333
72,75,2.10416666666667
72,76,2.1
72,77,4.14833333333333
72,78,2.27666666666667
72,79,0.752222222222222
72,80,2.52555555555556
72,81,2.18638888888889
72,82,2.06916666666667
72,83,1.71083333333333
72,84,1.75972222222222
72,85,2.10722222222222
72,86,1.58333333333333
72,87,4.2525
72,88,2.15694444444444
72,89,2.13861111111111
72,90,1.63722222222222
72,91,2.02333333333333
72,92,1.99638888888889
72,93,1.87888888888889
72,94,1.81027777777778
72,95,2.09916666666667
72,96,2.06694444444444
72,97,2.03527777777778
72,98,2.13555555555556
72,99,2.02277777777778
72,100,2.06916666666667
73,1,0.885555555555555
73,2,0.843888888888889
73,3,0.581111111111111
73,4,0.508055555555556
73,5,1.94305555555556
73,6,0.566944444444444
73,7,0.149722222222222
73,8,0.431388888888889
73,9,0.502777777777778
73,10,0.268333333333333
73,11,0.405555555555555
73,12,0.118611111111111
73,13,0.834722222222222
73,14,0.573055555555556
73,15,0.502222222222222
73,16,0.254444444444444
73,17,0.1825
73,18,2.39638888888889
73,19,0.444722222222222
73,20,0.936388888888889
73,21,0.513888888888889
73,22,0.729166666666667
73,23,2.55944444444444
73,24,0.086388888888889
73,25,0.633055555555556
73,26,0.443055555555555
73,27,0.593333333333333
73,28,0.250833333333333
73,29,0.323055555555555
73,30,1.29055555555556
73,31,0.418333333333333
73,32,0.153333333333333
73,33,0.442777777777778
73,34,0.06
73,35,0.271111111111111
73,36,0.891944444444444
73,37,0.7
73,38,0.660277777777778
73,39,1.55833333333333
73,40,0.542777777777778
73,41,0.616388888888889
73,42,1.98888888888889
73,43,3.98166666666667
73,44,1.04111111111111
73,45,0.870833333333333
73,46,0.632777777777778
73,47,0.431388888888889
73,48,1.19472222222222
73,49,2.395
73,50,2.86166666666667
73,51,0.867222222222222
73,52,2.76166666666667
73,53,0.714722222222222
73,54,0.644722222222222
73,55,0.664166666666667
73,56,2.79638888888889
73,57,0.42
73,58,0.763333333333333
73,59,2.20361111111111
73,60,0.955
73,61,1.23888888888889
73,62,0.313888888888889
73,63,0.685
73,64,2.48805555555556
73,65,1.32472222222222
73,66,0.406111111111111
73,67,0.317777777777778
73,68,1.00638888888889
73,69,0.694444444444444
73,70,0.668333333333333
73,71,0.538888888888889
73,72,2.08611111111111
73,73,0.0
73,74,1.33888888888889
73,75,0.406388888888889
73,76,0.363333333333333
73,77,2.63888888888889
73,78,0.767222222222222
73,79,2.14
73,80,1.01611111111111
73,81,0.214444444444444
73,82,1.02777777777778
73,83,0.690277777777778
73,84,2.08305555555556
73,85,1.32333333333333
73,86,0.965833333333333
73,87,2.74277777777778
73,88,0.712222222222222
73,89,0.003055555555556
73,90,0.617222222222222
73,91,0.263888888888889
73,92,0.358888888888889
73,93,0.714722222222222
73,94,0.6125
73,95,0.061944444444444
73,96,0.459722222222222
73,97,0.418333333333333
73,98,0.0
73,99,1.45555555555556
73,100,1.02777777777778
74,1,1.5475
74,2,1.48472222222222
74,3,1.40444444444444
74,4,1.26916666666667
74,5,0.753888888888889
74,6,1.22861111111111
74,7,1.31944444444444
74,8,1.18388888888889
74,9,1.53666666666667
74,10,1.22777777777778
74,11,1.44416666666667
74,12,1.30444444444444
74,13,1.49638888888889
74,14,1.31
74,15,1.16055555555556
74,16,1.28222222222222
74,17,1.31055555555556
74,18,3.05833333333333
74,19,1.20583333333333
74,20,1.51222222222222
74,21,1.16277777777778
74,22,1.02527777777778
74,23,3.2
74,24,1.28222222222222
74,25,0.929166666666667
74,26,1.48194444444444
74,27,1.25527777777778
74,28,1.23972222222222
74,29,1.22944444444444
74,30,1.93138888888889
74,31,1.165
74,32,1.27805555555556
74,33,1.18944444444444
74,34,1.2625
74,35,1.22777777777778
74,36,1.09277777777778
74,37,0.996111111111111
74,38,0.952222222222222
74,39,1.54472222222222
74,40,1.40194444444444
74,41,1.27833333333333
74,42,2.65083333333333
74,43,4.62222222222222
74,44,1.68166666666667
74,45,1.51138888888889
74,46,1.29472222222222
74,47,1.18388888888889
74,48,0.245833333333333
74,49,3.05666666666667
74,50,1.66944444444444
74,51,0.745277777777778
74,52,1.5725
74,53,1.37666666666667
74,54,1.39916666666667
74,55,1.32611111111111
74,56,1.60694444444444
74,57,1.16666666666667
74,58,1.62305555555556
74,59,2.8
74,60,1.59555555555556
74,61,1.87972222222222
74,62,1.21138888888889
74,63,1.34694444444444
74,64,1.29861111111111
74,65,0.9375
74,66,1.445
74,67,1.32027777777778
74,68,0.674444444444444
74,69,1.35638888888889
74,70,1.35305555555556
74,71,1.46944444444444
74,72,2.74805555555556
74,73,1.30694444444444
74,74,0.0
74,75,1.24638888888889
74,76,1.24222222222222
74,77,1.44944444444444
74,78,1.00611111111111
74,79,2.80194444444444
74,80,1.11472222222222
74,81,1.35777777777778
74,82,1.66833333333333
74,83,1.33083333333333
74,84,2.69111111111111
74,85,1.99055555555556
74,86,1.6275
74,87,1.55361111111111
74,88,1.42638888888889
74,89,1.31
74,90,1.24722222222222
74,91,1.19472222222222
74,92,1.13861111111111
74,93,1.37666666666667
74,94,1.27444444444444
74,95,1.27055555555556
74,96,1.22083333333333
74,97,1.17722222222222
74,98,1.30694444444444
74,99,2.18527777777778
74,100,1.66833333333333
75,1,0.744166666666666
75,2,0.666388888888889
75,3,0.601111111111111
75,4,0.343611111111111
75,5,1.77361111111111
75,6,0.425555555555556
75,7,0.285277777777778
75,8,0.263333333333333
75,9,0.5775
75,10,0.184166666666667
75,11,0.480277777777778
75,12,0.340277777777778
75,13,0.693333333333333
75,14,0.408611111111111
75,15,0.241111111111111
75,16,0.318333333333333
75,17,0.304722222222222
75,18,2.255
75,19,0.280277777777778
75,20,0.795
75,21,0.344444444444444
75,22,0.559722222222222
75,23,2.38194444444444
75,24,0.318055555555555
75,25,0.463611111111111
75,26,0.518055555555556
75,27,0.459166666666667
75,28,0.196111111111111
75,29,0.155
75,30,1.11305555555556
75,31,0.190833333333333
75,32,0.314166666666667
75,33,0.22
75,34,0.298333333333333
75,35,0.153333333333333
75,36,0.7225
75,37,0.530555555555556
75,38,0.490833333333333
75,39,1.41694444444444
75,40,0.598888888888889
75,41,0.475
75,42,1.8475
75,43,3.80388888888889
75,44,0.863333333333333
75,45,0.693055555555556
75,46,0.491388888888889
75,47,0.263333333333333
75,48,1.02527777777778
75,49,2.25361111111111
75,50,2.69222222222222
75,51,0.697777777777778
75,52,2.59222222222222
75,53,0.573333333333333
75,54,0.595833333333333
75,55,0.522777777777778
75,56,2.62694444444444
75,57,0.1975
75,58,0.819722222222222
75,59,2.06222222222222
75,60,0.777222222222222
75,61,1.06138888888889
75,62,0.136944444444444
75,63,0.543611111111111
75,64,2.31861111111111
75,65,1.15527777777778
75,66,0.480833333333333
75,67,0.276666666666667
75,68,0.836944444444444
75,69,0.553055555555556
75,70,0.549722222222222
75,71,0.613611111111111
75,72,1.94472222222222
75,73,0.342777777777778
75,74,1.16944444444444
75,75,0.0
75,76,0.112777777777778
75,77,2.46944444444444
75,78,0.597777777777778
75,79,1.99861111111111
75,80,0.846666666666667
75,81,0.393611111111111
75,82,0.85
75,83,0.512777777777778
75,84,1.94166666666667
75,85,1.17222222222222
75,86,0.824444444444444
75,87,2.57333333333333
75,88,0.623055555555556
75,89,0.345833333333333
75,90,0.428888888888889
75,91,0.230555555555555
75,92,0.195
75,93,0.573333333333333
75,94,0.471111111111111
75,95,0.306388888888889
75,96,0.295277777777778
75,97,0.245
75,98,0.342777777777778
75,99,1.36694444444444
75,100,0.85
76,1,0.806388888888889
76,2,0.728333333333333
76,3,0.663333333333333
76,4,0.405555555555555
76,5,1.83583333333333
76,6,0.4875
76,7,0.189166666666667
76,8,0.325555555555555
76,9,0.636944444444444
76,10,0.088055555555556
76,11,0.539444444444444
76,12,0.355277777777778
76,13,0.755277777777778
76,14,0.470555555555556
76,15,0.303333333333333
76,16,0.355277777777778
76,17,0.208888888888889
76,18,2.31722222222222
76,19,0.3425
76,20,0.857222222222222
76,21,0.406666666666667
76,22,0.621944444444444
76,23,2.44388888888889
76,24,0.338055555555555
76,25,0.525833333333333
76,26,0.577222222222222
76,27,0.521388888888889
76,28,0.100277777777778
76,29,0.1025
76,30,1.175
76,31,0.253055555555555
76,32,0.373333333333333
76,33,0.2775
76,34,0.282222222222222
76,35,0.083611111111111
76,36,0.784722222222222
76,37,0.592777777777778
76,38,0.553055555555556
76,39,1.47916666666667
76,40,0.660833333333333
76,41,0.537222222222222
76,42,1.90972222222222
76,43,3.86611111111111
76,44,0.925555555555555
76,45,0.755277777777778
76,46,0.553333333333333
76,47,0.325555555555555
76,48,1.0875
76,49,2.31555555555556
76,50,2.75444444444444
76,51,0.76
76,52,2.65444444444444
76,53,0.635555555555556
76,54,0.658055555555556
76,55,0.585
76,56,2.68888888888889
76,57,0.249722222222222
76,58,0.881944444444444
76,59,2.12444444444444
76,60,0.839444444444444
76,61,1.12333333333333
76,62,0.067222222222222
76,63,0.605833333333333
76,64,2.38055555555556
76,65,1.2175
76,66,0.540277777777778
76,67,0.180555555555555
76,68,0.898888888888889
76,69,0.615
76,70,0.611944444444444
76,71,0.673055555555556
76,72,2.00694444444444
76,73,0.339722222222222
76,74,1.23166666666667
76,75,0.120833333333333
76,76,0.0
76,77,2.53138888888889
76,78,0.659722222222222
76,79,2.06083333333333
76,80,0.908611111111111
76,81,0.430833333333333
76,82,0.912222222222222
76,83,0.574722222222222
76,84,2.00388888888889
76,85,1.23444444444444
76,86,0.886388888888889
76,87,2.63555555555556
76,88,0.685277777777778
76,89,0.342777777777778
76,90,0.491111111111111
76,91,0.267777777777778
76,92,0.257222222222222
76,93,0.635555555555556
76,94,0.533333333333333
76,95,0.275833333333333
76,96,0.357222222222222
76,97,0.21
76,98,0.339722222222222
76,99,1.42916666666667
76,100,0.912222222222222
77,1,2.83638888888889
77,2,2.77333333333333
77,3,2.69333333333333
77,4,2.55777777777778
77,5,0.743055555555556
77,6,2.5175
77,7,2.60833333333333
77,8,2.4725
77,9,2.82555555555556
77,10,2.51666666666667
77,11,2.73305555555556
77,12,2.59333333333333
77,13,2.78527777777778
77,14,2.59888888888889
77,15,2.44944444444444
77,16,2.57111111111111
77,17,2.59944444444444
77,18,4.34722222222222
77,19,2.49472222222222
77,20,2.80111111111111
77,21,2.45166666666667
77,22,2.31416666666667
77,23,4.48888888888889
77,24,2.57111111111111
77,25,2.21805555555556
77,26,2.77083333333333
77,27,2.54416666666667
77,28,2.52861111111111
77,29,2.51833333333333
77,30,3.22
77,31,2.45388888888889
77,32,2.56694444444444
77,33,2.47833333333333
77,34,2.55138888888889
77,35,2.51666666666667
77,36,2.38166666666667
77,37,2.285
77,38,2.24111111111111
77,39,2.83361111111111
77,40,2.69083333333333
77,41,2.56722222222222
77,42,3.93972222222222
77,43,5.91111111111111
77,44,2.97055555555556
77,45,2.80027777777778
77,46,2.58333333333333
77,47,2.4725
77,48,1.53444444444444
77,49,4.34555555555556
77,50,0.9075
77,51,2.03416666666667
77,52,0.836666666666667
77,53,2.66555555555556
77,54,2.68805555555556
77,55,2.615
77,56,1.02611111111111
77,57,2.45555555555556
77,58,2.91194444444444
77,59,4.08888888888889
77,60,2.88444444444444
77,61,3.16833333333333
77,62,2.50027777777778
77,63,2.63583333333333
77,64,0.313333333333333
77,65,2.16277777777778
77,66,2.73388888888889
77,67,2.60888888888889
77,68,1.96333333333333
77,69,2.645
77,70,2.64194444444444
77,71,2.75833333333333
77,72,4.03694444444444
77,73,2.59555555555556
77,74,1.41027777777778
77,75,2.53527777777778
77,76,2.53111111111111
77,77,0.0
77,78,2.29472222222222
77,79,4.09083333333333
77,80,2.40361111111111
77,81,2.64666666666667
77,82,2.95722222222222
77,83,2.61972222222222
77,84,3.98
77,85,3.27944444444444
77,86,2.91638888888889
77,87,0.871111111111111
77,88,2.71527777777778
77,89,2.59888888888889
77,90,2.53611111111111
77,91,2.48361111111111
77,92,2.4275
77,93,2.66555555555556
77,94,2.56333333333333
77,95,2.55944444444444
77,96,2.50944444444444
77,97,2.46611111111111
77,98,2.59583333333333
77,99,3.47416666666667
77,100,2.95722222222222
78,1,0.988333333333333
78,2,0.925277777777778
78,3,0.845277777777778
78,4,0.709722222222222
78,5,1.61722222222222
78,6,0.669444444444444
78,7,0.760277777777778
78,8,0.624444444444444
78,9,0.9775
78,10,0.668611111111111
78,11,0.885
78,12,0.745277777777778
78,13,0.937222222222222
78,14,0.750833333333333
78,15,0.601388888888889
78,16,0.723055555555556
78,17,0.751388888888889
78,18,2.49916666666667
78,19,0.646666666666667
78,20,1.03916666666667
78,21,0.603611111111111
78,22,0.161666666666667
78,23,2.64083333333333
78,24,0.723055555555556
78,25,0.281111111111111
78,26,0.922777777777778
78,27,0.696111111111111
78,28,0.680555555555556
78,29,0.670277777777778
78,30,1.37194444444444
78,31,0.605833333333333
78,32,0.718888888888889
78,33,0.630277777777778
78,34,0.703333333333333
78,35,0.668611111111111
78,36,0.124722222222222
78,37,0.200833333333333
78,38,0.271111111111111
78,39,1.55416666666667
78,40,0.842777777777778
78,41,0.719166666666667
78,42,2.09166666666667
78,43,4.06305555555556
78,44,1.1225
78,45,0.952222222222222
78,46,0.735277777777778
78,47,0.624444444444444
78,48,0.869166666666666
78,49,2.4975
78,50,2.53583333333333
78,51,0.3675
78,52,2.43611111111111
78,53,0.8175
78,54,0.84
78,55,0.766944444444444
78,56,2.47055555555556
78,57,0.6075
78,58,1.06388888888889
78,59,2.30638888888889
78,60,1.03638888888889
78,61,1.32027777777778
78,62,0.652222222222222
78,63,0.787777777777778
78,64,2.16222222222222
78,65,0.731666666666667
78,66,0.885833333333333
78,67,0.761111111111111
78,68,0.665833333333333
78,69,0.796944444444444
78,70,0.793888888888889
78,71,0.910277777777778
78,72,2.18888888888889
78,73,0.7475
78,74,1.01333333333333
78,75,0.687222222222222
78,76,0.683055555555556
78,77,2.31305555555556
78,78,0.0
78,79,2.24277777777778
78,80,0.248888888888889
78,81,0.798611111111111
78,82,1.10916666666667
78,83,0.771666666666667
78,84,2.18583333333333
78,85,1.43138888888889
78,86,1.06833333333333
78,87,2.41722222222222
78,88,0.867222222222222
78,89,0.750833333333333
78,90,0.688055555555555
78,91,0.635555555555556
78,92,0.579444444444444
78,93,0.8175
78,94,0.715277777777778
78,95,0.711388888888889
78,96,0.661388888888889
78,97,0.618055555555556
78,98,0.747777777777778
78,99,1.62611111111111
78,100,1.10916666666667
79,1,1.52527777777778
79,2,2.00833333333333
79,3,2.25111111111111
79,4,2.24305555555556
79,5,3.56888888888889
79,6,2.075
79,7,2.26444444444444
79,8,2.15777777777778
79,9,2.38333333333333
79,10,2.20166666666667
79,11,2.38916666666667
79,12,2.24916666666667
79,13,1.59805555555556
79,14,2.15694444444444
79,15,2.13416666666667
79,16,2.22694444444444
79,17,2.25527777777778
79,18,1.47888888888889
79,19,2.18
79,20,1.98194444444444
79,21,1.88861111111111
79,22,2.355
79,23,2.44083333333333
79,24,2.22694444444444
79,25,2.25888888888889
79,26,2.42972222222222
79,27,2.10222222222222
79,28,2.21388888888889
79,29,2.20361111111111
79,30,1.885
79,31,2.13916666666667
79,32,2.22305555555556
79,33,2.16361111111111
79,34,2.20722222222222
79,35,2.20194444444444
79,36,2.51777777777778
79,37,2.32583333333333
79,38,2.28611111111111
79,39,2.62972222222222
79,40,2.24888888888889
79,41,1.90305555555556
79,42,0.831666666666667
79,43,3.36055555555556
79,44,1.94305555555556
79,45,1.86638888888889
79,46,1.89361111111111
79,47,2.15777777777778
79,48,2.82055555555556
79,49,1.4775
79,50,4.4875
79,51,2.49305555555556
79,52,4.3875
79,53,1.995
79,54,2.24583333333333
79,55,1.76138888888889
79,56,4.42194444444445
79,57,2.14083333333333
79,58,2.34
79,59,1.40166666666667
79,60,1.83277777777778
79,61,2.11277777777778
79,62,2.18555555555556
79,63,2.19361111111111
79,64,4.11388888888889
79,65,2.95055555555556
79,66,2.39277777777778
79,67,2.29416666666667
79,68,2.63222222222222
79,69,1.76722222222222
79,70,2.2
79,71,2.31638888888889
79,72,0.790277777777778
79,73,2.25166666666667
79,74,2.96472222222222
79,75,2.22055555555556
79,76,2.21638888888889
79,77,4.26444444444444
79,78,2.39277777777778
79,79,0.0
79,80,2.64166666666667
79,81,2.3025
79,82,2.18555555555556
79,83,1.82694444444444
79,84,1.26222222222222
79,85,2.22361111111111
79,86,1.69972222222222
79,87,4.36861111111111
79,88,2.27305555555556
79,89,2.25472222222222
79,90,1.75361111111111
79,91,2.13944444444444
79,92,2.11277777777778
79,93,1.995
79,94,1.92666666666667
79,95,2.21527777777778
79,96,2.18333333333333
79,97,2.15138888888889
79,98,2.25166666666667
79,99,2.13916666666667
79,100,2.18555555555556
80,1,1.20222222222222
80,2,1.13944444444444
80,3,1.05916666666667
80,4,0.923888888888889
80,5,1.73222222222222
80,6,0.883611111111111
80,7,0.974444444444444
80,8,0.838611111111111
80,9,1.19138888888889
80,10,0.8825
80,11,1.09916666666667
80,12,0.959166666666667
80,13,1.15138888888889
80,14,0.965
80,15,0.815277777777778
80,16,0.937222222222222
80,17,0.965555555555556
80,18,2.71305555555556
80,19,0.860833333333333
80,20,1.25305555555556
80,21,0.817777777777778
80,22,0.375833333333333
80,23,2.855
80,24,0.936944444444444
80,25,0.495277777777778
80,26,1.13694444444444
80,27,0.910277777777778
80,28,0.894722222222222
80,29,0.884444444444445
80,30,1.58611111111111
80,31,0.82
80,32,0.933055555555555
80,33,0.844166666666667
80,34,0.917222222222222
80,35,0.882777777777778
80,36,0.163055555555556
80,37,0.414722222222222
80,38,0.485
80,39,1.66888888888889
80,40,1.05694444444444
80,41,0.933055555555555
80,42,2.30583333333333
80,43,4.27722222222222
80,44,1.33666666666667
80,45,1.16638888888889
80,46,0.949444444444444
80,47,0.838611111111111
80,48,0.983888888888889
80,49,2.71166666666667
80,50,2.65083333333333
80,51,0.4825
80,52,2.55083333333333
80,53,1.03166666666667
80,54,1.05388888888889
80,55,0.981111111111111
80,56,2.58527777777778
80,57,0.821666666666667
80,58,1.27777777777778
80,59,2.52055555555556
80,60,1.25055555555556
80,61,1.53444444444444
80,62,0.866388888888889
80,63,1.00194444444444
80,64,2.27694444444444
80,65,0.630277777777778
80,66,1.1
80,67,0.975
80,68,0.780555555555556
80,69,1.01111111111111
80,70,1.00805555555556
80,71,1.12444444444444
80,72,2.40305555555556
80,73,0.961666666666667
80,74,1.12805555555556
80,75,0.901388888888889
80,76,0.897222222222222
80,77,2.42777777777778
80,78,0.284166666666667
80,79,2.45694444444444
80,80,0.0
80,81,1.01277777777778
80,82,1.32333333333333
80,83,0.985833333333333
80,84,2.4
80,85,1.64555555555556
80,86,1.2825
80,87,2.53194444444444
80,88,1.08111111111111
80,89,0.965
80,90,0.902222222222222
80,91,0.849722222222222
80,92,0.793611111111111
80,93,1.03166666666667
80,94,0.929444444444444
80,95,0.925555555555555
80,96,0.875555555555555
80,97,0.832222222222222
80,98,0.961944444444444
80,99,1.84027777777778
80,100,1.32333333333333
81,1,0.919722222222222
81,2,0.878055555555556
81,3,0.466388888888889
81,4,0.542222222222222
81,5,1.97722222222222
81,6,0.600833333333333
81,7,0.284166666666667
81,8,0.465555555555556
81,9,0.388055555555555
81,10,0.402777777777778
81,11,0.290555555555555
81,12,0.136944444444444
81,13,0.868888888888889
81,14,0.607222222222222
81,15,0.536388888888889
81,16,0.131666666666667
81,17,0.319166666666667
81,18,2.43055555555556
81,19,0.478888888888889
81,20,0.970555555555556
81,21,0.548055555555556
81,22,0.763333333333333
81,23,2.59361111111111
81,24,0.179166666666667
81,25,0.667222222222222
81,26,0.328333333333333
81,27,0.6275
81,28,0.385277777777778
81,29,0.378055555555555
81,30,1.25333333333333
81,31,0.4525
81,32,0.092777777777778
81,33,0.476944444444444
81,34,0.258055555555555
81,35,0.361388888888889
81,36,0.926111111111111
81,37,0.734166666666667
81,38,0.694444444444444
81,39,1.5925
81,40,0.427777777777778
81,41,0.650555555555556
81,42,2.02305555555556
81,43,4.01583333333333
81,44,1.07527777777778
81,45,0.905
81,46,0.666944444444444
81,47,0.465555555555556
81,48,1.22888888888889
81,49,2.42888888888889
81,50,2.89583333333333
81,51,0.901388888888889
81,52,2.79583333333333
81,53,0.748888888888889
81,54,0.53
81,55,0.698333333333333
81,56,2.83027777777778
81,57,0.454166666666667
81,58,0.648611111111111
81,59,2.23777777777778
81,60,0.989166666666666
81,61,1.27305555555556
81,62,0.448333333333333
81,63,0.616944444444444
81,64,2.52222222222222
81,65,1.35888888888889
81,66,0.291388888888889
81,67,0.452222222222222
81,68,1.04055555555556
81,69,0.728611111111111
81,70,0.553333333333333
81,71,0.424166666666667
81,72,2.12027777777778
81,73,0.203611111111111
81,74,1.37305555555556
81,75,0.452222222222222
81,76,0.448055555555555
81,77,2.67277777777778
81,78,0.801111111111111
81,79,2.17416666666667
81,80,1.05027777777778
81,81,0.0
81,82,1.06194444444444
81,83,0.724444444444444
81,84,2.11722222222222
81,85,1.20833333333333
81,86,1.0
81,87,2.77694444444444
81,88,0.597222222222222
81,89,0.206944444444444
81,90,0.651388888888889
81,91,0.185
81,92,0.393055555555555
81,93,0.748888888888889
81,94,0.646666666666667
81,95,0.236388888888889
81,96,0.493888888888889
81,97,0.515833333333333
81,98,0.203888888888889
81,99,1.34055555555556
81,100,1.06194444444444
82,1,0.841388888888889
82,2,0.288333333333333
82,3,0.6575
82,4,0.966666666666667
82,5,2.29222222222222
82,6,0.824722222222222
82,7,1.01722222222222
82,8,0.881388888888889
82,9,0.798611111111111
82,10,0.925277777777778
82,11,0.812222222222222
82,12,1.00194444444444
82,13,0.722777777777778
82,14,0.795833333333333
82,15,0.857777777777778
82,16,0.98
82,17,1.00805555555556
82,18,2.33555555555556
82,19,0.903333333333333
82,20,0.991111111111111
82,21,0.606944444444444
82,22,1.07833333333333
82,23,1.98138888888889
82,24,0.979722222222222
82,25,0.9825
82,26,0.845
82,27,0.828055555555555
82,28,0.9375
82,29,0.927222222222222
82,30,0.7125
82,31,0.862777777777778
82,32,0.975833333333333
82,33,0.886944444444444
82,34,0.96
82,35,0.925277777777778
82,36,1.24111111111111
82,37,1.04944444444444
82,38,1.00972222222222
82,39,1.61305555555556
82,40,0.655277777777778
82,41,0.6625
82,42,1.92833333333333
82,43,3.40333333333333
82,44,0.4625
82,45,0.496388888888889
82,46,0.654722222222222
82,47,0.881388888888889
82,48,1.54416666666667
82,49,2.33416666666667
82,50,3.21083333333333
82,51,1.21666666666667
82,52,3.11111111111111
82,53,0.588333333333333
82,54,0.634722222222222
82,55,0.531666666666667
82,56,3.14555555555556
82,57,0.864444444444444
82,58,0.678055555555556
82,59,2.25833333333333
82,60,0.580833333333333
82,61,0.477777777777778
82,62,0.908888888888889
82,63,0.565
82,64,2.83722222222222
82,65,1.67416666666667
82,66,0.807777777777778
82,67,1.01777777777778
82,68,1.35555555555556
82,69,0.664722222222222
82,70,0.701666666666667
82,71,0.732777777777778
82,72,2.02527777777778
82,73,1.00444444444444
82,74,1.68833333333333
82,75,0.944166666666667
82,76,0.94
82,77,2.98805555555556
82,78,1.11638888888889
82,79,2.07944444444444
82,80,1.36527777777778
82,81,1.00972222222222
82,82,0.0
82,83,0.451944444444444
82,84,2.03333333333333
82,85,0.638055555555556
82,86,0.812222222222222
82,87,3.09222222222222
82,88,0.745833333333333
82,89,1.0075
82,90,0.518055555555556
82,91,0.892222222222222
82,92,0.836111111111111
82,93,0.588333333333333
82,94,0.667222222222222
82,95,0.968055555555556
82,96,0.914722222222222
82,97,0.875
82,98,1.00444444444444
82,99,0.966388888888889
82,100,0.0
83,1,0.5375
83,2,0.350555555555555
83,3,0.539444444444444
83,4,0.581666666666667
83,5,1.98666666666667
83,6,0.517777777777778
83,7,0.685555555555556
83,8,0.589166666666667
83,9,0.671666666666667
83,10,0.619722222222222
83,11,0.685277777777778
83,12,0.670277777777778
83,13,0.486388888888889
83,14,0.445277777777778
83,15,0.552222222222222
83,16,0.648333333333333
83,17,0.676666666666667
83,18,2.04833333333333
83,19,0.559722222222222
83,20,0.684444444444444
83,21,0.300277777777778
83,22,0.772777777777778
83,23,2.06611111111111
83,24,0.648333333333333
83,25,0.676944444444444
83,26,0.718055555555556
83,27,0.375
83,28,0.631666666666667
83,29,0.621666666666667
83,30,0.797222222222222
83,31,0.557222222222222
83,32,0.644166666666667
83,33,0.581388888888889
83,34,0.628611111111111
83,35,0.619722222222222
83,36,0.935555555555556
83,37,0.743888888888889
83,38,0.703888888888889
83,39,1.30638888888889
83,40,0.537222222222222
83,41,0.358611111111111
83,42,1.64083333333333
83,43,3.48833333333333
83,44,0.547777777777778
83,45,0.3775
83,46,0.228333333333333
83,47,0.589166666666667
83,48,1.23861111111111
83,49,2.04666666666667
83,50,2.90527777777778
83,51,0.910833333333333
83,52,2.80555555555556
83,53,0.277222222222222
83,54,0.534166666666667
83,55,0.205833333333333
83,56,2.84
83,57,0.558888888888889
83,58,0.6825
83,59,1.95166666666667
83,60,0.461666666666667
83,61,0.745555555555556
83,62,0.603333333333333
83,63,0.481944444444444
83,64,2.53166666666667
83,65,1.36861111111111
83,66,0.681111111111111
83,67,0.712222222222222
83,68,1.05
83,69,0.355555555555555
83,70,0.488333333333333
83,71,0.604722222222222
83,72,1.73805555555556
83,73,0.672777777777778
83,74,1.38277777777778
83,75,0.638333333333333
83,76,0.634444444444444
83,77,2.6825
83,78,0.810833333333333
83,79,1.79194444444444
83,80,1.05972222222222
83,81,0.723888888888889
83,82,0.534444444444445
83,83,0.0
83,84,1.735
83,85,0.856666666666667
83,86,0.624444444444444
83,87,2.78666666666667
83,88,0.561388888888889
83,89,0.676111111111111
83,90,0.215555555555555
83,91,0.560833333333333
83,92,0.550277777777778
83,93,0.277222222222222
83,94,0.360555555555556
83,95,0.636666666666667
83,96,0.47
83,97,0.569444444444444
83,98,0.673055555555556
83,99,1.05138888888889
83,100,0.534444444444445
84,1,1.37166666666667
84,2,1.85472222222222
84,3,2.09777777777778
84,4,2.08972222222222
84,5,3.32583333333333
84,6,1.92138888888889
84,7,2.11083333333333
84,8,2.00444444444444
84,9,2.23
84,10,2.04833333333333
84,11,2.23555555555556
84,12,2.09555555555556
84,13,1.44444444444444
84,14,2.00333333333333
84,15,1.98083333333333
84,16,2.07361111111111
84,17,2.10194444444444
84,18,2.34138888888889
84,19,2.02638888888889
84,20,1.67666666666667
84,21,1.73527777777778
84,22,2.20138888888889
84,23,2.47972222222222
84,24,2.07333333333333
84,25,2.10527777777778
84,26,2.27611111111111
84,27,1.94861111111111
84,28,2.06027777777778
84,29,2.05
84,30,1.7125
84,31,1.98555555555556
84,32,2.06944444444444
84,33,2.01
84,34,2.05361111111111
84,35,2.04833333333333
84,36,2.36416666666667
84,37,2.17222222222222
84,38,2.1325
84,39,2.33666666666667
84,40,2.09527777777778
84,41,1.74944444444444
84,42,1.8025
84,43,3.90166666666667
84,44,1.84777777777778
84,45,1.71305555555556
84,46,1.74027777777778
84,47,2.00444444444444
84,48,2.57777777777778
84,49,2.34
84,50,4.24444444444444
84,51,2.33944444444444
84,52,4.14472222222222
84,53,1.84166666666667
84,54,2.0925
84,55,1.60805555555556
84,56,4.17916666666667
84,57,1.98722222222222
84,58,2.18666666666667
84,59,1.2925
84,60,1.67916666666667
84,61,2.0175
84,62,2.03194444444444
84,63,2.04027777777778
84,64,3.87083333333333
84,65,2.79722222222222
84,66,2.23916666666667
84,67,2.14083333333333
84,68,2.38166666666667
84,69,1.61361111111111
84,70,2.04638888888889
84,71,2.16277777777778
84,72,1.76111111111111
84,73,2.09805555555556
84,74,2.72194444444444
84,75,2.06694444444444
84,76,2.06277777777778
84,77,4.02166666666667
84,78,2.23944444444444
84,79,1.25416666666667
84,80,2.48833333333333
84,81,2.14916666666667
84,82,2.03861111111111
84,83,1.67361111111111
84,84,0.0
84,85,2.12833333333333
84,86,1.54611111111111
84,87,4.12583333333333
84,88,2.11972222222222
84,89,2.10138888888889
84,90,1.6
84,91,1.98611111111111
84,92,1.95916666666667
84,93,1.84166666666667
84,94,1.645
84,95,2.06194444444444
84,96,2.02972222222222
84,97,1.99805555555556
84,98,2.09833333333333
84,99,1.96638888888889
84,100,2.03861111111111
85,1,1.2275
85,2,0.752777777777778
85,3,0.917222222222222
85,4,1.35277777777778
85,5,2.67833333333333
85,6,1.21083333333333
85,7,1.36305555555556
85,8,1.2675
85,9,0.960277777777778
85,10,1.31138888888889
85,11,0.973888888888889
85,12,1.23944444444444
85,13,1.10888888888889
85,14,1.19805555555556
85,15,1.24388888888889
85,16,1.20305555555556
85,17,1.37333333333333
85,18,2.38333333333333
85,19,1.28944444444444
85,20,1.37722222222222
85,21,0.993055555555556
85,22,1.46444444444444
85,23,2.01083333333333
85,24,1.26166666666667
85,25,1.36861111111111
85,26,1.00638888888889
85,27,1.18111111111111
85,28,1.32361111111111
85,29,1.31333333333333
85,30,0.606944444444444
85,31,1.24888888888889
85,32,1.19861111111111
85,33,1.27305555555556
85,34,1.31194444444444
85,35,1.31138888888889
85,36,1.62722222222222
85,37,1.43555555555556
85,38,1.39583333333333
85,39,1.99916666666667
85,40,0.859166666666667
85,41,1.04861111111111
85,42,1.97583333333333
85,43,3.43277777777778
85,44,0.367777777777778
85,45,0.8825
85,46,1.04083333333333
85,47,1.2675
85,48,1.93027777777778
85,49,2.38194444444444
85,50,3.59694444444444
85,51,1.60277777777778
85,52,3.49722222222222
85,53,0.993611111111111
85,54,0.956388888888889
85,55,0.917777777777778
85,56,3.53166666666667
85,57,1.25055555555556
85,58,0.667777777777778
85,59,2.64444444444444
85,60,0.966944444444444
85,61,0.235555555555555
85,62,1.295
85,63,1.025
85,64,3.22333333333333
85,65,2.06027777777778
85,66,0.969444444444444
85,67,1.40388888888889
85,68,1.74166666666667
85,69,1.05055555555556
85,70,0.984722222222222
85,71,0.892222222222222
85,72,2.07305555555556
85,73,1.28611111111111
85,74,2.07444444444444
85,75,1.33027777777778
85,76,1.32611111111111
85,77,3.37416666666667
85,78,1.5025
85,79,2.12694444444444
85,80,1.75138888888889
85,81,1.17138888888889
85,82,0.623333333333333
85,83,0.838055555555555
85,84,2.08111111111111
85,85,0.0
85,86,1.19833333333333
85,87,3.47833333333333
85,88,1.02888888888889
85,89,1.28944444444444
85,90,0.904166666666667
85,91,1.25166666666667
85,92,1.22222222222222
85,93,0.993611111111111
85,94,1.05333333333333
85,95,1.32027777777778
85,96,1.30083333333333
85,97,1.26111111111111
85,98,1.28638888888889
85,99,0.694166666666667
85,100,0.623333333333333
86,1,0.289166666666667
86,2,0.673055555555556
86,3,0.929444444444444
86,4,0.921388888888889
86,5,2.24694444444444
86,6,0.753055555555556
86,7,0.9425
86,8,0.836111111111111
86,9,1.06166666666667
86,10,0.88
86,11,1.06722222222222
86,12,0.9275
86,13,0.164722222222222
86,14,0.835
86,15,0.8125
86,16,0.905277777777778
86,17,0.933611111111111
86,18,1.80027777777778
86,19,0.858055555555556
86,20,0.928611111111111
86,21,0.566944444444444
86,22,1.03305555555556
86,23,1.99
86,24,0.905277777777778
86,25,0.937222222222222
86,26,1.10777777777778
86,27,0.780277777777778
86,28,0.891944444444444
86,29,0.881944444444444
86,30,1.11972222222222
86,31,0.8175
86,32,0.901111111111111
86,33,0.841666666666667
86,34,0.885555555555555
86,35,0.88
86,36,1.19583333333333
86,37,1.00416666666667
86,38,0.964444444444444
86,39,1.55083333333333
86,40,0.927222222222222
86,41,0.581111111111111
86,42,1.39277777777778
86,43,3.41222222222222
86,44,0.870277777777778
86,45,0.393333333333333
86,46,0.571944444444444
86,47,0.836111111111111
86,48,1.49888888888889
86,49,1.79861111111111
86,50,3.16555555555556
86,51,1.17138888888889
86,52,3.06583333333333
86,53,0.648888888888889
86,54,0.924166666666667
86,55,0.39
86,56,3.10027777777778
86,57,0.819166666666667
86,58,1.005
86,59,2.19611111111111
86,60,0.407777777777778
86,61,1.06805555555556
86,62,0.863611111111111
86,63,0.888333333333333
86,64,2.79194444444444
86,65,1.62888888888889
86,66,1.07083333333333
86,67,0.9725
86,68,1.31027777777778
86,69,0.445277777777778
86,70,0.878055555555556
86,71,0.994444444444444
86,72,1.49
86,73,0.929722222222222
86,74,1.64305555555556
86,75,0.898611111111111
86,76,0.894722222222222
86,77,2.94277777777778
86,78,1.07111111111111
86,79,1.54388888888889
86,80,1.32
86,81,0.980833333333333
86,82,0.856944444444444
86,83,0.521666666666667
86,84,1.48694444444444
86,85,1.17888888888889
86,86,0.0
86,87,3.04694444444444
86,88,0.951388888888889
86,89,0.933055555555555
86,90,0.431666666666667
86,91,0.817777777777778
86,92,0.790833333333333
86,93,0.648888888888889
86,94,0.605
86,95,0.893611111111111
86,96,0.861388888888889
86,97,0.829722222222222
86,98,0.93
86,99,1.37388888888889
86,100,0.856944444444444
87,1,2.99583333333333
87,2,2.93305555555556
87,3,2.85277777777778
87,4,2.7175
87,5,0.866111111111111
87,6,2.67694444444444
87,7,2.76777777777778
87,8,2.63222222222222
87,9,2.985
87,10,2.67611111111111
87,11,2.8925
87,12,2.75277777777778
87,13,2.94472222222222
87,14,2.75833333333333
87,15,2.60888888888889
87,16,2.73055555555556
87,17,2.75888888888889
87,18,4.50666666666667
87,19,2.65416666666667
87,20,2.96055555555556
87,21,2.61111111111111
87,22,2.47361111111111
87,23,4.64833333333333
87,24,2.73055555555556
87,25,2.3775
87,26,2.93027777777778
87,27,2.70361111111111
87,28,2.68805555555556
87,29,2.67777777777778
87,30,3.37972222222222
87,31,2.61333333333333
87,32,2.72638888888889
87,33,2.63777777777778
87,34,2.71083333333333
87,35,2.67611111111111
87,36,2.54111111111111
87,37,2.44444444444444
87,38,2.40055555555556
87,39,2.99305555555556
87,40,2.85027777777778
87,41,2.72666666666667
87,42,4.09916666666667
87,43,6.07055555555556
87,44,3.13
87,45,2.95972222222222
87,46,2.74305555555556
87,47,2.63222222222222
87,48,1.69416666666667
87,49,4.505
87,50,1.76888888888889
87,51,2.19361111111111
87,52,0.075555555555556
87,53,2.825
87,54,2.8475
87,55,2.77444444444444
87,56,0.178888888888889
87,57,2.615
87,58,3.07138888888889
87,59,4.24833333333333
87,60,3.04388888888889
87,61,3.32805555555556
87,62,2.65972222222222
87,63,2.79527777777778
87,64,0.6325
87,65,2.38583333333333
87,66,2.89333333333333
87,67,2.76861111111111
87,68,2.12277777777778
87,69,2.80472222222222
87,70,2.80138888888889
87,71,2.91777777777778
87,72,4.19638888888889
87,73,2.75527777777778
87,74,1.56972222222222
87,75,2.69472222222222
87,76,2.69055555555556
87,77,0.892222222222222
87,78,2.45444444444444
87,79,4.25027777777778
87,80,2.56305555555556
87,81,2.80611111111111
87,82,3.11666666666667
87,83,2.77916666666667
87,84,4.13944444444444
87,85,3.43888888888889
87,86,3.07583333333333
87,87,0.0
87,88,2.87472222222222
87,89,2.75833333333333
87,90,2.69555555555556
87,91,2.64305555555556
87,92,2.58694444444444
87,93,2.825
87,94,2.72277777777778
87,95,2.71888888888889
87,96,2.66916666666667
87,97,2.62555555555556
87,98,2.75527777777778
87,99,3.63361111111111
87,100,3.11666666666667
88,1,0.95
88,2,0.586388888888889
88,3,0.291666666666667
88,4,0.591944444444444
88,5,2.09055555555556
88,6,0.652777777777778
88,7,0.789166666666667
88,8,0.6425
88,9,0.425
88,10,0.723333333333333
88,11,0.488055555555556
88,12,0.758611111111111
88,13,0.899166666666667
88,14,0.453333333333333
88,15,0.655833333333333
88,16,0.722222222222222
88,17,0.780277777777778
88,18,2.46083333333333
88,19,0.578333333333333
88,20,1.01416666666667
88,21,0.552222222222222
88,22,0.876666666666667
88,23,2.37333333333333
88,24,0.780833333333333
88,25,0.780555555555556
88,26,0.525555555555556
88,27,0.436388888888889
88,28,0.735555555555556
88,29,0.725277777777778
88,30,1.11611111111111
88,31,0.660833333333333
88,32,0.718055555555556
88,33,0.685
88,34,0.732222222222222
88,35,0.723611111111111
88,36,1.03944444444444
88,37,0.8475
88,38,0.807777777777778
88,39,1.63638888888889
88,40,0.289444444444444
88,41,0.702222222222222
88,42,2.05333333333333
88,43,3.79555555555556
88,44,0.855
88,45,0.773611111111111
88,46,0.549722222222222
88,47,0.6425
88,48,1.34222222222222
88,49,2.45916666666667
88,50,3.00916666666667
88,51,1.01472222222222
88,52,2.90916666666667
88,53,0.541388888888889
88,54,0.285277777777778
88,55,0.703611111111111
88,56,2.94361111111111
88,57,0.6625
88,58,0.511388888888889
88,59,2.28166666666667
88,60,0.857777777777778
88,61,1.05277777777778
88,62,0.707222222222222
88,63,0.322777777777778
88,64,2.63527777777778
88,65,1.47222222222222
88,66,0.488611111111111
88,67,0.815833333333333
88,68,1.15388888888889
88,69,0.780277777777778
88,70,0.192777777777778
88,71,0.357777777777778
88,72,2.15055555555556
88,73,0.805555555555556
88,74,1.48638888888889
88,75,0.742222222222222
88,76,0.738055555555556
88,77,2.78611111111111
88,78,0.914444444444444
88,79,2.20444444444444
88,80,1.16333333333333
88,81,0.690555555555556
88,82,0.841666666666667
88,83,0.631111111111111
88,84,2.1475
88,85,1.07111111111111
88,86,1.03027777777778
88,87,2.89027777777778
88,88,0.0
88,89,0.808611111111111
88,90,0.636666666666667
88,91,0.664444444444444
88,92,0.65
88,93,0.541388888888889
88,94,0.690555555555556
88,95,0.740277777777778
88,96,0.488888888888889
88,97,0.673055555555556
88,98,0.805555555555556
88,99,1.20333333333333
88,100,0.841666666666667
89,1,0.882222222222222
89,2,0.840833333333333
89,3,0.578055555555555
89,4,0.505
89,5,1.93972222222222
89,6,0.563611111111111
89,7,0.146388888888889
89,8,0.428333333333333
89,9,0.499722222222222
89,10,0.265
89,11,0.402222222222222
89,12,0.115555555555555
89,13,0.831388888888889
89,14,0.569722222222222
89,15,0.499166666666667
89,16,0.251111111111111
89,17,0.179444444444444
89,18,2.39305555555556
89,19,0.441666666666667
89,20,0.933333333333333
89,21,0.510833333333333
89,22,0.725833333333333
89,23,2.55638888888889
89,24,0.083333333333333
89,25,0.63
89,26,0.44
89,27,0.590277777777778
89,28,0.247777777777778
89,29,0.32
89,30,1.2875
89,31,0.415277777777778
89,32,0.150277777777778
89,33,0.439444444444444
89,34,0.056944444444444
89,35,0.268055555555555
89,36,0.888611111111111
89,37,0.696944444444444
89,38,0.657222222222222
89,39,1.55527777777778
89,40,0.539444444444444
89,41,0.613055555555556
89,42,1.98583333333333
89,43,3.97833333333333
89,44,1.03777777777778
89,45,0.8675
89,46,0.629444444444444
89,47,0.428333333333333
89,48,1.19166666666667
89,49,2.39166666666667
89,50,2.85833333333333
89,51,0.864166666666666
89,52,2.75861111111111
89,53,0.711666666666667
89,54,0.641666666666667
89,55,0.661111111111111
89,56,2.79305555555556
89,57,0.416944444444444
89,58,0.760277777777778
89,59,2.20055555555556
89,60,0.951944444444444
89,61,1.23583333333333
89,62,0.310555555555555
89,63,0.681944444444444
89,64,2.48472222222222
89,65,1.32166666666667
89,66,0.403055555555556
89,67,0.314444444444444
89,68,1.00305555555556
89,69,0.691111111111111
89,70,0.665
89,71,0.535833333333333
89,72,2.08305555555556
89,73,0.050833333333333
89,74,1.33583333333333
89,75,0.403333333333333
89,76,0.360277777777778
89,77,2.63555555555556
89,78,0.763888888888889
89,79,2.13694444444444
89,80,1.01277777777778
89,81,0.211388888888889
89,82,1.02444444444444
89,83,0.687222222222222
89,84,2.08
89,85,1.32
89,86,0.9625
89,87,2.73972222222222
89,88,0.709166666666667
89,89,0.0
89,90,0.614166666666667
89,91,0.260833333333333
89,92,0.355555555555555
89,93,0.711666666666667
89,94,0.609444444444444
89,95,0.058888888888889
89,96,0.456666666666667
89,97,0.415277777777778
89,98,0.050833333333333
89,99,1.45222222222222
89,100,1.02444444444444
90,1,0.405
90,2,0.344166666666667
90,3,0.552222222222222
90,4,0.544166666666667
90,5,1.87
90,6,0.402222222222222
90,7,0.599722222222222
90,8,0.458888888888889
90,9,0.684444444444444
90,10,0.502777777777778
90,11,0.698055555555556
90,12,0.584444444444444
90,13,0.354166666666667
90,14,0.458055555555556
90,15,0.435277777777778
90,16,0.562222222222222
90,17,0.590555555555556
90,18,1.91583333333333
90,19,0.481111111111111
90,20,0.573888888888889
90,21,0.189722222222222
90,22,0.656111111111111
90,23,2.05972222222222
90,24,0.562222222222222
90,25,0.56
90,26,0.730833333333333
90,27,0.403333333333333
90,28,0.515
90,29,0.504722222222222
90,30,0.790833333333333
90,31,0.440277777777778
90,32,0.558055555555556
90,33,0.464444444444444
90,34,0.5425
90,35,0.503055555555556
90,36,0.818888888888889
90,37,0.626944444444444
90,38,0.587222222222222
90,39,1.19583333333333
90,40,0.55
90,41,0.226388888888889
90,42,1.50833333333333
90,43,3.48194444444444
90,44,0.541388888888889
90,45,0.371111111111111
90,46,0.2075
90,47,0.458888888888889
90,48,1.12166666666667
90,49,1.91444444444444
90,50,2.78861111111111
90,51,0.794166666666667
90,52,2.68861111111111
90,53,0.331111111111111
90,54,0.546944444444444
90,55,0.207777777777778
90,56,2.72305555555556
90,57,0.441944444444444
90,58,0.676111111111111
90,59,1.84111111111111
90,60,0.455277777777778
90,61,0.739166666666667
90,62,0.486666666666667
90,63,0.494722222222222
90,64,2.41472222222222
90,65,1.25166666666667
90,66,0.693888888888889
90,67,0.595277777777778
90,68,0.933333333333333
90,69,0.228333333333333
90,70,0.501111111111111
90,71,0.6175
90,72,1.60555555555556
90,73,0.586944444444444
90,74,1.26583333333333
90,75,0.521666666666667
90,76,0.5175
90,77,2.56555555555556
90,78,0.693888888888889
90,79,1.65944444444444
90,80,0.942777777777778
90,81,0.637777777777778
90,82,0.528055555555556
90,83,0.190555555555556
90,84,1.6025
90,85,0.850277777777778
90,86,0.485277777777778
90,87,2.66972222222222
90,88,0.574166666666667
90,89,0.59
90,90,0.0
90,91,0.474722222222222
90,92,0.413888888888889
90,93,0.331111111111111
90,94,0.25
90,95,0.550555555555556
90,96,0.484444444444444
90,97,0.4525
90,98,0.586944444444444
90,99,1.045
90,100,0.528055555555556
91,1,0.801666666666667
91,2,0.760277777777778
91,3,0.461666666666667
91,4,0.424444444444444
91,5,1.85916666666667
91,6,0.483055555555556
91,7,0.234722222222222
91,8,0.3475
91,9,0.383055555555555
91,10,0.223055555555555
91,11,0.285833333333333
91,12,0.199722222222222
91,13,0.750833333333333
91,14,0.489166666666667
91,15,0.418611111111111
91,16,0.0875
91,17,0.211666666666667
91,18,2.3125
91,19,0.361111111111111
91,20,0.8525
91,21,0.430277777777778
91,22,0.645277777777778
91,23,2.47583333333333
91,24,0.221944444444444
91,25,0.549444444444444
91,26,0.323611111111111
91,27,0.509722222222222
91,28,0.237222222222222
91,29,0.199166666666667
91,30,1.20694444444444
91,31,0.334722222222222
91,32,0.159166666666667
91,33,0.358888888888889
91,34,0.214722222222222
91,35,0.1825
91,36,0.808055555555555
91,37,0.616388888888889
91,38,0.576666666666667
91,39,1.47472222222222
91,40,0.423055555555556
91,41,0.5325
91,42,1.90527777777778
91,43,3.89777777777778
91,44,0.957222222222222
91,45,0.786944444444444
91,46,0.548888888888889
91,47,0.3475
91,48,1.11111111111111
91,49,2.31111111111111
91,50,2.77777777777778
91,51,0.783611111111111
91,52,2.67805555555556
91,53,0.631111111111111
91,54,0.525277777777778
91,55,0.580555555555556
91,56,2.7125
91,57,0.336388888888889
91,58,0.643611111111111
91,59,2.12
91,60,0.871111111111111
91,61,1.15527777777778
91,62,0.284444444444444
91,63,0.601388888888889
91,64,2.40416666666667
91,65,1.24111111111111
91,66,0.286666666666667
91,67,0.311111111111111
91,68,0.9225
91,69,0.610555555555556
91,70,0.548611111111111
91,71,0.419444444444444
91,72,2.0025
91,73,0.246666666666667
91,74,1.25527777777778
91,75,0.355
91,76,0.311944444444444
91,77,2.555
91,78,0.683333333333333
91,79,2.05638888888889
91,80,0.932222222222222
91,81,0.163055555555556
91,82,0.943888888888889
91,83,0.606666666666667
91,84,1.99944444444444
91,85,1.20361111111111
91,86,0.881944444444444
91,87,2.65916666666667
91,88,0.5925
91,89,0.249722222222222
91,90,0.533611111111111
91,91,0.0
91,92,0.275
91,93,0.631111111111111
91,94,0.528888888888889
91,95,0.222777777777778
91,96,0.376111111111111
91,97,0.418888888888889
91,98,0.246666666666667
91,99,1.33583333333333
91,100,0.943888888888889
92,1,0.730833333333333
92,2,0.655
92,3,0.5725
92,4,0.202222222222222
92,5,1.76222222222222
92,6,0.416388888888889
92,7,0.368055555555556
92,8,0.086388888888889
92,9,0.590277777777778
92,10,0.329722222222222
92,11,0.492777777777778
92,12,0.353055555555555
92,13,0.68
92,14,0.338611111111111
92,15,0.318055555555555
92,16,0.330833333333333
92,17,0.359166666666667
92,18,2.24166666666667
92,19,0.134444444444444
92,20,0.786111111111111
92,21,0.333333333333333
92,22,0.548333333333333
92,23,2.37055555555556
92,24,0.330833333333333
92,25,0.4525
92,26,0.530555555555556
92,27,0.389166666666667
92,28,0.343888888888889
92,29,0.285555555555555
92,30,1.10166666666667
92,31,0.222222222222222
92,32,0.326666666666667
92,33,0.255833333333333
92,34,0.311111111111111
92,35,0.283888888888889
92,36,0.711111111111111
92,37,0.519166666666667
92,38,0.479444444444444
92,39,1.40805555555556
92,40,0.57
92,41,0.466111111111111
92,42,1.83444444444444
92,43,3.79277777777778
92,44,0.852222222222222
92,45,0.681666666666666
92,46,0.462777777777778
92,47,0.086388888888889
92,48,1.01416666666667
92,49,2.24027777777778
92,50,2.68083333333333
92,51,0.686388888888889
92,52,2.58111111111111
92,53,0.531111111111111
92,54,0.567222222222222
92,55,0.513888888888889
92,56,2.61555555555556
92,57,0.233055555555555
92,58,0.791111111111111
92,59,2.05333333333333
92,60,0.766111111111111
92,61,1.05
92,62,0.2675
92,63,0.515
92,64,2.30722222222222
92,65,1.14416666666667
92,66,0.493611111111111
92,67,0.418055555555555
92,68,0.825555555555555
92,69,0.543888888888889
92,70,0.521111111111111
92,71,0.626388888888889
92,72,1.93166666666667
92,73,0.355277777777778
92,74,1.15805555555556
92,75,0.3025
92,76,0.298333333333333
92,77,2.45805555555556
92,78,0.586388888888889
92,79,1.98555555555556
92,80,0.835277777777778
92,81,0.406388888888889
92,82,0.838888888888889
92,83,0.501388888888889
92,84,1.92861111111111
92,85,1.16083333333333
92,86,0.811111111111111
92,87,2.56222222222222
92,88,0.638055555555556
92,89,0.358611111111111
92,90,0.417777777777778
92,91,0.243333333333333
92,92,0.0
92,93,0.531111111111111
92,94,0.462222222222222
92,95,0.319166666666667
92,96,0.211111111111111
92,97,0.294722222222222
92,98,0.355555555555555
92,99,1.35583333333333
92,100,0.838888888888889
93,1,0.669722222222222
93,2,0.415833333333333
93,3,0.4925
93,4,0.598611111111111
93,5,2.03444444444444
93,6,0.596666666666667
93,7,0.733333333333333
93,8,0.603888888888889
93,9,0.624722222222222
93,10,0.6675
93,11,0.638333333333333
93,12,0.718055555555556
93,13,0.605
93,14,0.368055555555556
93,15,0.599722222222222
93,16,0.695833333333333
93,17,0.724166666666667
93,18,2.18055555555556
93,19,0.576944444444445
93,20,0.821388888888889
93,21,0.437222222222222
93,22,0.820555555555556
93,23,2.14694444444444
93,24,0.695833333333333
93,25,0.724444444444444
93,26,0.670833333333333
93,27,0.400277777777778
93,28,0.679444444444444
93,29,0.669166666666667
93,30,0.878055555555556
93,31,0.604722222222222
93,32,0.691666666666667
93,33,0.629166666666667
93,34,0.676111111111111
93,35,0.6675
93,36,0.983333333333333
93,37,0.791388888888889
93,38,0.751666666666667
93,39,1.44333333333333
93,40,0.49
93,41,0.490833333333333
93,42,1.77305555555556
93,43,3.56888888888889
93,44,0.628333333333333
93,45,0.458055555555556
93,46,0.362222222222222
93,47,0.603888888888889
93,48,1.28611111111111
93,49,2.17888888888889
93,50,2.95305555555556
93,51,0.958611111111111
93,52,2.85305555555556
93,53,0.0
93,54,0.487222222222222
93,55,0.338055555555555
93,56,2.8875
93,57,0.606388888888889
93,58,0.711111111111111
93,59,2.08861111111111
93,60,0.542222222222222
93,61,0.826388888888889
93,62,0.651111111111111
93,63,0.384722222222222
93,64,2.57944444444444
93,65,1.41611111111111
93,66,0.633888888888889
93,67,0.759722222222222
93,68,1.09777777777778
93,69,0.487777777777778
93,70,0.441111111111111
93,71,0.5575
93,72,1.87027777777778
93,73,0.720555555555556
93,74,1.43027777777778
93,75,0.686111111111111
93,76,0.681944444444444
93,77,2.73
93,78,0.858333333333333
93,79,1.92416666666667
93,80,1.1075
93,81,0.771388888888889
93,82,0.615
93,83,0.223333333333333
93,84,1.86722222222222
93,85,0.937222222222222
93,86,0.694444444444444
93,87,2.83416666666667
93,88,0.514444444444445
93,89,0.723611111111111
93,90,0.347777777777778
93,91,0.608333333333333
93,92,0.560833333333333
93,93,0.0
93,94,0.4975
93,95,0.684166666666667
93,96,0.487222222222222
93,97,0.616944444444444
93,98,0.720555555555556
93,99,1.13194444444444
93,100,0.615
94,1,0.528333333333333
94,2,0.475555555555555
94,3,0.624722222222222
94,4,0.598333333333333
94,5,1.93138888888889
94,6,0.426388888888889
94,7,0.615833333333333
94,8,0.513055555555556
94,9,0.756944444444444
94,10,0.563055555555555
94,11,0.740555555555556
94,12,0.600833333333333
94,13,0.4775
94,14,0.530555555555556
94,15,0.497777777777778
94,16,0.578611111111111
94,17,0.606944444444444
94,18,2.03916666666667
94,19,0.535277777777778
94,20,0.529444444444444
94,21,0.244166666666667
94,22,0.7175
94,23,2.19083333333333
94,24,0.578611111111111
94,25,0.621666666666667
94,26,0.778333333333333
94,27,0.475833333333333
94,28,0.575
94,29,0.565
94,30,0.922222222222222
94,31,0.497777777777778
94,32,0.574444444444444
94,33,0.521944444444444
94,34,0.558888888888889
94,35,0.563055555555555
94,36,0.880277777777778
94,37,0.688333333333333
94,38,0.648611111111111
94,39,1.15138888888889
94,40,0.6225
94,41,0.263888888888889
94,42,1.63194444444444
94,43,3.61305555555556
94,44,0.6725
94,45,0.502222222222222
94,46,0.39
94,47,0.513055555555556
94,48,1.18333333333333
94,49,2.03777777777778
94,50,2.85
94,51,0.855555555555556
94,52,2.75027777777778
94,53,0.462222222222222
94,54,0.619444444444444
94,55,0.307222222222222
94,56,2.78472222222222
94,57,0.499444444444444
94,58,0.807222222222222
94,59,1.79666666666667
94,60,0.586388888888889
94,61,0.870555555555555
94,62,0.546666666666667
94,63,0.567222222222222
94,64,2.47638888888889
94,65,1.31333333333333
94,66,0.741388888888889
94,67,0.655555555555556
94,68,0.994722222222222
94,69,0.337222222222222
94,70,0.573611111111111
94,71,0.69
94,72,1.72916666666667
94,73,0.603333333333333
94,74,1.3275
94,75,0.581666666666667
94,76,0.577777777777778
94,77,2.62722222222222
94,78,0.755555555555556
94,79,1.78305555555556
94,80,1.00444444444444
94,81,0.654166666666667
94,82,0.659166666666667
94,83,0.321666666666667
94,84,1.72611111111111
94,85,0.981388888888889
94,86,0.608611111111111
94,87,2.73138888888889
94,88,0.646666666666667
94,89,0.606388888888889
94,90,0.248611111111111
94,91,0.491111111111111
94,92,0.468055555555555
94,93,0.462222222222222
94,94,0.0
94,95,0.566944444444444
94,96,0.566666666666667
94,97,0.512777777777778
94,98,0.603333333333333
94,99,1.17611111111111
94,100,0.659166666666667
95,1,0.904166666666667
95,2,0.8625
95,3,0.612777777777778
95,4,0.526666666666667
95,5,1.96166666666667
95,6,0.585277777777778
95,7,0.110277777777778
95,8,0.45
95,9,0.534444444444445
95,10,0.241111111111111
95,11,0.436944444444444
95,12,0.157222222222222
95,13,0.853055555555556
95,14,0.591666666666667
95,15,0.506944444444444
95,16,0.286111111111111
95,17,0.120555555555555
95,18,2.415
95,19,0.463333333333333
95,20,0.955
95,21,0.5325
95,22,0.747777777777778
95,23,2.57805555555556
95,24,0.125
95,25,0.651666666666667
95,26,0.474722222222222
95,27,0.611944444444444
95,28,0.221944444444444
95,29,0.288333333333333
95,30,1.30916666666667
95,31,0.436944444444444
95,32,0.192222222222222
95,33,0.461388888888889
95,34,0.0375
95,35,0.247777777777778
95,36,0.910555555555555
95,37,0.718611111111111
95,38,0.678888888888889
95,39,1.57694444444444
95,40,0.574444444444444
95,41,0.635
95,42,2.0075
95,43,4.00027777777778
95,44,1.05972222222222
95,45,0.889166666666667
95,46,0.651388888888889
95,47,0.45
95,48,1.21333333333333
95,49,2.41333333333333
95,50,2.88027777777778
95,51,0.885833333333333
95,52,2.78027777777778
95,53,0.733333333333333
95,54,0.676388888888889
95,55,0.682777777777778
95,56,2.81472222222222
95,57,0.438611111111111
95,58,0.795
95,59,2.22222222222222
95,60,0.973611111111111
95,61,1.2575
95,62,0.285
95,63,0.703611111111111
95,64,2.50666666666667
95,65,1.34333333333333
95,66,0.437777777777778
95,67,0.288611111111111
95,68,1.025
95,69,0.713055555555556
95,70,0.709722222222222
95,71,0.570555555555556
95,72,2.10472222222222
95,73,0.118888888888889
95,74,1.3575
95,75,0.3775
95,76,0.334444444444444
95,77,2.65722222222222
95,78,0.785555555555556
95,79,2.15861111111111
95,80,1.03444444444444
95,81,0.234444444444444
95,82,1.04638888888889
95,83,0.708888888888889
95,84,2.10166666666667
95,85,1.36861111111111
95,86,0.984166666666667
95,87,2.76138888888889
95,88,0.743888888888889
95,89,0.121944444444444
95,90,0.635833333333333
95,91,0.295555555555555
95,92,0.3775
95,93,0.733333333333333
95,94,0.631111111111111
95,95,0.0
95,96,0.478333333333333
95,97,0.389444444444444
95,98,0.118888888888889
95,99,1.48722222222222
95,100,1.04638888888889
96,1,0.809444444444444
96,2,0.705
96,3,0.510833333333333
96,4,0.1875
96,5,1.84083333333333
96,6,0.495
96,7,0.446666666666667
96,8,0.188333333333333
96,9,0.643055555555556
96,10,0.408333333333333
96,11,0.571388888888889
96,12,0.431388888888889
96,13,0.758611111111111
96,14,0.25
96,15,0.396666666666667
96,16,0.409444444444444
96,17,0.437777777777778
96,18,2.32027777777778
96,19,0.124166666666667
96,20,0.864722222222222
96,21,0.411944444444444
96,22,0.626944444444444
96,23,2.43916666666667
96,24,0.409166666666667
96,25,0.530833333333333
96,26,0.609166666666667
96,27,0.300833333333333
96,28,0.4225
96,29,0.364166666666667
96,30,1.17027777777778
96,31,0.300833333333333
96,32,0.405277777777778
96,33,0.334166666666667
96,34,0.389444444444444
96,35,0.362222222222222
96,36,0.789722222222222
96,37,0.597777777777778
96,38,0.558055555555556
96,39,1.48666666666667
96,40,0.508611111111111
96,41,0.544444444444444
96,42,1.91305555555556
96,43,3.86138888888889
96,44,0.920833333333333
96,45,0.750555555555555
96,46,0.390277777777778
96,47,0.188333333333333
96,48,1.09277777777778
96,49,2.31888888888889
96,50,2.75944444444444
96,51,0.765
96,52,2.65972222222222
96,53,0.4425
96,54,0.505555555555556
96,55,0.544166666666667
96,56,2.69416666666667
96,57,0.311666666666667
96,58,0.729444444444444
96,59,2.13194444444444
96,60,0.834722222222222
96,61,1.11861111111111
96,62,0.346111111111111
96,63,0.438611111111111
96,64,2.38583333333333
96,65,1.2225
96,66,0.572222222222222
96,67,0.496388888888889
96,68,0.904166666666667
96,69,0.6225
96,70,0.435277777777778
96,71,0.576111111111111
96,72,2.01027777777778
96,73,0.433888888888889
96,74,1.23666666666667
96,75,0.381111111111111
96,76,0.376944444444444
96,77,2.53666666666667
96,78,0.665
96,79,2.06416666666667
96,80,0.913888888888889
96,81,0.485
96,82,0.9075
96,83,0.471666666666667
96,84,2.00722222222222
96,85,1.22972222222222
96,86,0.889722222222222
96,87,2.64083333333333
96,88,0.4875
96,89,0.437222222222222
96,90,0.496111111111111
96,91,0.321944444444444
96,92,0.196111111111111
96,93,0.4425
96,94,0.540833333333333
96,95,0.397777777777778
96,96,0.0
96,97,0.373333333333333
96,98,0.434166666666667
96,99,1.42166666666667
96,100,0.9075
97,1,0.770833333333333
97,2,0.686111111111111
97,3,0.603611111111111
97,4,0.365277777777778
97,5,1.79333333333333
97,6,0.452222222222222
97,7,0.4175
97,8,0.283888888888889
97,9,0.639722222222222
97,10,0.328611111111111
97,11,0.542222222222222
97,12,0.4025
97,13,0.72
97,14,0.43
97,15,0.1175
97,16,0.380277777777778
97,17,0.408611111111111
97,18,2.28166666666667
97,19,0.301944444444444
97,20,0.821666666666667
97,21,0.364444444444444
97,22,0.579444444444444
97,23,2.40166666666667
97,24,0.380277777777778
97,25,0.483333333333333
97,26,0.58
97,27,0.480833333333333
97,28,0.340277777777778
97,29,0.281944444444444
97,30,1.13277777777778
97,31,0.170555555555555
97,32,0.376111111111111
97,33,0.190555555555556
97,34,0.360555555555556
97,35,0.28
97,36,0.742222222222222
97,37,0.550277777777778
97,38,0.510555555555556
97,39,1.44361111111111
97,40,0.601111111111111
97,41,0.501666666666667
97,42,1.87416666666667
97,43,3.82361111111111
97,44,0.883055555555556
97,45,0.712777777777778
97,46,0.493611111111111
97,47,0.283888888888889
97,48,1.045
97,49,2.28027777777778
97,50,2.71194444444444
97,51,0.7175
97,52,2.61194444444444
97,53,0.575833333333333
97,54,0.598333333333333
97,55,0.549722222222222
97,56,2.64666666666667
97,57,0.167777777777778
97,58,0.822222222222222
97,59,2.08888888888889
97,60,0.797222222222222
97,61,1.08111111111111
97,62,0.263611111111111
97,63,0.546111111111111
97,64,2.33833333333333
97,65,1.175
97,66,0.543055555555555
97,67,0.414166666666667
97,68,0.856666666666667
97,69,0.579722222222222
97,70,0.552222222222222
97,71,0.668611111111111
97,72,1.97138888888889
97,73,0.404722222222222
97,74,1.18916666666667
97,75,0.298611111111111
97,76,0.294722222222222
97,77,2.48916666666667
97,78,0.6175
97,79,2.02527777777778
97,80,0.866388888888889
97,81,0.455833333333333
97,82,0.869722222222222
97,83,0.5325
97,84,1.96833333333333
97,85,1.19194444444444
97,86,0.851111111111111
97,87,2.59333333333333
97,88,0.625555555555555
97,89,0.408055555555556
97,90,0.448611111111111
97,91,0.292777777777778
97,92,0.216666666666667
97,93,0.575833333333333
97,94,0.497777777777778
97,95,0.368611111111111
97,96,0.316944444444444
97,97,0.0
97,98,0.405
97,99,1.38694444444444
97,100,0.869722222222222
98,1,0.885555555555555
98,2,0.843888888888889
98,3,0.581111111111111
98,4,0.508055555555556
98,5,1.94277777777778
98,6,0.566666666666667
98,7,0.149444444444444
98,8,0.431388888888889
98,9,0.502777777777778
98,10,0.268055555555555
98,11,0.405277777777778
98,12,0.118611111111111
98,13,0.834444444444444
98,14,0.572777777777778
98,15,0.502222222222222
98,16,0.254166666666667
98,17,0.1825
98,18,2.39638888888889
98,19,0.444722222222222
98,20,0.936388888888889
98,21,0.513888888888889
98,22,0.729166666666667
98,23,2.55944444444444
98,24,0.086388888888889
98,25,0.633055555555556
98,26,0.443055555555555
98,27,0.593333333333333
98,28,0.250833333333333
98,29,0.323055555555555
98,30,1.29055555555556
98,31,0.418333333333333
98,32,0.153333333333333
98,33,0.4425
98,34,0.06
98,35,0.271111111111111
98,36,0.891666666666667
98,37,0.7
98,38,0.660277777777778
98,39,1.55833333333333
98,40,0.5425
98,41,0.616388888888889
98,42,1.98888888888889
98,43,3.98138888888889
98,44,1.04083333333333
98,45,0.870555555555555
98,46,0.6325
98,47,0.431388888888889
98,48,1.19472222222222
98,49,2.39472222222222
98,50,2.86138888888889
98,51,0.867222222222222
98,52,2.76166666666667
98,53,0.714722222222222
98,54,0.644722222222222
98,55,0.664166666666667
98,56,2.79611111111111
98,57,0.42
98,58,0.763333333333333
98,59,2.20361111111111
98,60,0.955
98,61,1.23888888888889
98,62,0.313611111111111
98,63,0.685
98,64,2.48777777777778
98,65,1.32472222222222
98,66,0.406111111111111
98,67,0.3175
98,68,1.00611111111111
98,69,0.694166666666667
98,70,0.668055555555555
98,71,0.538888888888889
98,72,2.08611111111111
98,73,0.053888888888889
98,74,1.33888888888889
98,75,0.406388888888889
98,76,0.363333333333333
98,77,2.63861111111111
98,78,0.766944444444444
98,79,2.14
98,80,1.01583333333333
98,81,0.214444444444444
98,82,1.02777777777778
98,83,0.690277777777778
98,84,2.08305555555556
98,85,1.32305555555556
98,86,0.965555555555556
98,87,2.74277777777778
98,88,0.712222222222222
98,89,0.003055555555556
98,90,0.617222222222222
98,91,0.263888888888889
98,92,0.358611111111111
98,93,0.714722222222222
98,94,0.6125
98,95,0.061944444444444
98,96,0.459722222222222
98,97,0.418333333333333
98,98,0.0
98,99,1.45527777777778
98,100,1.02777777777778
99,1,1.35194444444444
99,2,0.955277777777778
99,3,1.04861111111111
99,4,1.55527777777778
99,5,2.88111111111111
99,6,1.41333333333333
99,7,1.49416666666667
99,8,1.47
99,9,1.09138888888889
99,10,1.51388888888889
99,11,1.105
99,12,1.37055555555556
99,13,1.31166666666667
99,14,1.32944444444444
99,15,1.44638888888889
99,16,1.33416666666667
99,17,1.50444444444444
99,18,2.35194444444444
99,19,1.49222222222222
99,20,1.57972222222222
99,21,1.19555555555556
99,22,1.66722222222222
99,23,1.94777777777778
99,24,1.39277777777778
99,25,1.57111111111111
99,26,1.13777777777778
99,27,1.3125
99,28,1.52611111111111
99,29,1.51583333333333
99,30,0.338333333333333
99,31,1.45138888888889
99,32,1.33
99,33,1.47555555555556
99,34,1.44333333333333
99,35,1.51416666666667
99,36,1.82972222222222
99,37,1.63805555555556
99,38,1.59833333333333
99,39,2.20194444444444
99,40,0.990555555555556
99,41,1.25111111111111
99,42,1.94444444444444
99,43,3.37
99,44,0.736944444444444
99,45,1.085
99,46,1.24333333333333
99,47,1.47
99,48,2.13277777777778
99,49,2.35055555555556
99,50,3.79944444444444
99,51,1.80527777777778
99,52,3.69972222222222
99,53,1.19611111111111
99,54,1.0875
99,55,1.12027777777778
99,56,3.73416666666667
99,57,1.45305555555556
99,58,0.798888888888889
99,59,2.84722222222222
99,60,1.16944444444444
99,61,0.669166666666667
99,62,1.49777777777778
99,63,1.17944444444444
99,64,3.42583333333333
99,65,2.26277777777778
99,66,1.10083333333333
99,67,1.60638888888889
99,68,1.94416666666667
99,69,1.25333333333333
99,70,1.11611111111111
99,71,1.02333333333333
99,72,2.04166666666667
99,73,1.4175
99,74,2.27694444444444
99,75,1.53277777777778
99,76,1.52861111111111
99,77,3.57666666666667
99,78,1.705
99,79,2.09583333333333
99,80,1.95388888888889
99,81,1.3025
99,82,0.979444444444444
99,83,1.04055555555556
99,84,2.02666666666667
99,85,0.765555555555555
99,86,1.40083333333333
99,87,3.68083333333333
99,88,1.16
99,89,1.42055555555556
99,90,1.10666666666667
99,91,1.38277777777778
99,92,1.42472222222222
99,93,1.19611111111111
99,94,1.25611111111111
99,95,1.45138888888889
99,96,1.46027777777778
99,97,1.46361111111111
99,98,1.4175
99,99,0.0
99,100,0.979444444444444
100,1,0.841388888888889
100,2,0.288333333333333
100,3,0.6575
100,4,0.966666666666667
100,5,2.29222222222222
100,6,0.824722222222222
100,7,1.01722222222222
100,8,0.881388888888889
100,9,0.798611111111111
100,10,0.925277777777778
100,11,0.812222222222222
100,12,1.00194444444444
100,13,0.722777777777778
100,14,0.795833333333333
100,15,0.857777777777778
100,16,0.98
100,17,1.00805555555556
100,18,2.33555555555556
100,19,0.903333333333333
100,20,0.991111111111111
100,21,0.606944444444444
100,22,1.07833333333333
100,23,1.98138888888889
100,24,0.979722222222222
100,25,0.9825
100,26,0.845
100,27,0.828055555555555
100,28,0.9375
100,29,0.927222222222222
100,30,0.7125
100,31,0.862777777777778
100,32,0.975833333333333
100,33,0.886944444444444
100,34,0.96
100,35,0.925277777777778
100,36,1.24111111111111
100,37,1.04944444444444
100,38,1.00972222222222
100,39,1.61305555555556
100,40,0.655277777777778
100,41,0.6625
100,42,1.92833333333333
100,43,3.40333333333333
100,44,0.4625
100,45,0.496388888888889
100,46,0.654722222222222
100,47,0.881388888888889
100,48,1.54416666666667
100,49,2.33416666666667
100,50,3.21083333333333
100,51,1.21666666666667
100,52,3.11111111111111
100,53,0.588333333333333
100,54,0.634722222222222
100,55,0.531666666666667
100,56,3.14555555555556
100,57,0.864444444444444
100,58,0.678055555555556
100,59,2.25833333333333
100,60,0.580833333333333
100,61,0.477777777777778
100,62,0.908888888888889
100,63,0.565
100,64,2.83722222222222
100,65,1.67416666666667
100,66,0.807777777777778
100,67,1.01777777777778
100,68,1.35555555555556
100,69,0.664722222222222
100,70,0.701666666666667
100,71,0.732777777777778
100,72,2.02527777777778
100,73,1.00444444444444
100,74,1.68833333333333
100,75,0.944166666666667
100,76,0.94
100,77,2.98805555555556
100,78,1.11638888888889
100,79,2.07944444444444
100,80,1.36527777777778
100,81,1.00972222222222
100,82,0.0
100,83,0.451944444444444
100,84,2.03333333333333
100,85,0.638055555555556
100,86,0.812222222222222
100,87,3.09222222222222
100,88,0.745833333333333
100,89,1.0075
100,90,0.518055555555556
100,91,0.892222222222222
100,92,0.836111111111111
100,93,0.588333333333333
100,94,0.667222222222222
100,95,0.968055555555556
100,96,0.914722222222222
100,97,0.875
100,98,1.00444444444444
100,99,0.966388888888889
100,100,0.0
