,"0_CDRJ","L019","L318","L502","L135",1000,"L096","L100","L503","L594","L012","L662","L570","L685",1033,"L767","L463","L022","L359","L977",5022,"L057","L886",1021,"L774",1082,"L523","L449","L529","L759","L839",5420,1108,1240,5412,"L650",5009,5208,9112,9314,9141,"L095","L032",1073,1266,1451,"L175","L164","L508","L010","L230","L653","L020","L281",1012,"L858",1444,"L227",1062,"L025","L606","L602",5223,"L157","L663","L121","L713","L077",5270,"L709",9982,9119,9146,9968,9099,9501,9283,9326,9188,9970,9035,"L003","L067","L131","L069","L540","L583","L526",5275,"L509",1175,"L090","L777","L560","L900","L005","L536",9139,9246
"0_CDRJ",0,3.15388888888889,1.63916666666667,0.455833333333333,1.02888888888889,0.696944444444444,0.934722222222222,0.450277777777778,0.888611111111111,0.991388888888889,1.13444444444444,0.388333333333333,1.28555555555556,0.961944444444444,2.2575,0.801388888888889,1.32083333333333,0.555277777777778,1.08138888888889,1.21861111111111,0.915833333333333,1.50944444444444,0.840277777777778,0.931944444444444,0.683888888888889,0.846666666666667,0.940277777777778,0.983055555555556,0.909166666666667,0.828333333333333,0.904166666666667,1.04361111111111,1.07222222222222,1.07777777777778,0.5775,1.22861111111111,0.823055555555555,0.944166666666667,0.9475,0.852222222222222,0.9025,0.683888888888889,0.846666666666667,0.953055555555556,0.937777777777778,0.845555555555555,1.09194444444444,0.521388888888889,1.005,0.591666666666667,0.8825,1.20277777777778,0.893888888888889,2.8025,0.94,0.871944444444444,0.286666666666667,0.874166666666667,0.763611111111111,0.5825,0.515833333333333,0.880833333333333,1.54194444444444,2.20638888888889,3.0575,3.11083333333333,0.442222222222222,1.18166666666667,0.868611111111111,0.943611111111111,0.974722222222222,1.11833333333333,0.892222222222222,1.20638888888889,0.915555555555556,0.890555555555555,0.911666666666667,0.895833333333333,0.964444444444444,1.01444444444444,1.73166666666667,1.56111111111111,1.54055555555556,0.829444444444444,3.17611111111111,2.95333333333333,1.33055555555556,1.65333333333333,0.928888888888889,1.23166666666667,0.890555555555555,3.07638888888889,0.615277777777778,1.08166666666667,0.940555555555556,0.9375,0.905,0.790833333333333,0.827777777777778
"L019",3.24027777777778,0,4.62666666666667,3.48222222222222,3.65111111111111,3.31916666666667,3.60777777777778,3.48416666666667,3.67472222222222,4.00777777777778,2.72,3.41472222222222,3.33166666666667,3.71888888888889,5.245,3.78888888888889,4.30833333333333,3.44916666666667,3.78083333333333,3.23444444444444,3.9325,4.49666666666667,3.8275,3.91916666666667,3.56,3.83388888888889,3.95694444444444,3.97027777777778,3.89666666666667,3.845,3.92083333333333,4.03111111111111,3.77166666666667,3.78527777777778,3.55972222222222,3.915,3.81027777777778,3.96055555555556,3.935,3.83944444444444,3.89,3.56,3.83388888888889,3.96972222222222,3.95444444444445,3.80805555555556,3.24916666666667,3.53333333333333,3.70555555555556,3.615,3.59166666666667,3.36,3.10083333333333,5.78972222222222,3.63055555555556,3.86722222222222,3.31305555555556,3.86166666666667,3.77722222222222,3.60722222222222,3.40444444444444,3.34333333333333,3.00666666666667,4.47861111111111,6.04472222222222,6.09805555555556,3.47055555555556,4.16916666666667,3.85611111111111,3.96027777777778,3.96222222222222,3.81777777777778,3.87972222222222,4.19388888888889,3.93222222222222,3.87805555555556,3.92833333333333,3.9125,2.98027777777778,4.00194444444445,1.46333333333333,4.31805555555556,2.93027777777778,3.81694444444444,6.16361111111111,5.94055555555556,4.31777777777778,4.64083333333333,3.67027777777778,2.80666666666667,3.87777777777778,6.06361111111111,3.62,4.06888888888889,3.95722222222222,3.62833333333333,3.8925,3.77222222222222,3.81527777777778
"L318",1.54333333333333,4.61805555555556,0,1.35194444444444,1.61888888888889,1.48027777777778,1.395,1.32194444444444,1.34888888888889,1.35361111111111,2.64666666666667,1.62333333333333,2.79777777777778,1.42222222222222,1.51166666666667,1.13444444444444,0.8325,1.50722222222222,1.44083333333333,2.18111111111111,1.27805555555556,0.763333333333333,1.17305555555556,1.26472222222222,1.3725,1.17944444444444,1.3025,1.31611111111111,1.24222222222222,1.19055555555556,1.26638888888889,0.897222222222222,1.5325,1.44,1.15861111111111,2.74083333333333,1.15638888888889,1.30638888888889,0.930833333333333,1.18527777777778,1.23555555555556,1.3725,1.17944444444444,1.31527777777778,1.30027777777778,1.30583333333333,1.87527777777778,1.59138888888889,1.46527777777778,1.27416666666667,1.34277777777778,1.98638888888889,1.6775,2.05666666666667,1.40027777777778,1.21638888888889,1.49222222222222,1.20722222222222,1.22444444444444,1.29027777777778,1.32666666666667,1.66416666666667,3.05416666666667,2.86138888888889,2.31138888888889,2.365,1.24305555555556,0.659722222222222,1.20166666666667,1.30583333333333,0.953888888888889,1.47777777777778,1.22527777777778,0.806111111111111,1.27805555555556,1.22361111111111,1.27388888888889,1.25833333333333,1.92694444444444,0.890833333333333,3.19583333333333,1.70277777777778,3.0525,1.1625,2.31083333333333,2.09805555555556,0.643055555555556,0.9075,1.59416666666667,2.74388888888889,1.22361111111111,2.33027777777778,1.27027777777778,0.742222222222222,1.30277777777778,1.39777777777778,1.23805555555556,1.25111111111111,1.16083333333333
"L502",0.438888888888889,3.56166666666667,1.48388888888889,0,0.866666666666667,0.534722222222222,0.790277777777778,0.244166666666667,0.744166666666666,0.825,1.54222222222222,0.520555555555555,1.69361111111111,0.8175,2.10222222222222,0.638611111111111,1.16555555555556,0.476111111111111,0.912222222222222,1.23555555555556,0.749444444444444,1.35388888888889,0.683611111111111,0.769166666666667,0.521666666666667,0.683888888888889,0.773888888888889,0.826388888888889,0.7525,0.661944444444444,0.737777777777778,0.888333333333333,0.927777777777778,0.911388888888889,0.415277777777778,1.63638888888889,0.668333333333333,0.777777777777778,0.792222222222222,0.692777777777778,0.745833333333333,0.521666666666667,0.683888888888889,0.786666666666667,0.771666666666667,0.701388888888889,0.929722222222222,0.512222222222222,0.860555555555555,0.252777777777778,0.738055555555556,1.04055555555556,0.731666666666667,2.64722222222222,0.795555555555556,0.7375,0.388055555555555,0.7175,0.597222222222222,0.420277777777778,0.344166666666667,0.718333333333333,1.94972222222222,2.04027777777778,2.90222222222222,2.95555555555556,0.28,1.02638888888889,0.705833333333333,0.777222222222222,0.819444444444444,0.949166666666667,0.735555555555556,1.05111111111111,0.749444444444444,0.733888888888889,0.745277777777778,0.729722222222222,0.981388888888889,0.859166666666667,2.13944444444444,1.395,1.94833333333333,0.67,3.02083333333333,2.79805555555556,1.17527777777778,1.49805555555556,0.557777777777778,1.63944444444444,0.733888888888889,2.92083333333333,0.425,0.926388888888889,0.774166666666667,0.793333333333333,0.748333333333333,0.646388888888889,0.668333333333333
"L135",1.09361111111111,3.64833333333333,1.71638888888889,0.916944444444444,0,0.561666666666667,0.455833333333333,0.784166666666667,0.484166666666667,0.670833333333333,2.19722222222222,1.06472222222222,2.34833333333333,0.528333333333333,2.33444444444444,0.878333333333333,1.39777777777778,0.748888888888889,0.468888888888889,0.726666666666667,0.7025,1.58638888888889,0.917222222222222,0.94,0.785555555555556,0.923611111111111,0.785833333333333,1.01888888888889,0.981111111111111,0.751111111111111,0.819722222222222,1.12055555555556,0.459722222222222,0.473333333333333,0.796388888888889,2.305,0.9,0.872777777777778,1.02472222222222,0.929166666666667,0.944722222222222,0.785555555555556,0.923611111111111,0.8625,0.738888888888889,0.6975,0.671388888888889,0.833055555555555,0.391666666666667,0.946388888888889,0.547777777777778,0.594444444444444,0.803611111111111,2.87944444444444,0.416666666666667,0.828611111111111,0.975277777777778,0.951111111111111,0.896666666666667,0.793888888888889,0.704444444444444,0.816944444444444,2.60444444444444,2.51083333333333,3.13444444444444,3.18777777777778,0.770555555555555,1.25861111111111,0.918333333333333,0.788888888888889,1.05166666666667,0.505833333333333,0.906944444444444,1.28333333333333,0.761111111111111,0.89,0.698333333333333,0.811388888888889,0.639444444444445,1.09138888888889,2.22611111111111,1.86555555555556,2.60305555555556,0.906388888888889,3.25305555555556,3.03027777777778,1.4075,1.73055555555556,1.24361111111111,2.29444444444444,0.930555555555556,3.15333333333333,0.919722222222222,1.15861111111111,0.785833333333333,0.358611111111111,0.976944444444444,0.680555555555556,0.904722222222222
1000,0.664166666666667,3.34138888888889,1.49694444444444,0.4875,0.415,0,0.371666666666667,0.354722222222222,0.438611111111111,0.746666666666667,1.76777777777778,0.635277777777778,1.91888888888889,0.482777777777778,2.11527777777778,0.659166666666667,1.17861111111111,0.319444444444444,0.544722222222222,0.904444444444444,0.802777777777778,1.36722222222222,0.698055555555556,0.763611111111111,0.325,0.704444444444444,0.8275,0.840833333333333,0.766944444444444,0.715277777777778,0.791111111111111,0.901388888888889,0.535555555555556,0.549166666666667,0.43,1.86166666666667,0.680555555555556,0.831111111111111,0.805277777777778,0.71,0.760277777777778,0.325,0.704444444444444,0.84,0.825,0.532777777777778,0.598888888888889,0.403611111111111,0.469444444444444,0.485555555555556,0.301666666666667,0.709722222222222,0.400833333333333,2.66027777777778,0.394444444444444,0.651944444444444,0.545833333333333,0.731944444444444,0.6475,0.4775,0.275,0.385277777777778,2.175,2.08138888888889,2.91527777777778,2.96861111111111,0.340833333333333,1.03944444444444,0.726388888888889,0.830555555555556,0.8325,0.581666666666667,0.75,1.06416666666667,0.802777777777778,0.748333333333333,0.798611111111111,0.783055555555556,0.650555555555556,0.872222222222222,1.91916666666667,1.43611111111111,2.17361111111111,0.687222222222222,3.03388888888889,2.81111111111111,1.18833333333333,1.51111111111111,0.814166666666667,1.865,0.748333333333333,2.93388888888889,0.490277777777778,0.939444444444444,0.8275,0.392222222222222,0.762777777777778,0.565,0.685555555555556
"L096",0.934444444444444,3.61222222222222,1.45666666666667,0.764722222222222,0.361666666666667,0.403055555555556,0,0.625555555555555,0.224722222222222,0.5325,2.03777777777778,0.906111111111111,2.18888888888889,0.268611111111111,2.075,0.618888888888889,1.13833333333333,0.590277777777778,0.330833333333333,1.05222222222222,0.564166666666667,1.32666666666667,0.6575,0.680555555555556,0.526111111111111,0.663888888888889,0.6475,0.800277777777778,0.726666666666667,0.648888888888889,0.681388888888889,0.861111111111111,0.321388888888889,0.335,0.536666666666667,2.13194444444444,0.640277777777778,0.734444444444444,0.765,0.669722222222222,0.72,0.526111111111111,0.663888888888889,0.724166666666667,0.600833333333333,0.438055555555555,0.869722222222222,0.674722222222222,0.255555555555555,0.686666666666667,0.288055555555555,0.92,0.671666666666667,2.62,0.180277777777778,0.568888888888889,0.816944444444444,0.691666666666667,0.637222222222222,0.534166666666667,0.545833333333333,0.658611111111111,2.44527777777778,2.26611111111111,2.87472222222222,2.92805555555556,0.611944444444444,0.999166666666667,0.658888888888889,0.650555555555556,0.792222222222222,0.367777777777778,0.709722222222222,1.02388888888889,0.622777777777778,0.708055555555555,0.56,0.673333333333333,0.921388888888889,0.831944444444444,2.19027777777778,1.62083333333333,2.44388888888889,0.646944444444444,2.99361111111111,2.77055555555556,1.14777777777778,1.47083333333333,0.998888888888889,2.135,0.707777777777778,2.89361111111111,0.675,0.898888888888889,0.6475,0.178055555555555,0.7225,0.421111111111111,0.645277777777778
"L100",0.444166666666667,3.52638888888889,1.35166666666667,0.218333333333333,0.720555555555556,0.388611111111111,0.657777777777778,0,0.611944444444444,0.6925,1.5475,0.444722222222222,1.69861111111111,0.685,1.97,0.506388888888889,1.03305555555556,0.301666666666667,0.78,1.08944444444444,0.617222222222222,1.22166666666667,0.551111111111111,0.636666666666667,0.375555555555555,0.551666666666667,0.641666666666667,0.693888888888889,0.620277777777778,0.529444444444444,0.605277777777778,0.756111111111111,0.795277777777778,0.779166666666667,0.295,1.64166666666667,0.536111111111111,0.645277777777778,0.66,0.560277777777778,0.613611111111111,0.375555555555555,0.551666666666667,0.654444444444444,0.639166666666667,0.568888888888889,0.783888888888889,0.373333333333333,0.728333333333333,0.262777777777778,0.605833333333333,0.894722222222222,0.585833333333333,2.51472222222222,0.663055555555555,0.6175,0.355277777777778,0.585277777777778,0.465,0.3025,0.155,0.5725,1.955,1.90777777777778,2.76972222222222,2.82305555555556,0.162222222222222,0.894166666666667,0.573611111111111,0.644722222222222,0.687222222222222,0.816944444444444,0.603333333333333,0.918611111111111,0.616944444444444,0.601666666666667,0.613055555555556,0.597222222222222,0.835555555555556,0.726944444444444,2.10416666666667,1.2625,1.95361111111111,0.537777777777778,2.88833333333333,2.66555555555556,1.04277777777778,1.36583333333333,0.640555555555555,1.64472222222222,0.601388888888889,2.78861111111111,0.316666666666667,0.793888888888889,0.641666666666667,0.660833333333333,0.616111111111111,0.5225,0.536111111111111
"L503",0.830555555555556,3.69694444444444,1.35277777777778,0.660833333333333,0.412777777777778,0.487777777777778,0.186666666666667,0.584166666666667,0,0.5375,1.93388888888889,0.910555555555555,2.085,0.126111111111111,1.97083333333333,0.514722222222222,1.03416666666667,0.675,0.335555555555555,1.105,0.569166666666667,1.22277777777778,0.553611111111111,0.520833333333333,0.452777777777778,0.571388888888889,0.656944444444444,0.696388888888889,0.622777777777778,0.545,0.620833333333333,0.756944444444444,0.326388888888889,0.34,0.432777777777778,2.02805555555556,0.536388888888889,0.660833333333333,0.661111111111111,0.565555555555556,0.616111111111111,0.452777777777778,0.571388888888889,0.669722222222222,0.605555555555555,0.333888888888889,0.954444444444444,0.759166666666667,0.259166666666667,0.582777777777778,0.167777777777778,0.972777777777778,0.756388888888889,2.51583333333333,0.193333333333333,0.417777777777778,0.779444444444444,0.5875,0.533333333333333,0.430277777777778,0.511666666666667,0.743055555555556,2.34138888888889,2.16222222222222,2.77083333333333,2.82416666666667,0.517222222222222,0.895277777777778,0.507222222222222,0.660277777777778,0.688333333333333,0.3725,0.605833333333333,0.919722222222222,0.6325,0.603888888888889,0.565,0.612777777777778,1.0175,0.728055555555556,2.27472222222222,1.51694444444444,2.33972222222222,0.543055555555555,2.88944444444444,2.66666666666667,1.04388888888889,1.36694444444444,0.894722222222222,2.03111111111111,0.603888888888889,2.78972222222222,0.571111111111111,0.795,0.657222222222222,0.190833333333333,0.618611111111111,0.316944444444444,0.541388888888889
"L594",0.919722222222222,4.01583333333333,1.35888888888889,0.728611111111111,0.648611111111111,0.878055555555556,0.53,0.698333333333333,0.553333333333333,0,2.02305555555556,1,2.17416666666667,0.597222222222222,1.97722222222222,0.393055555555555,1.04055555555556,0.905,0.291388888888889,1.34055555555556,0.131666666666667,1.22888888888889,0.515833333333333,0.542222222222222,0.748888888888889,0.465555555555556,0.203611111111111,0.452222222222222,0.452222222222222,0.185,0.236388888888889,0.763333333333333,0.388055555555555,0.290555555555555,0.548055555555556,2.11722222222222,0.536388888888889,0.319166666666667,0.667222222222222,0.476944444444444,0.385277777777778,0.748888888888889,0.465555555555556,0.284166666666667,0.136944444444444,0.607222222222222,1.27305555555556,0.989166666666666,0.424166666666667,0.650555555555556,0.616944444444444,1.20833333333333,1.07527777777778,2.52222222222222,0.466388888888889,0.493888888888889,0.868888888888889,0.448333333333333,0.600833333333333,0.666944444444444,0.724444444444444,1.06194444444444,2.43055555555556,2.23777777777778,2.77694444444444,2.83027777777778,0.651388888888889,0.901388888888889,0.478888888888889,0.206944444444444,0.694444444444444,0.328333333333333,0.378055555555555,0.926111111111111,0.179166666666667,0.361388888888889,0.092777777777778,0.258055555555555,1.25333333333333,0.734166666666667,2.59361111111111,1.5925,2.42888888888889,0.454166666666667,2.89583333333333,2.67277777777778,1.05027777777778,1.37305555555556,0.970555555555556,2.12027777777778,0.402777777777778,2.79583333333333,0.646666666666667,0.801111111111111,0.203888888888889,0.427777777777778,0.448055555555555,0.6275,0.4525
"L012",1.36583333333333,2.75638888888889,2.79111111111111,1.60777777777778,2.18083333333333,1.84888888888889,2.08638888888889,1.60194444444444,2.04055555555556,2.14305555555556,0,1.54027777777778,0.811111111111111,2.11361111111111,3.40944444444444,1.95333333333333,2.47277777777778,1.70694444444444,2.23333333333333,1.97972222222222,2.06777777777778,2.66111111111111,1.99194444444444,2.08361111111111,1.83583333333333,1.99833333333333,2.09222222222222,2.13472222222222,2.06111111111111,1.98,2.05583333333333,2.19555555555556,2.22388888888889,2.22972222222222,1.72916666666667,1.81861111111111,1.97472222222222,2.09583333333333,2.09944444444444,2.00416666666667,2.05444444444444,1.83583333333333,1.99833333333333,2.105,2.08972222222222,1.9975,1.95333333333333,1.67333333333333,2.15694444444444,1.74361111111111,2.03444444444444,2.06416666666667,1.78361111111111,3.95444444444445,2.09166666666667,2.02388888888889,1.43861111111111,2.02611111111111,1.91555555555556,1.73444444444444,1.6675,2.02611111111111,0.838611111111111,1.95777777777778,4.20916666666667,4.2625,1.59416666666667,2.33361111111111,2.02055555555556,2.09527777777778,2.12666666666667,2.27027777777778,2.04416666666667,2.35833333333333,2.0675,2.0425,2.06361111111111,2.04777777777778,1.72555555555556,2.16638888888889,1.83638888888889,2.47027777777778,0.837222222222222,1.98138888888889,4.32805555555556,4.105,2.4825,2.80527777777778,1.8225,0.138888888888889,2.0425,4.22805555555556,1.76722222222222,2.23361111111111,2.09222222222222,2.08944444444444,2.05694444444444,1.94277777777778,1.97972222222222
"L662",0.289166666666667,3.41222222222222,1.62888888888889,0.445277777777778,1.005,0.673055555555556,0.924166666666667,0.39,0.878055555555556,0.980833333333333,1.39277777777778,0,1.54388888888889,0.951388888888889,2.24694444444444,0.790833333333333,1.31027777777778,0.393333333333333,1.07083333333333,1.37388888888889,0.905277777777778,1.49888888888889,0.829722222222222,0.921388888888889,0.648888888888889,0.836111111111111,0.929722222222222,0.9725,0.898611111111111,0.817777777777778,0.893611111111111,1.03305555555556,1.06166666666667,1.06722222222222,0.566944444444444,1.48694444444444,0.8125,0.933611111111111,0.937222222222222,0.841666666666667,0.891944444444444,0.648888888888889,0.836111111111111,0.9425,0.9275,0.835,1.06805555555556,0.407777777777778,0.994444444444444,0.581111111111111,0.888333333333333,1.17888888888889,0.870277777777778,2.79194444444444,0.929444444444444,0.861388888888889,0.164722222222222,0.863611111111111,0.753055555555556,0.571944444444444,0.521666666666667,0.856944444444444,1.80027777777778,2.19611111111111,3.04694444444444,3.10027777777778,0.431666666666667,1.17138888888889,0.858055555555556,0.933055555555555,0.964444444444444,1.10777777777778,0.881944444444444,1.19583333333333,0.905277777777778,0.88,0.901111111111111,0.885555555555555,1.11972222222222,1.00416666666667,1.99,1.55083333333333,1.79861111111111,0.819166666666667,3.16555555555556,2.94277777777778,1.32,1.64305555555556,0.928611111111111,1.49,0.88,3.06583333333333,0.605,1.07111111111111,0.93,0.927222222222222,0.894722222222222,0.780277777777778,0.8175
"L570",1.52527777777778,3.36055555555556,2.95055555555556,1.76722222222222,2.34,2.00833333333333,2.24583333333333,1.76138888888889,2.2,2.3025,0.831666666666667,1.69972222222222,0,2.27305555555556,3.56888888888889,2.11277777777778,2.63222222222222,1.86638888888889,2.39277777777778,2.13916666666667,2.22694444444444,2.82055555555556,2.15138888888889,2.24305555555556,1.995,2.15777777777778,2.25166666666667,2.29416666666667,2.22055555555556,2.13944444444444,2.21527777777778,2.355,2.38333333333333,2.38916666666667,1.88861111111111,1.26222222222222,2.13416666666667,2.25527777777778,2.25888888888889,2.16361111111111,2.21388888888889,1.995,2.15777777777778,2.26444444444444,2.24916666666667,2.15694444444444,2.11277777777778,1.83277777777778,2.31638888888889,1.90305555555556,2.19361111111111,2.22361111111111,1.94305555555556,4.11388888888889,2.25111111111111,2.18333333333333,1.59805555555556,2.18555555555556,2.075,1.89361111111111,1.82694444444444,2.18555555555556,1.47888888888889,1.40166666666667,4.36861111111111,4.42194444444445,1.75361111111111,2.49305555555556,2.18,2.25472222222222,2.28611111111111,2.42972222222222,2.20361111111111,2.51777777777778,2.22694444444444,2.20194444444444,2.22305555555556,2.20722222222222,1.885,2.32583333333333,2.44083333333333,2.62972222222222,1.4775,2.14083333333333,4.4875,4.26444444444444,2.64166666666667,2.96472222222222,1.98194444444444,0.790277777777778,2.20166666666667,4.3875,1.92666666666667,2.39277777777778,2.25166666666667,2.24888888888889,2.21638888888889,2.10222222222222,2.13916666666667
"L685",0.95,3.79555555555556,1.47222222222222,0.780277777777778,0.511388888888889,0.586388888888889,0.285277777777778,0.703611111111111,0.192777777777778,0.690555555555556,2.05333333333333,1.03027777777778,2.20444444444444,0,2.09055555555556,0.65,1.15388888888889,0.773611111111111,0.488611111111111,1.20333333333333,0.722222222222222,1.34222222222222,0.673055555555556,0.591944444444444,0.541388888888889,0.6425,0.805555555555556,0.815833333333333,0.742222222222222,0.664444444444444,0.740277777777778,0.876666666666667,0.425,0.488055555555556,0.552222222222222,2.1475,0.655833333333333,0.780277777777778,0.780555555555556,0.685,0.735555555555556,0.541388888888889,0.6425,0.789166666666667,0.758611111111111,0.453333333333333,1.05277777777778,0.857777777777778,0.357777777777778,0.702222222222222,0.322777777777778,1.07111111111111,0.855,2.63527777777778,0.291666666666667,0.488888888888889,0.899166666666667,0.707222222222222,0.652777777777778,0.549722222222222,0.631111111111111,0.841666666666667,2.46083333333333,2.28166666666667,2.89027777777778,2.94361111111111,0.636666666666667,1.01472222222222,0.578333333333333,0.808611111111111,0.807777777777778,0.525555555555556,0.725277777777778,1.03944444444444,0.780833333333333,0.723611111111111,0.718055555555556,0.732222222222222,1.11611111111111,0.8475,2.37333333333333,1.63638888888889,2.45916666666667,0.6625,3.00916666666667,2.78611111111111,1.16333333333333,1.48638888888889,1.01416666666667,2.15055555555556,0.723333333333333,2.90916666666667,0.690555555555556,0.914444444444444,0.805555555555556,0.289444444444444,0.738055555555556,0.436388888888889,0.660833333333333
1033,2.22111111111111,5.29611111111111,1.61111111111111,2.03,2.29666666666667,2.15833333333333,2.07277777777778,2,2.02694444444444,2.03138888888889,3.32472222222222,2.30138888888889,3.47583333333333,2.1,0,1.8125,1.34833333333333,2.185,2.11888888888889,2.85916666666667,1.95611111111111,0.919444444444444,1.85111111111111,1.94277777777778,2.05055555555556,1.8575,1.98055555555556,1.99388888888889,1.92027777777778,1.86861111111111,1.94444444444444,1.69888888888889,2.21027777777778,2.11805555555556,1.83666666666667,3.365,1.83416666666667,1.98416666666667,1.60305555555556,1.86305555555556,1.91361111111111,2.05055555555556,1.8575,1.99333333333333,1.97805555555556,1.98388888888889,2.55333333333333,2.26944444444444,2.14333333333333,1.95194444444444,2.02083333333333,2.66444444444444,2.35555555555556,0.589166666666667,2.07805555555556,1.89444444444444,2.17027777777778,1.88527777777778,1.9025,1.96833333333333,2.00472222222222,2.34222222222222,3.73194444444444,3.47388888888889,0.844166666666667,0.8975,1.92111111111111,1.41916666666667,1.87972222222222,1.98388888888889,1.62583333333333,2.15583333333333,1.90333333333333,1.76638888888889,1.95583333333333,1.90166666666667,1.95194444444444,1.93611111111111,2.605,1.67,3.87388888888889,2.21861111111111,3.73055555555556,1.84055555555556,1.61638888888889,0.74,1.78861111111111,0.795277777777778,2.18583333333333,3.42194444444444,1.90138888888889,0.863055555555555,1.94833333333333,1.67972222222222,1.98083333333333,2.07583333333333,1.91611111111111,1.92916666666667,1.83888888888889
"L767",0.730833333333333,3.79277777777778,1.14416666666667,0.543888888888889,0.791111111111111,0.655,0.567222222222222,0.513888888888889,0.521111111111111,0.406388888888889,1.83444444444444,0.811111111111111,1.98555555555556,0.638055555555556,1.76222222222222,0,0.825555555555555,0.681666666666666,0.493611111111111,1.35583333333333,0.330833333333333,1.01416666666667,0.294722222222222,0.202222222222222,0.531111111111111,0.086388888888889,0.355277777777778,0.418055555555555,0.3025,0.243333333333333,0.319166666666667,0.548333333333333,0.590277777777778,0.492777777777778,0.333333333333333,1.92861111111111,0.318055555555555,0.359166666666667,0.4525,0.255833333333333,0.343888888888889,0.531111111111111,0.086388888888889,0.368055555555556,0.353055555555555,0.338611111111111,1.05,0.766111111111111,0.626388888888889,0.466111111111111,0.515,1.16083333333333,0.852222222222222,2.30722222222222,0.5725,0.211111111111111,0.68,0.2675,0.416388888888889,0.462777777777778,0.501388888888889,0.838888888888889,2.24166666666667,2.05333333333333,2.56222222222222,2.61555555555556,0.417777777777778,0.686388888888889,0.134444444444444,0.358611111111111,0.479444444444444,0.530555555555556,0.285555555555555,0.711111111111111,0.330833333333333,0.283888888888889,0.326666666666667,0.311111111111111,1.10166666666667,0.519166666666667,2.37055555555556,1.40805555555556,2.24027777777778,0.233055555555555,2.68083333333333,2.45805555555556,0.835277777777778,1.15805555555556,0.786111111111111,1.93166666666667,0.329722222222222,2.58111111111111,0.462222222222222,0.586388888888889,0.355555555555555,0.57,0.298333333333333,0.389166666666667,0.222222222222222
"L463",1.26694444444444,4.34166666666667,0.895,1.07583333333333,1.3425,1.20416666666667,1.11861111111111,1.04555555555556,1.0725,1.07722222222222,2.37027777777778,1.34722222222222,2.52138888888889,1.14583333333333,1.27666666666667,0.858055555555556,0,1.23083333333333,1.16444444444444,1.90472222222222,1.00166666666667,0.528333333333333,0.896944444444444,0.988611111111111,1.09611111111111,0.903333333333333,1.02638888888889,1.03972222222222,0.965833333333333,0.914166666666667,0.99,0.744722222222222,1.25611111111111,1.16361111111111,0.882222222222222,2.35972222222222,0.88,1.03,0.648611111111111,0.908888888888889,0.959166666666667,1.09611111111111,0.903333333333333,1.03888888888889,1.02388888888889,1.02944444444444,1.59916666666667,1.315,1.18888888888889,0.997777777777778,1.06638888888889,1.71,1.40111111111111,1.82166666666667,1.12388888888889,0.940277777777778,1.21611111111111,0.930833333333333,0.948055555555555,1.01416666666667,1.05027777777778,1.38777777777778,2.77777777777778,2.46861111111111,2.07666666666667,2.13,0.966666666666667,0.4575,0.925277777777778,1.02944444444444,0.671666666666667,1.20138888888889,0.948888888888889,0.804722222222222,1.00166666666667,0.947222222222222,0.9975,0.981944444444444,1.65083333333333,0.715555555555556,2.91944444444444,1.21333333333333,2.77611111111111,0.886111111111111,2.19527777777778,1.9725,0.826666666666667,0.6725,1.18055555555556,2.4675,0.947222222222222,2.09527777777778,0.993888888888889,0.718055555555556,1.02638888888889,1.12166666666667,0.961666666666667,0.974722222222222,0.884444444444445
"L022",0.483333333333333,3.56416666666667,1.61388888888889,0.394444444444444,0.758333333333333,0.426666666666667,0.715277777777778,0.298055555555556,0.782222222222222,0.955,1.58694444444444,0.424166666666667,1.73805555555556,0.826111111111111,2.23222222222222,0.768611111111111,1.29555555555556,0,0.888333333333333,1.12722222222222,0.879444444444444,1.48388888888889,0.813333333333333,0.899166666666667,0.556944444444444,0.813888888888889,0.903888888888889,0.956388888888889,0.8825,0.791944444444444,0.867777777777778,1.01833333333333,0.879166666666667,0.892777777777778,0.545277777777778,1.68083333333333,0.798333333333333,0.907777777777778,0.922222222222222,0.822777777777778,0.875833333333333,0.556944444444444,0.813888888888889,0.916666666666667,0.901388888888889,0.831111111111111,0.821666666666667,0.084166666666667,0.813055555555555,0.530277777777778,0.698888888888889,0.9325,0.623611111111111,2.77722222222222,0.738055555555556,0.8675,0.335,0.8475,0.727222222222222,0.550277777777778,0.437222222222222,0.610277777777778,1.99416666666667,2.17,3.03194444444444,3.08555555555556,0.41,1.15638888888889,0.835833333333333,0.907222222222222,0.949444444444444,0.925277777777778,0.865555555555556,1.18111111111111,0.879166666666667,0.863888888888889,0.875277777777778,0.859722222222222,0.873333333333333,0.989166666666666,2.14194444444444,1.52472222222222,1.99277777777778,0.8,3.15083333333333,2.92805555555556,1.30527777777778,1.62805555555556,0.902777777777778,1.68416666666667,0.863888888888889,3.05083333333333,0.578888888888889,1.05638888888889,0.904166666666667,0.735833333333333,0.878333333333333,0.776388888888889,0.798333333333333
"L359",1.02138888888889,3.88527777777778,1.46083333333333,0.830277777777778,0.468611111111111,0.676111111111111,0.375,0.800277777777778,0.398333333333333,0.243888888888889,2.125,1.10166666666667,2.27611111111111,0.4425,2.07888888888889,0.494722222222222,1.14222222222222,0.863333333333333,0,1.16083333333333,0.275277777777778,1.33083333333333,0.617777777777778,0.55,0.699722222222222,0.567222222222222,0.358611111111111,0.591666666666667,0.554166666666667,0.323888888888889,0.3925,0.865,0.141666666666667,0.101666666666667,0.65,2.21888888888889,0.638333333333333,0.445555555555556,0.769166666666667,0.578611111111111,0.517777777777778,0.699722222222222,0.567222222222222,0.435277777777778,0.311944444444444,0.611666666666667,1.10555555555556,0.9475,0.244166666666667,0.752222222222222,0.461944444444444,1.02861111111111,0.944722222222222,2.62388888888889,0.286388888888889,0.595555555555556,0.970555555555556,0.565,0.702777777777778,0.708055555555555,0.789444444444444,0.931388888888889,2.53222222222222,2.33972222222222,2.87888888888889,2.93222222222222,0.753055555555556,1.00305555555556,0.598888888888889,0.361666666666667,0.796111111111111,0.081666666666667,0.479722222222222,1.02777777777778,0.333888888888889,0.463055555555555,0.271111111111111,0.384444444444444,1.07333333333333,0.835833333333333,2.46333333333333,1.69444444444444,2.53083333333333,0.555833333333333,2.9975,2.77472222222222,1.15194444444444,1.47472222222222,1.07222222222222,2.22194444444444,0.503611111111111,2.89777777777778,0.748611111111111,0.903055555555556,0.358611111111111,0.273055555555555,0.55,0.594722222222222,0.554166666666667
"L977",1.35194444444444,3.37,2.26277777777778,1.25333333333333,0.798888888888889,0.955277777777778,1.0875,1.12027777777778,1.11611111111111,1.3025,1.94444444444444,1.40083333333333,2.09583333333333,1.16,2.88111111111111,1.42472222222222,1.94416666666667,1.085,1.10083333333333,0,1.33416666666667,2.13277777777778,1.46361111111111,1.55527777777778,1.19611111111111,1.47,1.4175,1.60638888888889,1.53277777777778,1.38277777777778,1.45138888888889,1.66722222222222,1.09138888888889,1.105,1.19555555555556,2.02666666666667,1.44638888888889,1.50444444444444,1.57111111111111,1.47555555555556,1.52611111111111,1.19611111111111,1.47,1.49416666666667,1.37055555555556,1.32944444444444,0.669166666666667,1.16944444444444,1.02333333333333,1.25111111111111,1.17944444444444,0.765555555555555,0.736944444444444,3.42583333333333,1.04861111111111,1.46027777777778,1.31166666666667,1.49777777777778,1.41333333333333,1.24333333333333,1.04055555555556,0.979444444444444,2.35194444444444,2.84722222222222,3.68083333333333,3.73416666666667,1.10666666666667,1.80527777777778,1.49222222222222,1.42055555555556,1.59833333333333,1.13777777777778,1.51583333333333,1.82972222222222,1.39277777777778,1.51416666666667,1.33,1.44333333333333,0.338333333333333,1.63805555555556,1.94777777777778,2.20194444444444,2.35055555555556,1.45305555555556,3.79944444444444,3.57666666666667,1.95388888888889,2.27694444444444,1.57972222222222,2.04166666666667,1.51388888888889,3.69972222222222,1.25611111111111,1.705,1.4175,0.990555555555556,1.52861111111111,1.3125,1.45138888888889
5022,0.889166666666667,3.98527777777778,1.32833333333333,0.698055555555556,0.560277777777778,0.742777777777778,0.441666666666667,0.667777777777778,0.465,0.090277777777778,1.9925,0.969444444444444,2.14361111111111,0.509166666666667,1.94666666666667,0.3625,1.01,0.874444444444444,0.203055555555555,1.2525,0,1.19833333333333,0.485277777777778,0.511666666666667,0.718333333333333,0.435,0.226388888888889,0.425,0.421666666666667,0.113888888888889,0.260277777777778,0.732777777777778,0.299722222222222,0.202222222222222,0.517777777777778,2.08666666666667,0.505833333333333,0.313333333333333,0.636666666666667,0.446388888888889,0.351111111111111,0.718333333333333,0.435,0.303055555555556,0.179444444444444,0.576666666666667,1.19722222222222,0.958611111111111,0.335833333333333,0.62,0.528611111111111,1.12027777777778,1.04472222222222,2.49166666666667,0.378055555555555,0.463333333333333,0.838333333333333,0.398333333333333,0.570555555555556,0.636388888888889,0.693888888888889,1.03138888888889,2.4,2.20722222222222,2.74666666666667,2.8,0.620833333333333,0.870833333333333,0.448333333333333,0.229444444444444,0.663888888888889,0.24,0.313055555555555,0.895555555555555,0.201666666666667,0.296388888888889,0.138888888888889,0.252222222222222,1.165,0.703611111111111,2.56305555555556,1.56194444444444,2.39861111111111,0.423611111111111,2.86527777777778,2.6425,1.01972222222222,1.3425,0.94,2.08972222222222,0.336944444444444,2.76527777777778,0.616111111111111,0.770833333333333,0.226388888888889,0.339722222222222,0.425833333333333,0.597222222222222,0.421944444444444
"L057",1.42305555555556,4.49805555555556,0.813333333333333,1.23194444444444,1.49888888888889,1.36027777777778,1.275,1.20194444444444,1.22888888888889,1.23361111111111,2.52666666666667,1.50333333333333,2.67777777777778,1.30194444444444,0.869444444444444,1.01444444444444,0.550277777777778,1.38722222222222,1.32083333333333,2.06111111111111,1.15805555555556,0,1.05305555555556,1.14472222222222,1.2525,1.05944444444444,1.1825,1.19583333333333,1.12222222222222,1.07055555555556,1.14638888888889,0.901111111111111,1.41222222222222,1.32,1.03861111111111,2.56694444444444,1.03611111111111,1.18638888888889,0.805,1.06527777777778,1.11555555555556,1.2525,1.05944444444444,1.19527777777778,1.18,1.18583333333333,1.75527777777778,1.47138888888889,1.34527777777778,1.15388888888889,1.22277777777778,1.86638888888889,1.5575,1.41444444444444,1.28027777777778,1.09638888888889,1.37222222222222,1.08722222222222,1.10444444444444,1.17027777777778,1.20666666666667,1.54416666666667,2.93416666666667,2.67583333333333,1.66916666666667,1.7225,1.12305555555556,0.621111111111111,1.08166666666667,1.18583333333333,0.828055555555555,1.35777777777778,1.10527777777778,0.968333333333333,1.15777777777778,1.10361111111111,1.15388888888889,1.13805555555556,1.80694444444444,0.871944444444444,3.07583333333333,1.42055555555556,2.9325,1.0425,1.78805555555556,1.565,0.990555555555556,0.265277777777778,1.38805555555556,2.62388888888889,1.10333333333333,1.68805555555556,1.15027777777778,0.881666666666667,1.18277777777778,1.27777777777778,1.11805555555556,1.13111111111111,1.04083333333333
"L886",0.770833333333333,3.82361111111111,1.175,0.579722222222222,0.822222222222222,0.686111111111111,0.598333333333333,0.549722222222222,0.552222222222222,0.455833333333333,1.87416666666667,0.851111111111111,2.02527777777778,0.625555555555555,1.79333333333333,0.216666666666667,0.856666666666667,0.712777777777778,0.543055555555555,1.38694444444444,0.380277777777778,1.045,0,0.365277777777778,0.575833333333333,0.283888888888889,0.404722222222222,0.414166666666667,0.298611111111111,0.292777777777778,0.368611111111111,0.579444444444444,0.639722222222222,0.542222222222222,0.364444444444444,1.96833333333333,0.1175,0.408611111111111,0.483333333333333,0.190555555555556,0.340277777777778,0.575833333333333,0.283888888888889,0.4175,0.4025,0.43,1.08111111111111,0.797222222222222,0.668611111111111,0.501666666666667,0.546111111111111,1.19194444444444,0.883055555555556,2.33833333333333,0.603611111111111,0.316944444444444,0.72,0.263611111111111,0.452222222222222,0.493611111111111,0.5325,0.869722222222222,2.28166666666667,2.08888888888889,2.59333333333333,2.64666666666667,0.448611111111111,0.7175,0.301944444444444,0.408055555555556,0.510555555555556,0.58,0.281944444444444,0.742222222222222,0.380277777777778,0.28,0.376111111111111,0.360555555555556,1.13277777777778,0.550277777777778,2.40166666666667,1.44361111111111,2.28027777777778,0.167777777777778,2.71194444444444,2.48916666666667,0.866388888888889,1.18916666666667,0.821666666666667,1.97138888888889,0.328611111111111,2.61194444444444,0.497777777777778,0.6175,0.405,0.601111111111111,0.294722222222222,0.480833333333333,0.170555555555555
1021,0.86,3.92166666666667,1.27305555555556,0.673055555555556,0.906111111111111,0.783888888888889,0.682222222222222,0.642777777777778,0.604444444444444,0.497222222222222,1.96333333333333,0.94,2.11444444444444,0.656666666666667,1.89111111111111,0.216388888888889,0.954444444444444,0.810833333333333,0.5425,1.48472222222222,0.421944444444444,1.14305555555556,0.421388888888889,0,0.618888888888889,0.116666666666667,0.446388888888889,0.537777777777778,0.422222222222222,0.334166666666667,0.41,0.677222222222222,0.662222222222222,0.541666666666667,0.462222222222222,2.0575,0.444722222222222,0.45,0.581388888888889,0.3825,0.463888888888889,0.618888888888889,0.116666666666667,0.459166666666667,0.443888888888889,0.426388888888889,1.17888888888889,0.895,0.698611111111111,0.595,0.607777777777778,1.29,0.981111111111111,2.43611111111111,0.6875,0.175,0.808888888888889,0.387222222222222,0.545555555555556,0.566944444444444,0.648055555555556,0.967777777777778,2.37083333333333,2.18222222222222,2.69111111111111,2.74444444444444,0.546666666666667,0.815555555555556,0.120555555555555,0.449444444444444,0.608611111111111,0.579444444444444,0.405555555555555,0.84,0.421666666666667,0.403611111111111,0.417777777777778,0.401944444444444,1.23055555555556,0.648333333333333,2.49944444444444,1.53694444444444,2.36916666666667,0.359722222222222,2.80972222222222,2.58694444444444,0.964166666666667,1.28722222222222,0.915,2.06055555555556,0.449722222222222,2.71,0.591111111111111,0.715277777777778,0.446388888888889,0.685,0.418333333333333,0.477222222222222,0.348888888888889
"L774",0.669722222222222,3.56888888888889,1.41611111111111,0.487777777777778,0.711111111111111,0.415833333333333,0.487222222222222,0.338055555555555,0.441111111111111,0.771388888888889,1.77305555555556,0.694444444444444,1.92416666666667,0.514444444444445,2.03444444444444,0.560833333333333,1.09777777777778,0.458055555555556,0.633888888888889,1.13194444444444,0.695833333333333,1.28611111111111,0.616944444444444,0.598611111111111,0,0.603888888888889,0.720555555555556,0.759722222222222,0.686111111111111,0.608333333333333,0.684166666666667,0.820555555555556,0.624722222222222,0.638333333333333,0.437222222222222,1.86722222222222,0.599722222222222,0.724166666666667,0.724444444444444,0.629166666666667,0.679444444444444,0,0.603888888888889,0.733333333333333,0.718055555555556,0.368055555555556,0.826388888888889,0.542222222222222,0.5575,0.490833333333333,0.384722222222222,0.937222222222222,0.628333333333333,2.57944444444444,0.4925,0.487222222222222,0.605,0.651111111111111,0.596666666666667,0.362222222222222,0.223333333333333,0.615,2.18055555555556,2.08861111111111,2.83416666666667,2.8875,0.347777777777778,0.958611111111111,0.576944444444445,0.723611111111111,0.751666666666667,0.670833333333333,0.669166666666667,0.983333333333333,0.695833333333333,0.6675,0.691666666666667,0.676111111111111,0.878055555555556,0.791388888888889,2.14694444444444,1.44333333333333,2.17888888888889,0.606388888888889,2.95305555555556,2.73,1.1075,1.43027777777778,0.821388888888889,1.87027777777778,0.6675,2.85305555555556,0.4975,0.858333333333333,0.720555555555556,0.49,0.681944444444444,0.400277777777778,0.604722222222222
1082,0.825,3.88666666666667,1.23805555555556,0.638055555555556,0.860555555555555,0.748888888888889,0.636666666666667,0.607777777777778,0.563611111111111,0.500277777777778,1.92833333333333,0.905,2.07944444444444,0.615833333333333,1.85611111111111,0.211388888888889,0.919444444444444,0.775833333333333,0.530833333333333,1.44972222222222,0.424722222222222,1.10805555555556,0.388888888888889,0.118611111111111,0.573611111111111,0,0.449444444444444,0.511944444444444,0.396388888888889,0.337222222222222,0.413055555555555,0.642222222222222,0.650833333333333,0.53,0.427222222222222,2.0225,0.411944444444444,0.453055555555556,0.546388888888889,0.349722222222222,0.438055555555555,0.573611111111111,0,0.461944444444444,0.446944444444444,0.381111111111111,1.14388888888889,0.86,0.686944444444444,0.56,0.567222222222222,1.255,0.946111111111111,2.40111111111111,0.641944444444444,0.140555555555555,0.773888888888889,0.361388888888889,0.510555555555556,0.521388888888889,0.602777777777778,0.932777777777778,2.33583333333333,2.14722222222222,2.65611111111111,2.70944444444444,0.511666666666667,0.780555555555556,0.063611111111111,0.4525,0.573611111111111,0.567777777777778,0.379444444444444,0.805,0.424722222222222,0.377777777777778,0.420555555555556,0.405,1.19555555555556,0.613333333333333,2.46444444444444,1.50194444444444,2.33416666666667,0.326944444444444,2.77472222222222,2.55194444444444,0.929166666666667,1.25222222222222,0.88,2.02555555555556,0.423888888888889,2.675,0.556111111111111,0.680277777777778,0.449444444444444,0.639722222222222,0.392222222222222,0.431944444444444,0.316388888888889
"L523",0.885555555555555,3.98166666666667,1.32472222222222,0.694444444444444,0.763333333333333,0.843888888888889,0.644722222222222,0.664166666666667,0.668333333333333,0.214444444444444,1.98888888888889,0.965833333333333,2.14,0.712222222222222,1.94305555555556,0.358888888888889,1.00638888888889,0.870833333333333,0.406111111111111,1.45555555555556,0.254444444444444,1.19472222222222,0.418333333333333,0.508055555555556,0.714722222222222,0.431388888888889,0,0.317777777777778,0.406388888888889,0.263888888888889,0.061944444444444,0.729166666666667,0.502777777777778,0.405555555555555,0.513888888888889,2.08305555555556,0.502222222222222,0.1825,0.633055555555556,0.442777777777778,0.250833333333333,0.714722222222222,0.431388888888889,0.149722222222222,0.118611111111111,0.573055555555556,1.23888888888889,0.955,0.538888888888889,0.616388888888889,0.685,1.32333333333333,1.04111111111111,2.48805555555556,0.581111111111111,0.459722222222222,0.834722222222222,0.313888888888889,0.566944444444444,0.632777777777778,0.690277777777778,1.02777777777778,2.39638888888889,2.20361111111111,2.74277777777778,2.79638888888889,0.617222222222222,0.867222222222222,0.444722222222222,0.003055555555556,0.660277777777778,0.443055555555555,0.323055555555555,0.891944444444444,0.086388888888889,0.271111111111111,0.153333333333333,0.06,1.29055555555556,0.7,2.55944444444444,1.55833333333333,2.395,0.42,2.86166666666667,2.63888888888889,1.01611111111111,1.33888888888889,0.936388888888889,2.08611111111111,0.268333333333333,2.76166666666667,0.6125,0.767222222222222,0,0.542777777777778,0.363333333333333,0.593333333333333,0.418333333333333
"L449",0.878611111111111,3.95333333333333,1.3025,0.6875,0.931111111111111,0.815833333333333,0.730277777777778,0.657222222222222,0.684166666666667,0.464444444444444,1.98194444444444,0.958888888888889,2.13305555555556,0.7575,1.92055555555556,0.329444444444444,0.983888888888889,0.8425,0.574166666666667,1.51638888888889,0.389166666666667,1.1725,0.248611111111111,0.478055555555556,0.707777777777778,0.397777777777778,0.378055555555555,0,0.236666666666667,0.301666666666667,0.314166666666667,0.706666666666667,0.670555555555556,0.573333333333333,0.493888888888889,2.07611111111111,0.366111111111111,0.247222222222222,0.610833333333333,0.344444444444444,0.138611111111111,0.707777777777778,0.397777777777778,0.227777777777778,0.393888888888889,0.542777777777778,1.21083333333333,0.926666666666666,0.706944444444444,0.609444444444444,0.678055555555556,1.32166666666667,1.01277777777778,2.46555555555556,0.735555555555556,0.429722222222222,0.827777777777778,0.144166666666667,0.559722222222222,0.625833333333333,0.661944444444444,0.999444444444444,2.38944444444444,2.19666666666667,2.72055555555556,2.77388888888889,0.578333333333333,0.844722222222222,0.414722222222222,0.381388888888889,0.637777777777778,0.611111111111111,0.162222222222222,0.869444444444444,0.376388888888889,0.101388888888889,0.407222222222222,0.320555555555555,1.2625,0.6775,2.53111111111111,1.55138888888889,2.38777777777778,0.316666666666667,2.83916666666667,2.61638888888889,0.993611111111111,1.31666666666667,0.929444444444444,2.07916666666667,0.126666666666667,2.73944444444444,0.605555555555555,0.744722222222222,0.378333333333333,0.710555555555556,0.193611111111111,0.593611111111111,0.325277777777778
"L529",0.744166666666666,3.80388888888889,1.15527777777778,0.553055555555556,0.819722222222222,0.666388888888889,0.595833333333333,0.522777777777778,0.549722222222222,0.393611111111111,1.8475,0.824444444444444,1.99861111111111,0.623055555555556,1.77361111111111,0.195,0.836944444444444,0.693055555555556,0.480833333333333,1.36694444444444,0.318333333333333,1.02527777777778,0.245,0.343611111111111,0.573333333333333,0.263333333333333,0.342777777777778,0.276666666666667,0,0.230555555555555,0.306388888888889,0.559722222222222,0.5775,0.480277777777778,0.344444444444444,1.94166666666667,0.241111111111111,0.304722222222222,0.463611111111111,0.22,0.196111111111111,0.573333333333333,0.263333333333333,0.285277777777778,0.340277777777778,0.408611111111111,1.06138888888889,0.777222222222222,0.613611111111111,0.475,0.543611111111111,1.17222222222222,0.863333333333333,2.31861111111111,0.601111111111111,0.295277777777778,0.693333333333333,0.136944444444444,0.425555555555556,0.491388888888889,0.512777777777778,0.85,2.255,2.06222222222222,2.57333333333333,2.62694444444444,0.428888888888889,0.697777777777778,0.280277777777778,0.345833333333333,0.490833333333333,0.518055555555556,0.155,0.7225,0.318055555555555,0.153333333333333,0.314166666666667,0.298333333333333,1.11305555555556,0.530555555555556,2.38194444444444,1.41694444444444,2.25361111111111,0.1975,2.69222222222222,2.46944444444444,0.846666666666667,1.16944444444444,0.795,1.94472222222222,0.184166666666667,2.59222222222222,0.471111111111111,0.597777777777778,0.342777777777778,0.598888888888889,0.112777777777778,0.459166666666667,0.190833333333333
"L759",0.801666666666667,3.89777777777778,1.24111111111111,0.610555555555556,0.643611111111111,0.760277777777778,0.525277777777778,0.580555555555556,0.548611111111111,0.163055555555556,1.90527777777778,0.881944444444444,2.05638888888889,0.5925,1.85916666666667,0.275,0.9225,0.786944444444444,0.286666666666667,1.33583333333333,0.0875,1.11111111111111,0.418888888888889,0.424444444444444,0.631111111111111,0.3475,0.246666666666667,0.311111111111111,0.355,0,0.222777777777778,0.645277777777778,0.383055555555555,0.285833333333333,0.430277777777778,1.99944444444444,0.418611111111111,0.211666666666667,0.549444444444444,0.358888888888889,0.237222222222222,0.631111111111111,0.3475,0.234722222222222,0.199722222222222,0.489166666666667,1.15527777777778,0.871111111111111,0.419444444444444,0.5325,0.601388888888889,1.20361111111111,0.957222222222222,2.40416666666667,0.461666666666667,0.376111111111111,0.750833333333333,0.284444444444444,0.483055555555556,0.548888888888889,0.606666666666667,0.943888888888889,2.3125,2.12,2.65916666666667,2.7125,0.533611111111111,0.783611111111111,0.361111111111111,0.249722222222222,0.576666666666667,0.323611111111111,0.199166666666667,0.808055555555555,0.221944444444444,0.1825,0.159166666666667,0.214722222222222,1.20694444444444,0.616388888888889,2.47583333333333,1.47472222222222,2.31111111111111,0.336388888888889,2.77777777777778,2.555,0.932222222222222,1.25527777777778,0.8525,2.0025,0.223055555555555,2.67805555555556,0.528888888888889,0.683333333333333,0.246666666666667,0.423055555555556,0.311944444444444,0.509722222222222,0.334722222222222
"L839",0.904166666666667,4.00027777777778,1.34333333333333,0.713055555555556,0.795,0.8625,0.676388888888889,0.682777777777778,0.709722222222222,0.234444444444444,2.0075,0.984166666666667,2.15861111111111,0.743888888888889,1.96166666666667,0.3775,1.025,0.889166666666667,0.437777777777778,1.48722222222222,0.286111111111111,1.21333333333333,0.389444444444444,0.526666666666667,0.733333333333333,0.45,0.118888888888889,0.288611111111111,0.3775,0.295555555555555,0,0.747777777777778,0.534444444444445,0.436944444444444,0.5325,2.10166666666667,0.506944444444444,0.120555555555555,0.651666666666667,0.461388888888889,0.221944444444444,0.733333333333333,0.45,0.110277777777778,0.157222222222222,0.591666666666667,1.2575,0.973611111111111,0.570555555555556,0.635,0.703611111111111,1.36861111111111,1.05972222222222,2.50666666666667,0.612777777777778,0.478333333333333,0.853055555555556,0.285,0.585277777777778,0.651388888888889,0.708888888888889,1.04638888888889,2.415,2.22222222222222,2.76138888888889,2.81472222222222,0.635833333333333,0.885833333333333,0.463333333333333,0.121944444444444,0.678888888888889,0.474722222222222,0.288333333333333,0.910555555555555,0.125,0.247777777777778,0.192222222222222,0.0375,1.30916666666667,0.718611111111111,2.57805555555556,1.57694444444444,2.41333333333333,0.438611111111111,2.88027777777778,2.65722222222222,1.03444444444444,1.3575,0.955,2.10472222222222,0.241111111111111,2.78027777777778,0.631111111111111,0.785555555555556,0.118888888888889,0.574444444444444,0.334444444444444,0.611944444444444,0.436944444444444
5420,0.896944444444444,3.97166666666667,0.899722222222222,0.705833333333333,0.9725,0.834166666666667,0.748611111111111,0.675833333333333,0.702777777777778,0.707222222222222,2.00027777777778,0.977222222222222,2.15138888888889,0.775833333333333,1.58138888888889,0.488055555555556,0.644722222222222,0.860833333333333,0.794444444444444,1.535,0.631666666666667,0.833333333333333,0.526944444444444,0.618611111111111,0.726388888888889,0.533333333333333,0.656388888888889,0.669722222222222,0.595833333333333,0.544166666666667,0.62,0,0.886111111111111,0.793888888888889,0.5125,2.09444444444444,0.51,0.66,0.189722222222222,0.538888888888889,0.589166666666667,0.726388888888889,0.533333333333333,0.669166666666667,0.653888888888889,0.659722222222222,1.22916666666667,0.945,0.819166666666667,0.627777777777778,0.696388888888889,1.34,1.03111111111111,2.12638888888889,0.753888888888889,0.570277777777778,0.846111111111111,0.560833333333333,0.578333333333333,0.644166666666667,0.680555555555556,1.01777777777778,2.40777777777778,2.215,2.38138888888889,2.43472222222222,0.596666666666667,0.496388888888889,0.555277777777778,0.659444444444445,0.179722222222222,0.831388888888889,0.579166666666667,0.279166666666667,0.631666666666667,0.577222222222222,0.6275,0.611944444444444,1.28083333333333,0.109444444444444,2.54972222222222,1.52611111111111,2.40638888888889,0.516111111111111,2.5,2.27722222222222,0.390833333333333,0.9775,0.947777777777778,2.0975,0.577222222222222,2.40027777777778,0.623888888888889,0.182222222222222,0.656388888888889,0.751666666666667,0.591944444444444,0.605,0.514444444444445
1108,0.99,3.76722222222222,1.48527777777778,0.820555555555556,0.375555555555555,0.558055555555556,0.256944444444444,0.743611111111111,0.280277777777778,0.268333333333333,2.09361111111111,1.07027777777778,2.24472222222222,0.324444444444444,2.10333333333333,0.519166666666667,1.16666666666667,0.745277777777778,0.066388888888889,1.0675,0.299722222222222,1.35527777777778,0.642222222222222,0.570555555555556,0.581666666666667,0.591666666666667,0.383055555555555,0.616111111111111,0.578611111111111,0.348333333333333,0.416944444444444,0.889444444444444,0,0.070555555555556,0.5925,2.18777777777778,0.662777777777778,0.47,0.793611111111111,0.603055555555556,0.542222222222222,0.581666666666667,0.591666666666667,0.459722222222222,0.336388888888889,0.493611111111111,1.01222222222222,0.829444444444444,0.151111111111111,0.7425,0.343888888888889,0.935277777777778,0.826666666666667,2.64833333333333,0.193333333333333,0.624722222222222,0.939166666666667,0.589722222222222,0.692777777777778,0.59,0.671388888888889,0.813333333333333,2.50111111111111,2.32166666666667,2.90333333333333,2.95666666666667,0.676944444444444,1.0275,0.605277777777778,0.386388888888889,0.820555555555556,0.103333333333333,0.504166666666667,1.05222222222222,0.358333333333333,0.4875,0.295555555555555,0.408888888888889,0.980277777777778,0.860277777777778,2.345,1.67666666666667,2.49944444444444,0.580555555555556,3.02194444444444,2.79916666666667,1.17638888888889,1.49944444444444,1.05444444444444,2.19083333333333,0.528055555555556,2.92222222222222,0.730555555555555,0.9275,0.383055555555555,0.154722222222222,0.574444444444444,0.476666666666667,0.578888888888889
1240,0.995833333333333,3.77305555555556,1.48361111111111,0.826388888888889,0.381388888888889,0.563888888888889,0.262777777777778,0.749444444444444,0.286111111111111,0.266666666666667,2.09944444444444,1.07611111111111,2.25055555555556,0.330277777777778,2.10194444444444,0.5175,1.16527777777778,0.751111111111111,0.064722222222222,1.07333333333333,0.298333333333333,1.35361111111111,0.640555555555555,0.568888888888889,0.5875,0.590277777777778,0.381388888888889,0.614722222222222,0.576944444444445,0.346944444444444,0.415555555555556,0.888055555555555,0.120833333333333,0,0.598333333333333,2.19361111111111,0.661111111111111,0.468611111111111,0.791944444444444,0.601666666666667,0.540555555555556,0.5875,0.590277777777778,0.458333333333333,0.334722222222222,0.499444444444444,1.01805555555556,0.835277777777778,0.156944444444444,0.748333333333333,0.349722222222222,0.941111111111111,0.8325,2.64666666666667,0.199166666666667,0.630555555555556,0.945,0.588055555555556,0.698611111111111,0.595833333333333,0.677222222222222,0.819166666666667,2.50694444444444,2.32777777777778,2.90166666666667,2.955,0.682777777777778,1.02611111111111,0.603611111111111,0.384722222222222,0.819166666666667,0.100555555555555,0.502777777777778,1.05083333333333,0.356944444444444,0.485833333333333,0.293888888888889,0.407222222222222,0.986111111111111,0.858888888888889,2.35083333333333,1.6825,2.50527777777778,0.578888888888889,3.02055555555556,2.7975,1.17472222222222,1.49777777777778,1.06027777777778,2.19666666666667,0.526388888888889,2.92055555555556,0.736388888888889,0.925833333333333,0.381666666666667,0.160555555555556,0.572777777777778,0.4825,0.577222222222222
5412,0.440833333333333,3.53694444444444,1.20027777777778,0.249444444444444,0.730277777777778,0.399166666666667,0.506388888888889,0.219444444444444,0.460555555555555,0.541111111111111,1.54416666666667,0.520833333333333,1.69527777777778,0.533611111111111,1.81861111111111,0.355,0.881666666666667,0.425833333333333,0.628611111111111,1.1,0.465833333333333,1.07027777777778,0.399722222222222,0.485555555555556,0.386111111111111,0.400277777777778,0.490277777777778,0.5425,0.468888888888889,0.378055555555555,0.453888888888889,0.604722222222222,0.643888888888889,0.627777777777778,0,1.63833333333333,0.384722222222222,0.493888888888889,0.508611111111111,0.408888888888889,0.462222222222222,0.386111111111111,0.400277777777778,0.503055555555556,0.487777777777778,0.4175,0.794166666666667,0.510277777777778,0.576944444444445,0.171666666666667,0.454444444444444,0.905,0.596388888888889,2.36333333333333,0.511666666666667,0.453888888888889,0.389722222222222,0.433888888888889,0.313611111111111,0.314166666666667,0.245555555555555,0.583055555555555,1.95166666666667,1.74583333333333,2.61833333333333,2.67166666666667,0.1725,0.742777777777778,0.422222222222222,0.493333333333333,0.535833333333333,0.665555555555556,0.451944444444444,0.7675,0.465555555555556,0.450277777777778,0.461666666666667,0.445833333333333,0.845833333333333,0.575555555555556,2.11472222222222,1.10055555555556,1.95,0.386388888888889,2.73722222222222,2.51416666666667,0.891388888888889,1.21444444444444,0.478333333333333,1.64138888888889,0.45,2.63722222222222,0.154444444444444,0.6425,0.490277777777778,0.509444444444444,0.464722222222222,0.362777777777778,0.384722222222222
"L650",1.37166666666667,3.90166666666667,2.79722222222222,1.61361111111111,2.18666666666667,1.85472222222222,2.0925,1.60805555555556,2.04638888888889,2.14916666666667,1.8025,1.54611111111111,1.25416666666667,2.11972222222222,3.32583333333333,1.95916666666667,2.38166666666667,1.71305555555556,2.23916666666667,1.96638888888889,2.07361111111111,2.57777777777778,1.99805555555556,2.08972222222222,1.84166666666667,2.00444444444444,2.09805555555556,2.14083333333333,2.06694444444444,1.98611111111111,2.06194444444444,2.20138888888889,2.23,2.23555555555556,1.73527777777778,0,1.98083333333333,2.10194444444444,2.10527777777778,2.01,2.06027777777778,1.84166666666667,2.00444444444444,2.11083333333333,2.09555555555556,2.00333333333333,2.0175,1.67916666666667,2.16277777777778,1.74944444444444,2.04027777777778,2.12833333333333,1.84777777777778,3.87083333333333,2.09777777777778,2.02972222222222,1.44444444444444,2.03194444444444,1.92138888888889,1.74027777777778,1.67361111111111,2.03861111111111,2.34138888888889,1.2925,4.12583333333333,4.17916666666667,1.6,2.33944444444444,2.02638888888889,2.10138888888889,2.1325,2.27611111111111,2.05,2.36416666666667,2.07333333333333,2.04833333333333,2.06944444444444,2.05361111111111,1.7125,2.17222222222222,2.47972222222222,2.33666666666667,2.34,1.98722222222222,4.24444444444444,4.02166666666667,2.48833333333333,2.72194444444444,1.67666666666667,1.76111111111111,2.04833333333333,4.14472222222222,1.645,2.23944444444444,2.09833333333333,2.09527777777778,2.06277777777778,1.94861111111111,1.98555555555556
5009,0.786111111111111,3.84583333333333,1.19722222222222,0.595,0.861666666666667,0.708333333333333,0.637777777777778,0.565,0.591944444444444,0.471111111111111,1.88972222222222,0.866388888888889,2.04083333333333,0.665,1.81555555555556,0.231944444444444,0.878888888888889,0.735,0.558333333333333,1.40916666666667,0.395555555555555,1.0675,0.218888888888889,0.380555555555555,0.615555555555556,0.299444444444444,0.420277777777778,0.410277777777778,0.308611111111111,0.308055555555556,0.383888888888889,0.601666666666667,0.655,0.5575,0.386666666666667,1.98361111111111,0,0.423888888888889,0.505555555555556,0.179722222222222,0.33,0.615555555555556,0.299444444444444,0.432777777777778,0.417777777777778,0.445555555555556,1.10333333333333,0.819444444444444,0.708333333333333,0.516944444444444,0.585555555555556,1.21416666666667,0.905277777777778,2.36055555555556,0.643055555555556,0.332222222222222,0.735277777777778,0.278888888888889,0.4675,0.533333333333333,0.554722222222222,0.892222222222222,2.29694444444444,2.10444444444444,2.61555555555556,2.66888888888889,0.470833333333333,0.739722222222222,0.317222222222222,0.423333333333333,0.532777777777778,0.595277777777778,0.297222222222222,0.764444444444445,0.395555555555555,0.295277777777778,0.391388888888889,0.375833333333333,1.155,0.5725,2.42388888888889,1.45916666666667,2.29555555555556,0.156944444444444,2.73416666666667,2.51138888888889,0.888611111111111,1.21138888888889,0.836944444444444,1.98666666666667,0.317777777777778,2.63444444444444,0.513055555555556,0.639722222222222,0.420277777777778,0.640833333333333,0.31,0.496111111111111,0.073055555555556
5208,0.8475,3.94361111111111,1.28694444444444,0.656388888888889,0.738333333333333,0.806111111111111,0.62,0.626388888888889,0.653333333333333,0.250555555555555,1.95111111111111,0.927777777777778,2.10222222222222,0.687222222222222,1.905,0.320833333333333,0.968333333333333,0.832777777777778,0.381388888888889,1.43055555555556,0.229444444444444,1.15694444444444,0.410555555555556,0.47,0.676944444444444,0.393333333333333,0.156666666666667,0.309722222222222,0.398611111111111,0.238888888888889,0.081111111111111,0.691111111111111,0.477777777777778,0.380555555555555,0.476111111111111,2.045,0.464444444444444,0,0.595,0.404722222222222,0.243055555555555,0.676944444444444,0.393333333333333,0.116666666666667,0.171388888888889,0.535,1.20111111111111,0.916944444444444,0.514166666666667,0.578333333333333,0.647222222222222,1.31194444444444,1.00305555555556,2.45,0.556388888888889,0.421666666666667,0.796666666666667,0.306111111111111,0.528888888888889,0.594722222222222,0.652222222222222,0.989722222222222,2.35833333333333,2.16583333333333,2.705,2.75833333333333,0.579166666666667,0.829166666666667,0.406944444444444,0.159722222222222,0.622222222222222,0.418333333333333,0.285277777777778,0.853888888888889,0.149166666666667,0.254166666666667,0.171388888888889,0.072777777777778,1.25277777777778,0.661944444444444,2.52138888888889,1.52055555555556,2.35694444444444,0.381944444444444,2.82361111111111,2.60083333333333,0.978055555555556,1.30083333333333,0.898333333333333,2.04805555555556,0.2475,2.72388888888889,0.574722222222222,0.729166666666667,0.156666666666667,0.517777777777778,0.355555555555555,0.555555555555556,0.380277777777778
9112,0.8625,3.93722222222222,0.922777777777778,0.671388888888889,0.938055555555555,0.799722222222222,0.714166666666667,0.641388888888889,0.668333333333333,0.672777777777778,1.96583333333333,0.942777777777778,2.11694444444444,0.741388888888889,1.53666666666667,0.453611111111111,0.6,0.826388888888889,0.76,1.50055555555556,0.597222222222222,0.788333333333333,0.4925,0.584166666666667,0.691944444444444,0.498888888888889,0.621944444444444,0.635277777777778,0.561388888888889,0.509722222222222,0.585555555555556,0.218333333333333,0.851666666666667,0.759444444444444,0.478055555555556,2.06,0.475555555555555,0.625555555555555,0,0.504444444444444,0.554722222222222,0.691944444444444,0.498888888888889,0.634722222222222,0.619444444444444,0.625277777777778,1.19472222222222,0.910555555555555,0.784722222222222,0.593333333333333,0.661944444444444,1.30555555555556,0.996666666666667,2.08138888888889,0.719444444444444,0.535833333333333,0.811666666666667,0.526388888888889,0.543888888888889,0.609722222222222,0.646111111111111,0.983333333333333,2.37333333333333,2.18055555555556,2.33638888888889,2.38972222222222,0.562222222222222,0.465277777777778,0.520833333333333,0.625,0.065833333333333,0.796944444444444,0.544722222222222,0.382777777777778,0.597222222222222,0.542777777777778,0.593055555555556,0.5775,1.24638888888889,0.189166666666667,2.51527777777778,1.48111111111111,2.37194444444444,0.481666666666667,2.45527777777778,2.23222222222222,0.494444444444444,0.9325,0.913333333333333,2.06305555555556,0.542777777777778,2.35527777777778,0.589444444444444,0.341111111111111,0.621944444444444,0.717222222222222,0.5575,0.570555555555556,0.48
9314,0.798333333333333,3.85805555555556,1.20944444444444,0.606944444444444,0.873888888888889,0.720277777777778,0.65,0.576944444444445,0.603888888888889,0.480833333333333,1.90166666666667,0.878333333333333,2.05277777777778,0.677222222222222,1.8275,0.241944444444444,0.890833333333333,0.747222222222222,0.568333333333333,1.42111111111111,0.405555555555555,1.07944444444444,0.133333333333333,0.390277777777778,0.6275,0.306111111111111,0.43,0.325,0.223333333333333,0.317777777777778,0.393611111111111,0.613888888888889,0.664722222222222,0.5675,0.398611111111111,1.99583333333333,0.251111111111111,0.353333333333333,0.517777777777778,0,0.244722222222222,0.6275,0.306111111111111,0.333611111111111,0.4275,0.455277777777778,1.11527777777778,0.831388888888889,0.720277777777778,0.529166666666667,0.597777777777778,1.22638888888889,0.9175,2.3725,0.655277777777778,0.341944444444444,0.747222222222222,0.271111111111111,0.479444444444444,0.545277777777778,0.566666666666667,0.904166666666667,2.30916666666667,2.11638888888889,2.6275,2.68083333333333,0.483055555555556,0.751944444444444,0.326944444444444,0.433055555555556,0.545,0.605277777777778,0.2825,0.776388888888889,0.405277777777778,0.233611111111111,0.401388888888889,0.385555555555555,1.16694444444444,0.584722222222222,2.43583333333333,1.47111111111111,2.3075,0.071666666666667,2.74611111111111,2.52333333333333,0.900555555555555,1.22361111111111,0.849166666666667,1.99888888888889,0.2325,2.64638888888889,0.525277777777778,0.651666666666667,0.43,0.652777777777778,0.267222222222222,0.506111111111111,0.191666666666667
9141,0.855277777777778,3.93,1.27916666666667,0.664166666666667,0.875833333333333,0.792222222222222,0.706944444444444,0.633888888888889,0.660833333333333,0.387777777777778,1.95861111111111,0.935277777777778,2.10972222222222,0.734166666666667,1.89722222222222,0.306111111111111,0.960555555555556,0.819166666666667,0.518611111111111,1.49305555555556,0.365833333333333,1.14916666666667,0.225277777777778,0.454722222222222,0.684444444444444,0.374444444444444,0.311111111111111,0.124444444444444,0.213333333333333,0.278055555555555,0.237222222222222,0.683333333333333,0.615277777777778,0.517777777777778,0.470555555555556,2.05277777777778,0.342777777777778,0.168333333333333,0.587222222222222,0.321111111111111,0,0.684444444444444,0.374444444444444,0.182777777777778,0.308611111111111,0.519444444444444,1.18722222222222,0.903333333333333,0.651388888888889,0.586111111111111,0.654722222222222,1.29833333333333,0.989444444444444,2.44222222222222,0.693611111111111,0.406388888888889,0.804166666666667,0.120555555555555,0.536388888888889,0.6025,0.638611111111111,0.976111111111111,2.36611111111111,2.17333333333333,2.69722222222222,2.75055555555556,0.555,0.821388888888889,0.391388888888889,0.314444444444444,0.614444444444444,0.555555555555556,0.138888888888889,0.846111111111111,0.286388888888889,0.078055555555556,0.308611111111111,0.228888888888889,1.23888888888889,0.654166666666667,2.50777777777778,1.52805555555556,2.36444444444444,0.293333333333333,2.81583333333333,2.59305555555556,0.970277777777778,1.29305555555556,0.906111111111111,2.05583333333333,0.103333333333333,2.71611111111111,0.582222222222222,0.721388888888889,0.311388888888889,0.655,0.170277777777778,0.570277777777778,0.301944444444444
"L095",0.669722222222222,3.56888888888889,1.41611111111111,0.487777777777778,0.711111111111111,0.415833333333333,0.487222222222222,0.338055555555555,0.441111111111111,0.771388888888889,1.77305555555556,0.694444444444444,1.92416666666667,0.514444444444445,2.03444444444444,0.560833333333333,1.09777777777778,0.458055555555556,0.633888888888889,1.13194444444444,0.695833333333333,1.28611111111111,0.616944444444444,0.598611111111111,0,0.603888888888889,0.720555555555556,0.759722222222222,0.686111111111111,0.608333333333333,0.684166666666667,0.820555555555556,0.624722222222222,0.638333333333333,0.437222222222222,1.86722222222222,0.599722222222222,0.724166666666667,0.724444444444444,0.629166666666667,0.679444444444444,0,0.603888888888889,0.733333333333333,0.718055555555556,0.368055555555556,0.826388888888889,0.542222222222222,0.5575,0.490833333333333,0.384722222222222,0.937222222222222,0.628333333333333,2.57944444444444,0.4925,0.487222222222222,0.605,0.651111111111111,0.596666666666667,0.362222222222222,0.223333333333333,0.615,2.18055555555556,2.08861111111111,2.83416666666667,2.8875,0.347777777777778,0.958611111111111,0.576944444444445,0.723611111111111,0.751666666666667,0.670833333333333,0.669166666666667,0.983333333333333,0.695833333333333,0.6675,0.691666666666667,0.676111111111111,0.878055555555556,0.791388888888889,2.14694444444444,1.44333333333333,2.17888888888889,0.606388888888889,2.95305555555556,2.73,1.1075,1.43027777777778,0.821388888888889,1.87027777777778,0.6675,2.85305555555556,0.4975,0.858333333333333,0.720555555555556,0.49,0.681944444444444,0.400277777777778,0.604722222222222
"L032",0.825,3.88666666666667,1.23805555555556,0.638055555555556,0.860555555555555,0.748888888888889,0.636666666666667,0.607777777777778,0.563611111111111,0.500277777777778,1.92833333333333,0.905,2.07944444444444,0.615833333333333,1.85611111111111,0.211388888888889,0.919444444444444,0.775833333333333,0.530833333333333,1.44972222222222,0.424722222222222,1.10805555555556,0.388888888888889,0.118611111111111,0.573611111111111,0,0.449444444444444,0.511944444444444,0.396388888888889,0.337222222222222,0.413055555555555,0.642222222222222,0.650833333333333,0.53,0.427222222222222,2.0225,0.411944444444444,0.453055555555556,0.546388888888889,0.349722222222222,0.438055555555555,0.573611111111111,0,0.461944444444444,0.446944444444444,0.381111111111111,1.14388888888889,0.86,0.686944444444444,0.56,0.567222222222222,1.255,0.946111111111111,2.40111111111111,0.641944444444444,0.140555555555555,0.773888888888889,0.361388888888889,0.510555555555556,0.521388888888889,0.602777777777778,0.932777777777778,2.33583333333333,2.14722222222222,2.65611111111111,2.70944444444444,0.511666666666667,0.780555555555556,0.063611111111111,0.4525,0.573611111111111,0.567777777777778,0.379444444444444,0.805,0.424722222222222,0.377777777777778,0.420555555555556,0.405,1.19555555555556,0.613333333333333,2.46444444444444,1.50194444444444,2.33416666666667,0.326944444444444,2.77472222222222,2.55194444444444,0.929166666666667,1.25222222222222,0.88,2.02555555555556,0.423888888888889,2.675,0.556111111111111,0.680277777777778,0.449444444444444,0.639722222222222,0.392222222222222,0.431944444444444,0.316388888888889
1073,0.944722222222222,4.025,1.37416666666667,0.753611111111111,0.835555555555556,0.887222222222222,0.716944444444444,0.723333333333333,0.750277777777778,0.325833333333333,2.04805555555556,1.02472222222222,2.19916666666667,0.784444444444445,1.99222222222222,0.401111111111111,1.05555555555556,0.914166666666667,0.478333333333333,1.52777777777778,0.326666666666667,1.24416666666667,0.320277777777778,0.549722222222222,0.773888888888889,0.469444444444444,0.218333333333333,0.219444444444444,0.308333333333333,0.305833333333333,0.154444444444444,0.778333333333333,0.575,0.4775,0.565555555555556,2.14222222222222,0.437777777777778,0.105555555555556,0.682222222222222,0.416111111111111,0.152777777777778,0.773888888888889,0.469444444444444,0,0.248611111111111,0.614444444444444,1.28222222222222,0.998333333333333,0.611111111111111,0.675555555555556,0.744166666666666,1.39333333333333,1.08444444444444,2.53722222222222,0.653333333333333,0.501388888888889,0.893611111111111,0.215555555555555,0.625833333333333,0.691666666666667,0.733611111111111,1.07111111111111,2.45555555555556,2.26277777777778,2.79222222222222,2.84555555555556,0.65,0.916388888888889,0.486388888888889,0.221388888888889,0.709444444444444,0.515277777777778,0.233888888888889,0.941111111111111,0.216388888888889,0.173055555555555,0.268611111111111,0.148888888888889,1.33388888888889,0.749166666666667,2.60277777777778,1.6175,2.45388888888889,0.388333333333333,2.91083333333333,2.68805555555556,1.06527777777778,1.38805555555556,0.995555555555555,2.14527777777778,0.131111111111111,2.81111111111111,0.671666666666667,0.816388888888889,0.218333333333333,0.615,0.265277777777778,0.6525,0.396944444444444
1266,0.894722222222222,3.99083333333333,1.33388888888889,0.703611111111111,0.715555555555556,0.853055555555556,0.596944444444445,0.673611111111111,0.620277777777778,0.150555555555555,1.99805555555556,0.975,2.14916666666667,0.664166666666667,1.95222222222222,0.368055555555556,1.01555555555556,0.88,0.358333333333333,1.4075,0.205833333333333,1.20388888888889,0.485277777777778,0.517222222222222,0.723888888888889,0.440555555555555,0.066944444444444,0.384444444444444,0.427222222222222,0.219722222222222,0.128888888888889,0.738333333333333,0.455,0.3575,0.523333333333333,2.09222222222222,0.511388888888889,0.236111111111111,0.642222222222222,0.451944444444444,0.317777777777778,0.723888888888889,0.440555555555555,0.216666666666667,0,0.582222222222222,1.24805555555556,0.964166666666667,0.491111111111111,0.625555555555555,0.694166666666667,1.27527777777778,1.05027777777778,2.49722222222222,0.533333333333333,0.468888888888889,0.843888888888889,0.380833333333333,0.576111111111111,0.641944444444444,0.699444444444444,1.03694444444444,2.40555555555556,2.21277777777778,2.75222222222222,2.80555555555556,0.626388888888889,0.876388888888889,0.454166666666667,0.07,0.669444444444444,0.395277777777778,0.332222222222222,0.901111111111111,0.042222222222222,0.315555555555555,0.089444444444444,0.126944444444444,1.29972222222222,0.709166666666667,2.56861111111111,1.5675,2.40416666666667,0.429166666666667,2.87083333333333,2.64805555555556,1.02527777777778,1.34805555555556,0.945555555555556,2.09527777777778,0.335277777777778,2.77083333333333,0.621666666666667,0.776388888888889,0.066944444444444,0.494722222222222,0.430277777777778,0.602777777777778,0.4275
1451,0.796944444444444,3.75583333333333,1.31,0.627222222222222,0.628333333333333,0.573611111111111,0.404444444444444,0.550555555555556,0.358333333333333,0.572222222222222,1.90027777777778,0.876944444444444,2.05138888888889,0.431666666666667,1.92833333333333,0.283333333333333,0.991666666666667,0.631388888888889,0.551111111111111,1.32055555555556,0.496944444444444,1.18,0.460833333333333,0.321388888888889,0.311111111111111,0.326388888888889,0.521388888888889,0.583888888888889,0.468333333333333,0.409166666666667,0.485,0.714444444444444,0.541944444444444,0.555555555555556,0.399166666666667,1.99444444444444,0.483888888888889,0.525,0.618333333333333,0.421666666666667,0.51,0.311111111111111,0.326388888888889,0.534166666666667,0.518888888888889,0,1.01305555555556,0.715833333333333,0.474722222222222,0.549166666666667,0.352222222222222,1.12416666666667,0.815277777777778,2.47333333333333,0.409722222222222,0.209722222222222,0.745833333333333,0.433333333333333,0.499722222222222,0.396666666666667,0.478055555555556,0.801944444444444,2.30777777777778,2.12861111111111,2.72805555555556,2.78138888888889,0.483611111111111,0.8525,0.299722222222222,0.524444444444444,0.645555555555555,0.588055555555556,0.451388888888889,0.877222222222222,0.496666666666667,0.449722222222222,0.492777777777778,0.476944444444444,1.06472222222222,0.685277777777778,2.33361111111111,1.48333333333333,2.30611111111111,0.399166666666667,2.84694444444444,2.62388888888889,1.00111111111111,1.32416666666667,0.861111111111111,1.9975,0.495833333333333,2.74694444444444,0.5375,0.752222222222222,0.521388888888889,0.4075,0.464166666666667,0.211111111111111,0.388333333333333
"L175",1.02527777777778,3.32583333333333,1.85805555555556,0.848333333333333,0.771111111111111,0.550555555555556,0.839166666666667,0.715555555555556,0.906111111111111,1.23916666666667,1.85,0.996111111111111,2.00111111111111,0.95,2.47611111111111,1.02,1.53944444444444,0.680277777777778,1.01222222222222,0.620833333333333,1.16388888888889,1.72805555555556,1.05888888888889,1.15055555555556,0.791388888888889,1.06527777777778,1.18833333333333,1.20166666666667,1.12777777777778,1.07611111111111,1.15194444444444,1.26222222222222,1.00305555555556,1.01666666666667,0.790833333333333,1.955,1.04166666666667,1.19194444444444,1.16638888888889,1.07083333333333,1.12111111111111,0.791388888888889,1.06527777777778,1.20111111111111,1.18583333333333,1.03944444444444,0,0.764722222222222,0.936944444444444,0.846388888888889,0.822777777777778,0.231944444444444,0.214166666666667,3.02111111111111,0.861944444444444,1.09833333333333,0.906666666666667,1.09277777777778,1.00861111111111,0.838611111111111,0.635833333333333,0.421111111111111,2.25722222222222,2.44222222222222,3.27611111111111,3.32944444444444,0.701944444444445,1.40027777777778,1.08722222222222,1.19138888888889,1.19333333333333,1.04916666666667,1.11111111111111,1.425,1.16361111111111,1.10916666666667,1.15972222222222,1.14388888888889,0.466944444444444,1.23333333333333,1.90361111111111,1.79694444444444,2.25583333333333,1.04833333333333,3.39472222222222,3.17194444444444,1.54916666666667,1.87222222222222,1.175,1.94694444444444,1.10916666666667,3.295,0.851111111111111,1.30027777777778,1.18833333333333,0.859722222222222,1.12388888888889,1.00333333333333,1.04666666666667
"L164",0.507222222222222,3.53444444444444,1.62944444444444,0.418333333333333,0.728611111111111,0.396666666666667,0.685277777777778,0.289722222222222,0.7525,0.978611111111111,1.61055555555556,0.448055555555555,1.76166666666667,0.796388888888889,2.24777777777778,0.791666666666667,1.31111111111111,0.084722222222222,0.858611111111111,1.0975,0.903055555555556,1.49944444444444,0.830277777777778,0.921944444444444,0.548611111111111,0.836666666666667,0.927777777777778,0.973055555555555,0.899444444444444,0.815555555555556,0.891388888888889,1.03388888888889,0.849166666666667,0.862777777777778,0.5625,1.70472222222222,0.813055555555555,0.931388888888889,0.937777777777778,0.842222222222222,0.892777777777778,0.548611111111111,0.836666666666667,0.940277777777778,0.925277777777778,0.810833333333333,0.791666666666667,0,0.783333333333333,0.554166666666667,0.669166666666667,0.902777777777778,0.593888888888889,2.79277777777778,0.708055555555555,0.87,0.358611111111111,0.864444444444444,0.750833333333333,0.573888888888889,0.4075,0.580555555555556,2.01805555555556,2.19388888888889,3.0475,3.10083333333333,0.433611111111111,1.17194444444444,0.858888888888889,0.930833333333333,0.965,0.895555555555555,0.8825,1.19666666666667,0.903055555555556,0.880833333333333,0.898888888888889,0.883333333333333,0.843333333333333,1.00472222222222,2.11222222222222,1.54861111111111,2.01638888888889,0.819722222222222,3.16638888888889,2.94333333333333,1.32055555555556,1.64361111111111,0.926388888888889,1.70777777777778,0.880555555555556,3.06638888888889,0.602777777777778,1.07166666666667,0.927777777777778,0.705833333333333,0.895277777777778,0.775,0.818055555555556
"L508",0.9025,3.67972222222222,1.42472222222222,0.732777777777778,0.296388888888889,0.470555555555556,0.169444444444444,0.656111111111111,0.192777777777778,0.426111111111111,2.00611111111111,0.982777777777778,2.15722222222222,0.236666666666667,2.04305555555556,0.586944444444444,1.10638888888889,0.657777777777778,0.224166666666667,0.988611111111111,0.457777777777778,1.29472222222222,0.625555555555555,0.648611111111111,0.494166666666667,0.632222222222222,0.541111111111111,0.768611111111111,0.694722222222222,0.506388888888889,0.575,0.829166666666667,0.215,0.228611111111111,0.505,2.1,0.608333333333333,0.628055555555556,0.733055555555556,0.637777777777778,0.688055555555555,0.494166666666667,0.632222222222222,0.617777777777778,0.494166666666667,0.406111111111111,0.933333333333333,0.741944444444444,0,0.654722222222222,0.256388888888889,0.856388888888889,0.739166666666667,2.58805555555556,0.125277777777778,0.537222222222222,0.851666666666667,0.659722222222222,0.605277777777778,0.5025,0.583611111111111,0.725833333333333,2.41333333333333,2.23416666666667,2.84277777777778,2.89638888888889,0.589166666666667,0.967222222222222,0.626944444444444,0.544166666666667,0.760277777777778,0.261111111111111,0.662222222222222,0.991944444444444,0.516388888888889,0.645555555555555,0.453611111111111,0.566944444444444,0.901111111111111,0.8,2.2575,1.58888888888889,2.41194444444444,0.615,2.96166666666667,2.73888888888889,1.11611111111111,1.43888888888889,0.966944444444444,2.10305555555556,0.676111111111111,2.86166666666667,0.643055555555556,0.867222222222222,0.541111111111111,0.067222222222222,0.690555555555556,0.389166666666667,0.613333333333333
"L010",0.441944444444444,3.61055555555556,1.31111111111111,0.250833333333333,0.805,0.473055555555556,0.617222222222222,0.220555555555555,0.571388888888889,0.651944444444444,1.54527777777778,0.521944444444444,1.69638888888889,0.644444444444444,1.92916666666667,0.465555555555556,0.9925,0.499722222222222,0.739166666666667,1.17388888888889,0.576388888888889,1.18111111111111,0.510555555555556,0.596111111111111,0.46,0.510833333333333,0.601111111111111,0.653333333333333,0.579444444444444,0.488888888888889,0.564722222222222,0.715277777777778,0.754722222222222,0.738333333333333,0.254444444444444,1.63944444444444,0.495555555555556,0.604722222222222,0.619166666666666,0.519722222222222,0.572777777777778,0.46,0.510833333333333,0.613611111111111,0.598611111111111,0.528333333333333,0.868055555555556,0.545833333333333,0.687777777777778,0,0.565,0.978888888888889,0.67,2.47416666666667,0.6225,0.564444444444444,0.390833333333333,0.544444444444444,0.424166666666667,0.343333333333333,0.263333333333333,0.656666666666667,1.95277777777778,1.86722222222222,2.72916666666667,2.7825,0.228888888888889,0.853333333333333,0.533055555555556,0.604166666666667,0.646388888888889,0.776111111111111,0.562777777777778,0.878055555555556,0.576388888888889,0.560833333333333,0.572222222222222,0.556666666666667,0.919722222222222,0.686111111111111,2.18861111111111,1.22194444444444,1.95111111111111,0.496944444444444,2.84777777777778,2.625,1.00222222222222,1.325,0.509722222222222,1.6425,0.560833333333333,2.74805555555556,0.213888888888889,0.753333333333333,0.601111111111111,0.620277777777778,0.575555555555556,0.473611111111111,0.495277777777778
"L230",0.8675,3.58666666666667,1.38972222222222,0.697777777777778,0.470277777777778,0.343055555555555,0.246388888888889,0.587777777777778,0.186944444444444,0.595277777777778,1.97083333333333,0.880555555555556,2.12194444444444,0.260277777777778,2.00805555555556,0.551944444444444,1.07138888888889,0.564722222222222,0.393333333333333,1.1625,0.626666666666667,1.25972222222222,0.590555555555556,0.570277777777778,0.284722222222222,0.620833333333333,0.694166666666667,0.733333333333333,0.659722222222222,0.581944444444444,0.657777777777778,0.794166666666667,0.383888888888889,0.397777777777778,0.469722222222222,2.065,0.573333333333333,0.697777777777778,0.698055555555556,0.602777777777778,0.653055555555556,0.284722222222222,0.620833333333333,0.706666666666667,0.663333333333333,0.371111111111111,0.844166666666667,0.648888888888889,0.316944444444444,0.619722222222222,0,0.955,0.646111111111111,2.55305555555556,0.251666666666667,0.467222222222222,0.791111111111111,0.624722222222222,0.570277777777778,0.467222222222222,0.485555555555556,0.648888888888889,2.37833333333333,2.19916666666667,2.80777777777778,2.86111111111111,0.576388888888889,0.932222222222222,0.556666666666667,0.697222222222222,0.725277777777778,0.430277777777778,0.642777777777778,0.956944444444444,0.669444444444444,0.641111111111111,0.6225,0.649722222222222,0.895833333333333,0.765,2.16472222222222,1.55388888888889,2.37694444444444,0.58,2.92666666666667,2.70361111111111,1.08083333333333,1.40388888888889,0.931944444444444,2.06805555555556,0.640833333333333,2.82666666666667,0.608055555555556,0.831944444444444,0.694166666666667,0.249444444444444,0.655555555555556,0.354166666666667,0.578333333333333
"L653",1.2275,3.43277777777778,2.06027777777778,1.05055555555556,0.667777777777778,0.752777777777778,0.956388888888889,0.917777777777778,0.984722222222222,1.17138888888889,1.97583333333333,1.19833333333333,2.12694444444444,1.02888888888889,2.67833333333333,1.22222222222222,1.74166666666667,0.8825,0.969444444444444,0.694166666666667,1.20305555555556,1.93027777777778,1.26111111111111,1.35277777777778,0.993611111111111,1.2675,1.28611111111111,1.40388888888889,1.33027777777778,1.25166666666667,1.32027777777778,1.46444444444444,0.960277777777778,0.973888888888889,0.993055555555556,2.08111111111111,1.24388888888889,1.37333333333333,1.36861111111111,1.27305555555556,1.32361111111111,0.993611111111111,1.2675,1.36305555555556,1.23944444444444,1.19805555555556,0.235555555555555,0.966944444444444,0.892222222222222,1.04861111111111,1.025,0,0.367777777777778,3.22333333333333,0.917222222222222,1.30083333333333,1.10888888888889,1.295,1.21083333333333,1.04083333333333,0.838055555555555,0.623333333333333,2.38333333333333,2.64444444444444,3.47833333333333,3.53166666666667,0.904166666666667,1.60277777777778,1.28944444444444,1.28944444444444,1.39583333333333,1.00638888888889,1.31333333333333,1.62722222222222,1.26166666666667,1.31138888888889,1.19861111111111,1.31194444444444,0.606944444444444,1.43555555555556,2.01083333333333,1.99916666666667,2.38194444444444,1.25055555555556,3.59694444444444,3.37416666666667,1.75138888888889,2.07444444444444,1.37722222222222,2.07305555555556,1.31138888888889,3.49722222222222,1.05333333333333,1.5025,1.28638888888889,0.859166666666667,1.32611111111111,1.18111111111111,1.24888888888889
"L020",0.947777777777778,3.19388888888889,1.78055555555556,0.771111111111111,0.805,0.473055555555556,0.761666666666667,0.638333333333333,0.828888888888889,1.16194444444444,1.71861111111111,0.918888888888889,1.86972222222222,0.872777777777778,2.39888888888889,0.942777777777778,1.46222222222222,0.603055555555556,0.935,0.726388888888889,1.08638888888889,1.65083333333333,0.981666666666667,1.07333333333333,0.714166666666667,0.988055555555555,1.11111111111111,1.12444444444444,1.05055555555556,0.998888888888889,1.07472222222222,1.185,0.925555555555555,0.939166666666667,0.713611111111111,1.82388888888889,0.964166666666667,1.11472222222222,1.08888888888889,0.993611111111111,1.04388888888889,0.714166666666667,0.988055555555555,1.12361111111111,1.10861111111111,0.962222222222222,0.198055555555555,0.687222222222222,0.859722222222222,0.769166666666667,0.745555555555556,0.308888888888889,0,2.94388888888889,0.784722222222222,1.02111111111111,0.829444444444444,1.01555555555556,0.931111111111111,0.761111111111111,0.558611111111111,0.500277777777778,2.12611111111111,2.365,3.19888888888889,3.25222222222222,0.624444444444444,1.32305555555556,1.01,1.11416666666667,1.11611111111111,0.971944444444444,1.03361111111111,1.34777777777778,1.08638888888889,1.03194444444444,1.08222222222222,1.06666666666667,0.502777777777778,1.15583333333333,1.77166666666667,1.71972222222222,2.12444444444444,0.970833333333333,3.3175,3.09472222222222,1.47194444444444,1.79472222222222,1.09777777777778,1.81583333333333,1.03194444444444,3.21777777777778,0.773888888888889,1.22305555555556,1.11111111111111,0.782222222222222,1.04638888888889,0.926111111111111,0.969166666666667
"L281",2.76888888888889,5.84361111111111,2.15888888888889,2.57777777777778,2.84444444444444,2.70611111111111,2.62055555555556,2.5475,2.57444444444444,2.57916666666667,3.87222222222222,2.84916666666667,4.02333333333333,2.64777777777778,0.639166666666667,2.36,1.89583333333333,2.73277777777778,2.66638888888889,3.40666666666667,2.50361111111111,1.46722222222222,2.39888888888889,2.49055555555556,2.59805555555556,2.40527777777778,2.52833333333333,2.54166666666667,2.46777777777778,2.41611111111111,2.49194444444444,2.24666666666667,2.75805555555556,2.66555555555556,2.38416666666667,3.9125,2.38194444444444,2.53194444444444,2.15055555555556,2.41083333333333,2.46111111111111,2.59805555555556,2.40527777777778,2.54083333333333,2.52583333333333,2.53138888888889,3.10111111111111,2.81694444444444,2.69083333333333,2.49972222222222,2.56833333333333,3.21194444444444,2.90305555555556,0,2.62583333333333,2.44222222222222,2.71805555555556,2.43277777777778,2.45,2.51611111111111,2.55222222222222,2.88972222222222,4.27972222222222,4.02138888888889,0.616944444444444,0.771944444444444,2.46861111111111,1.96694444444444,2.42722222222222,2.53138888888889,2.17361111111111,2.70333333333333,2.45083333333333,2.31416666666667,2.50361111111111,2.44916666666667,2.49944444444444,2.48388888888889,3.15277777777778,2.2175,4.42138888888889,2.76611111111111,4.27805555555556,2.38805555555556,1.24305555555556,0.366666666666667,2.33638888888889,1.34277777777778,2.73361111111111,3.96944444444444,2.44916666666667,0.5825,2.49583333333333,2.2275,2.52833333333333,2.62361111111111,2.46361111111111,2.47666666666667,2.38638888888889
1012,0.878055555555556,3.65416666666667,1.40027777777778,0.708333333333333,0.371388888888889,0.444722222222222,0.143888888888889,0.631666666666667,0.168333333333333,0.460277777777778,1.98138888888889,0.947777777777778,2.13277777777778,0.212222222222222,2.01861111111111,0.5625,1.08194444444444,0.631944444444444,0.258333333333333,1.06333333333333,0.491666666666667,1.27027777777778,0.601111111111111,0.624166666666667,0.469722222222222,0.6075,0.575,0.743888888888889,0.670277777777778,0.540277777777778,0.608888888888889,0.804722222222222,0.248888888888889,0.262777777777778,0.480277777777778,2.07555555555556,0.583888888888889,0.661944444444444,0.708611111111111,0.613333333333333,0.663611111111111,0.469722222222222,0.6075,0.651666666666667,0.528333333333333,0.381666666666667,0.911388888888889,0.716388888888889,0.155833333333333,0.630277777777778,0.231666666666667,0.931111111111111,0.713333333333333,2.56361111111111,0,0.512777777777778,0.827222222222222,0.635277777777778,0.580833333333333,0.478055555555556,0.559166666666667,0.700277777777778,2.38888888888889,2.20972222222222,2.81833333333333,2.87166666666667,0.564722222222222,0.942777777777778,0.6025,0.578333333333333,0.735833333333333,0.295277777777778,0.653333333333333,0.9675,0.550277777777778,0.651666666666667,0.4875,0.600833333333333,0.976111111111111,0.775555555555556,2.23194444444444,1.56444444444444,2.3875,0.590555555555556,2.93722222222222,2.71416666666667,1.09166666666667,1.41444444444444,0.9425,2.07861111111111,0.651666666666667,2.83722222222222,0.618611111111111,0.842777777777778,0.575277777777778,0.039444444444444,0.666111111111111,0.364722222222222,0.588888888888889
"L858",0.809444444444444,3.86138888888889,1.2225,0.6225,0.729444444444444,0.705,0.505555555555556,0.544166666666667,0.435277777777778,0.485,1.91305555555556,0.889722222222222,2.06416666666667,0.4875,1.84083333333333,0.196111111111111,0.904166666666667,0.750555555555555,0.572222222222222,1.42166666666667,0.409444444444444,1.09277777777778,0.373333333333333,0.1875,0.4425,0.188333333333333,0.433888888888889,0.496388888888889,0.381111111111111,0.321944444444444,0.397777777777778,0.626944444444444,0.643055555555556,0.571388888888889,0.411944444444444,2.00722222222222,0.396666666666667,0.437777777777778,0.530833333333333,0.334166666666667,0.4225,0.4425,0.188333333333333,0.446666666666667,0.431388888888889,0.25,1.11861111111111,0.834722222222222,0.576111111111111,0.544444444444444,0.438611111111111,1.22972222222222,0.920833333333333,2.38583333333333,0.510833333333333,0,0.758611111111111,0.346111111111111,0.495,0.390277777777778,0.471666666666667,0.9075,2.32027777777778,2.13194444444444,2.64083333333333,2.69416666666667,0.496111111111111,0.765,0.124166666666667,0.437222222222222,0.558055555555556,0.609166666666667,0.364166666666667,0.789722222222222,0.409166666666667,0.362222222222222,0.405277777777778,0.389444444444444,1.17027777777778,0.597777777777778,2.43916666666667,1.48666666666667,2.31888888888889,0.311666666666667,2.75944444444444,2.53666666666667,0.913888888888889,1.23666666666667,0.864722222222222,2.01027777777778,0.408333333333333,2.65972222222222,0.540833333333333,0.665,0.434166666666667,0.508611111111111,0.376944444444444,0.300833333333333,0.300833333333333
1444,0.254166666666667,3.37694444444444,1.49972222222222,0.316111111111111,0.889166666666667,0.557222222222222,0.795,0.310555555555555,0.748888888888889,0.851666666666667,1.35777777777778,0.123888888888889,1.50888888888889,0.822222222222222,2.11777777777778,0.661666666666667,1.18111111111111,0.322777777777778,0.941666666666667,1.25805555555556,0.776111111111111,1.36972222222222,0.700555555555556,0.792222222222222,0.544166666666667,0.706944444444444,0.800833333333333,0.843333333333333,0.769722222222222,0.688611111111111,0.764444444444445,0.904166666666667,0.9325,0.938055555555555,0.437777777777778,1.45166666666667,0.683333333333333,0.804444444444444,0.808055555555555,0.7125,0.763055555555556,0.544166666666667,0.706944444444444,0.813333333333333,0.798333333333333,0.706111111111111,0.952222222222222,0.340277777777778,0.865277777777778,0.451944444444444,0.742777777777778,1.06333333333333,0.754444444444444,2.66277777777778,0.800277777777778,0.732222222222222,0,0.734722222222222,0.623888888888889,0.442777777777778,0.376111111111111,0.741111111111111,1.765,2.06694444444444,2.91777777777778,2.97111111111111,0.302777777777778,1.04222222222222,0.728888888888889,0.803888888888889,0.835277777777778,0.978611111111111,0.752777777777778,1.06666666666667,0.776111111111111,0.751111111111111,0.771944444444444,0.756388888888889,1.00388888888889,0.875,1.95472222222222,1.42166666666667,1.76361111111111,0.69,3.03638888888889,2.81361111111111,1.19083333333333,1.51388888888889,0.799444444444444,1.45472222222222,0.750833333333333,2.93666666666667,0.475833333333333,0.941944444444444,0.800833333333333,0.798055555555556,0.765555555555555,0.651111111111111,0.688333333333333
"L227",0.855,3.90444444444444,1.25583333333333,0.663611111111111,0.845277777777778,0.766666666666667,0.706666666666667,0.633611111111111,0.660555555555556,0.378611111111111,1.95833333333333,0.935,2.10944444444444,0.733888888888889,1.87416666666667,0.295555555555555,0.937222222222222,0.793611111111111,0.488055555555556,1.4675,0.303055555555556,1.12583333333333,0.263888888888889,0.443888888888889,0.684166666666667,0.363888888888889,0.344444444444444,0.211111111111111,0.2025,0.215555555555555,0.296111111111111,0.660277777777778,0.584722222222222,0.487222222222222,0.445,2.0525,0.341666666666667,0.2275,0.564166666666667,0.320555555555555,0.130555555555556,0.684166666666667,0.363888888888889,0.219722222222222,0.341944444444444,0.508888888888889,1.16166666666667,0.877777777777778,0.620833333333333,0.585833333333333,0.654444444444444,1.27277777777778,0.963888888888889,2.41888888888889,0.663055555555555,0.395555555555555,0.803888888888889,0,0.536111111111111,0.601944444444444,0.613055555555556,0.950555555555555,2.36583333333333,2.17305555555556,2.67388888888889,2.72722222222222,0.529444444444444,0.798333333333333,0.380833333333333,0.3475,0.591388888888889,0.525,0.050277777777778,0.822777777777778,0.319722222222222,0.101388888888889,0.321111111111111,0.288055555555555,1.21333333333333,0.631111111111111,2.48222222222222,1.52777777777778,2.36416666666667,0.302777777777778,2.7925,2.56972222222222,0.946944444444444,1.27,0.905833333333333,2.05555555555556,0.118611111111111,2.69277777777778,0.581944444444444,0.698055555555556,0.344444444444444,0.624444444444444,0.159722222222222,0.559722222222222,0.291388888888889
1062,0.675277777777778,3.77138888888889,1.2825,0.484166666666667,0.8125,0.633611111111111,0.588611111111111,0.454166666666667,0.542777777777778,0.623333333333333,1.77861111111111,0.755555555555556,1.93,0.615833333333333,1.90055555555556,0.437222222222222,0.963888888888889,0.660555555555556,0.710555555555556,1.33444444444444,0.547777777777778,1.1525,0.481944444444444,0.5675,0.566388888888889,0.482222222222222,0.5725,0.624722222222222,0.551111111111111,0.460277777777778,0.536111111111111,0.686666666666667,0.726111111111111,0.71,0.327777777777778,1.87277777777778,0.466944444444444,0.576111111111111,0.590833333333333,0.491111111111111,0.544444444444444,0.566388888888889,0.482222222222222,0.585277777777778,0.57,0.499722222222222,1.02861111111111,0.744722222222222,0.659166666666667,0.406111111111111,0.536666666666667,1.13972222222222,0.830833333333333,2.44555555555556,0.593888888888889,0.535833333333333,0.624444444444444,0.515833333333333,0,0.484166666666667,0.48,0.8175,2.18611111111111,1.99333333333333,2.70055555555556,2.75388888888889,0.406944444444444,0.825,0.504444444444444,0.575555555555556,0.618055555555556,0.7475,0.534166666666667,0.849444444444444,0.547777777777778,0.532222222222222,0.543888888888889,0.528055555555556,1.08027777777778,0.657777777777778,2.34916666666667,1.34805555555556,2.18472222222222,0.468611111111111,2.81916666666667,2.59638888888889,0.973611111111111,1.29666666666667,0.726111111111111,1.87583333333333,0.532222222222222,2.71944444444444,0.402222222222222,0.724722222222222,0.5725,0.591666666666667,0.546944444444444,0.445,0.466944444444444
"L025",0.572777777777778,3.61194444444444,1.355,0.396111111111111,0.744722222222222,0.474166666666667,0.520833333333333,0.294722222222222,0.474722222222222,0.710277777777778,1.67638888888889,0.653055555555556,1.8275,0.548055555555556,1.97333333333333,0.536944444444444,1.03666666666667,0.500833333333333,0.6675,1.175,0.635,1.225,0.555833333333333,0.568055555555556,0.285,0.575833333333333,0.659444444444445,0.698888888888889,0.625,0.547222222222222,0.623055555555556,0.759444444444444,0.658333333333333,0.671944444444444,0.3,1.77055555555556,0.538611111111111,0.663055555555555,0.663333333333333,0.568055555555556,0.618333333333333,0.285,0.575833333333333,0.672222222222222,0.656944444444444,0.431666666666667,0.869166666666666,0.585277777777778,0.591111111111111,0.373055555555555,0.468611111111111,0.98,0.671388888888889,2.51833333333333,0.526111111111111,0.456666666666667,0.521944444444444,0.59,0.535555555555556,0,0.222222222222222,0.658055555555556,2.08388888888889,2.00111111111111,2.77333333333333,2.82666666666667,0.268055555555555,0.8975,0.546388888888889,0.6625,0.690555555555556,0.704444444444444,0.608055555555556,0.922222222222222,0.634722222222222,0.606388888888889,0.630833333333333,0.615,0.920833333333333,0.730277777777778,2.18972222222222,1.35583333333333,2.08222222222222,0.545277777777778,2.89194444444444,2.66916666666667,1.04638888888889,1.36916666666667,0.733888888888889,1.77361111111111,0.606388888888889,2.79194444444444,0.41,0.7975,0.659444444444445,0.523888888888889,0.620833333333333,0.361388888888889,0.543611111111111
"L606",0.5375,3.48833333333333,1.36861111111111,0.355555555555555,0.6825,0.350555555555555,0.534166666666667,0.205833333333333,0.488333333333333,0.723888888888889,1.64083333333333,0.624444444444444,1.79194444444444,0.561388888888889,1.98666666666667,0.550277777777778,1.05,0.3775,0.681111111111111,1.05138888888889,0.648333333333333,1.23861111111111,0.569444444444444,0.581666666666667,0.277222222222222,0.589166666666667,0.672777777777778,0.712222222222222,0.638333333333333,0.560833333333333,0.636666666666667,0.772777777777778,0.671666666666667,0.685277777777778,0.300277777777778,1.735,0.552222222222222,0.676666666666667,0.676944444444444,0.581388888888889,0.631666666666667,0.277222222222222,0.589166666666667,0.685555555555556,0.670277777777778,0.445277777777778,0.745555555555556,0.461666666666667,0.604722222222222,0.358611111111111,0.481944444444444,0.856666666666667,0.547777777777778,2.53166666666667,0.539444444444444,0.47,0.486388888888889,0.603333333333333,0.517777777777778,0.228333333333333,0,0.534444444444445,2.04833333333333,1.95166666666667,2.78666666666667,2.84,0.215555555555555,0.910833333333333,0.559722222222222,0.676111111111111,0.703888888888889,0.718055555555556,0.621666666666667,0.935555555555556,0.648333333333333,0.619722222222222,0.644166666666667,0.628611111111111,0.797222222222222,0.743888888888889,2.06611111111111,1.30638888888889,2.04666666666667,0.558888888888889,2.90527777777778,2.6825,1.05972222222222,1.38277777777778,0.684444444444444,1.73805555555556,0.619722222222222,2.80555555555556,0.360555555555556,0.810833333333333,0.673055555555556,0.537222222222222,0.634444444444444,0.375,0.557222222222222
"L602",0.841388888888889,3.40333333333333,1.67416666666667,0.664722222222222,0.678055555555556,0.288333333333333,0.634722222222222,0.531666666666667,0.701666666666667,1.00972222222222,1.92833333333333,0.812222222222222,2.07944444444444,0.745833333333333,2.29222222222222,0.836111111111111,1.35555555555556,0.496388888888889,0.807777777777778,0.966388888888889,0.98,1.54416666666667,0.875,0.966666666666667,0.588333333333333,0.881388888888889,1.00444444444444,1.01777777777778,0.944166666666667,0.892222222222222,0.968055555555556,1.07833333333333,0.798611111111111,0.812222222222222,0.606944444444444,2.03333333333333,0.857777777777778,1.00805555555556,0.9825,0.886944444444444,0.9375,0.588333333333333,0.881388888888889,1.01722222222222,1.00194444444444,0.795833333333333,0.477777777777778,0.580833333333333,0.732777777777778,0.6625,0.565,0.638055555555556,0.4625,2.83722222222222,0.6575,0.914722222222222,0.722777777777778,0.908888888888889,0.824722222222222,0.654722222222222,0.451944444444444,0,2.33555555555556,2.25833333333333,3.09222222222222,3.14555555555556,0.518055555555556,1.21666666666667,0.903333333333333,1.0075,1.00972222222222,0.845,0.927222222222222,1.24111111111111,0.979722222222222,0.925277777777778,0.975833333333333,0.96,0.7125,1.04944444444444,1.98138888888889,1.61305555555556,2.33416666666667,0.864444444444444,3.21083333333333,2.98805555555556,1.36527777777778,1.68833333333333,0.991111111111111,2.02527777777778,0.925277777777778,3.11111111111111,0.667222222222222,1.11638888888889,1.00444444444444,0.655277777777778,0.94,0.828055555555555,0.862777777777778
5223,1.80388888888889,3.02583333333333,3.22916666666667,2.04583333333333,2.61861111111111,2.28694444444444,2.52444444444444,2.04,2.47861111111111,2.58111111111111,0.920277777777778,1.97833333333333,1.54,2.55166666666667,3.8475,2.39138888888889,2.91083333333333,2.145,2.67138888888889,2.4175,2.50555555555556,3.09916666666667,2.43,2.52166666666667,2.27361111111111,2.43638888888889,2.53027777777778,2.57277777777778,2.49916666666667,2.41805555555556,2.49388888888889,2.63361111111111,2.66194444444444,2.66777777777778,2.16722222222222,2.49555555555556,2.41277777777778,2.53388888888889,2.5375,2.44194444444444,2.4925,2.27361111111111,2.43638888888889,2.54277777777778,2.52777777777778,2.43555555555556,2.39138888888889,2.11138888888889,2.595,2.18138888888889,2.47222222222222,2.50222222222222,2.22166666666667,4.39222222222222,2.52972222222222,2.46194444444444,1.87666666666667,2.46416666666667,2.35361111111111,2.17222222222222,2.10555555555556,2.46416666666667,0,2.68666666666667,4.64722222222222,4.70055555555556,2.03222222222222,2.77166666666667,2.45861111111111,2.53333333333333,2.56472222222222,2.70833333333333,2.48222222222222,2.79638888888889,2.50555555555556,2.48055555555556,2.50138888888889,2.48583333333333,2.16361111111111,2.60444444444444,2.27444444444444,2.90833333333333,0.131666666666667,2.41944444444444,4.76611111111111,4.54305555555556,2.92027777777778,3.24333333333333,2.26055555555556,0.849722222222222,2.48027777777778,4.66611111111111,2.20527777777778,2.67138888888889,2.53027777777778,2.5275,2.495,2.38083333333333,2.41777777777778
"L157",2.04416666666667,4.53444444444444,2.82916666666667,1.85305555555556,2.32305555555556,1.99138888888889,2.13527777777778,1.82305555555556,2.08944444444444,2.17,1.93555555555556,2.12444444444444,1.38722222222222,2.1625,3.34944444444444,1.98361111111111,2.405,2.01805555555556,2.25722222222222,2.69194444444444,2.09444444444444,2.60111111111111,2.02861111111111,2.11416666666667,1.97805555555556,2.02888888888889,2.11916666666667,2.17138888888889,2.0975,2.00694444444444,2.08277777777778,2.23333333333333,2.27277777777778,2.25638888888889,1.76,1.32305555555556,2.01361111111111,2.12277777777778,2.13722222222222,2.03777777777778,2.09083333333333,1.97805555555556,2.02888888888889,2.13166666666667,2.11666666666667,2.04638888888889,2.38638888888889,2.10222222222222,2.20583333333333,1.775,2.08305555555556,2.49722222222222,2.18833333333333,3.89416666666667,2.14055555555556,2.0825,1.99333333333333,2.0625,1.94222222222222,1.90583333333333,1.8375,2.175,2.58277777777778,0,4.14916666666667,4.2025,1.76444444444444,2.37138888888889,2.05111111111111,2.12222222222222,2.16444444444444,2.29416666666667,2.08083333333333,2.39611111111111,2.09444444444444,2.07888888888889,2.09027777777778,2.07472222222222,2.43805555555556,2.20416666666667,3.46722222222222,1.70638888888889,2.58111111111111,2.015,4.26805555555556,4.045,2.52027777777778,2.74527777777778,1.6875,1.89416666666667,2.07888888888889,4.16805555555556,1.65583333333333,2.27138888888889,2.11916666666667,2.13833333333333,2.09333333333333,1.99166666666667,2.01333333333333
"L663",2.99583333333333,6.07055555555556,2.38583333333333,2.80472222222222,3.07138888888889,2.93305555555556,2.8475,2.77444444444444,2.80138888888889,2.80611111111111,4.09916666666667,3.07583333333333,4.25027777777778,2.87472222222222,0.866111111111111,2.58694444444444,2.12277777777778,2.95972222222222,2.89333333333333,3.63361111111111,2.73055555555556,1.69416666666667,2.62555555555556,2.7175,2.825,2.63222222222222,2.75527777777778,2.76861111111111,2.69472222222222,2.64305555555556,2.71888888888889,2.47361111111111,2.985,2.8925,2.61111111111111,4.13944444444444,2.60888888888889,2.75888888888889,2.3775,2.63777777777778,2.68805555555556,2.825,2.63222222222222,2.76777777777778,2.75277777777778,2.75833333333333,3.32805555555556,3.04388888888889,2.91777777777778,2.72666666666667,2.79527777777778,3.43888888888889,3.13,0.6325,2.85277777777778,2.66916666666667,2.94472222222222,2.65972222222222,2.67694444444444,2.74305555555556,2.77916666666667,3.11666666666667,4.50666666666667,4.24833333333333,0,0.178888888888889,2.69555555555556,2.19361111111111,2.65416666666667,2.75833333333333,2.40055555555556,2.93027777777778,2.67777777777778,2.54111111111111,2.73055555555556,2.67611111111111,2.72638888888889,2.71083333333333,3.37972222222222,2.44444444444444,4.64833333333333,2.99305555555556,4.505,2.615,1.76888888888889,0.892222222222222,2.56305555555556,1.56972222222222,2.96055555555556,4.19638888888889,2.67611111111111,0.075555555555556,2.72277777777778,2.45444444444444,2.75527777777778,2.85027777777778,2.69055555555556,2.70361111111111,2.61333333333333
"L121",3.02,6.095,2.41,2.82888888888889,3.09583333333333,2.95722222222222,2.87194444444444,2.79888888888889,2.82583333333333,2.83055555555556,4.12361111111111,3.10027777777778,4.27472222222222,2.89888888888889,0.890277777777778,2.61138888888889,2.14722222222222,2.98416666666667,2.91777777777778,3.65805555555556,2.755,1.71833333333333,2.65,2.74166666666667,2.84944444444444,2.65638888888889,2.77944444444444,2.79277777777778,2.71916666666667,2.6675,2.74333333333333,2.49805555555556,3.00916666666667,2.91694444444444,2.63555555555556,4.16388888888889,2.63305555555556,2.78333333333333,2.40194444444444,2.66222222222222,2.7125,2.84944444444444,2.65638888888889,2.79222222222222,2.77694444444444,2.78277777777778,3.35222222222222,3.06833333333333,2.94222222222222,2.75083333333333,2.81972222222222,3.46333333333333,3.15444444444444,0.769722222222222,2.87694444444444,2.69333333333333,2.96916666666667,2.68416666666667,2.70138888888889,2.76722222222222,2.80361111111111,3.14111111111111,4.53083333333333,4.27277777777778,0.197222222222222,0,2.72,2.21805555555556,2.67861111111111,2.78277777777778,2.425,2.95472222222222,2.70222222222222,2.56527777777778,2.75472222222222,2.70055555555556,2.75083333333333,2.735,3.40388888888889,2.46888888888889,4.67277777777778,3.0175,4.52944444444445,2.63944444444444,1.90583333333333,1.02944444444444,2.5875,1.59416666666667,2.985,4.22083333333333,2.70027777777778,0.188055555555555,2.74722222222222,2.47861111111111,2.77972222222222,2.87472222222222,2.715,2.72805555555556,2.63777777777778
"L713",0.405,3.48194444444444,1.25166666666667,0.228333333333333,0.676111111111111,0.344166666666667,0.546944444444444,0.207777777777778,0.501111111111111,0.637777777777778,1.50833333333333,0.485277777777778,1.65944444444444,0.574166666666667,1.87,0.413888888888889,0.933333333333333,0.371111111111111,0.693888888888889,1.045,0.562222222222222,1.12166666666667,0.4525,0.544166666666667,0.331111111111111,0.458888888888889,0.586944444444444,0.595277777777778,0.521666666666667,0.474722222222222,0.550555555555556,0.656111111111111,0.684444444444444,0.698055555555556,0.189722222222222,1.6025,0.435277777777778,0.590555555555556,0.56,0.464444444444444,0.515,0.331111111111111,0.458888888888889,0.599722222222222,0.584444444444444,0.458055555555556,0.739166666666667,0.455277777777778,0.6175,0.226388888888889,0.494722222222222,0.850277777777778,0.541388888888889,2.41472222222222,0.552222222222222,0.484444444444444,0.354166666666667,0.486666666666667,0.402222222222222,0.2075,0.190555555555556,0.528055555555556,1.91583333333333,1.84111111111111,2.66972222222222,2.72305555555556,0,0.794166666666667,0.481111111111111,0.59,0.587222222222222,0.730833333333333,0.504722222222222,0.818888888888889,0.562222222222222,0.503055555555556,0.558055555555556,0.5425,0.790833333333333,0.626944444444444,2.05972222222222,1.19583333333333,1.91444444444444,0.441944444444444,2.78861111111111,2.56555555555556,0.942777777777778,1.26583333333333,0.573888888888889,1.60555555555556,0.502777777777778,2.68861111111111,0.25,0.693888888888889,0.586944444444444,0.55,0.5175,0.403333333333333,0.440277777777778
"L077",1.12805555555556,4.20277777777778,0.719722222222222,0.936944444444444,1.20361111111111,1.06527777777778,0.979722222222222,0.906944444444444,0.933888888888889,0.938333333333333,2.23166666666667,1.20833333333333,2.38277777777778,1.00694444444444,1.31416666666667,0.719166666666667,0.3625,1.09194444444444,1.02555555555556,1.76611111111111,0.863055555555555,0.565833333333333,0.758055555555556,0.849722222222222,0.9575,0.764444444444445,0.8875,0.900833333333333,0.826944444444444,0.775277777777778,0.851111111111111,0.511666666666667,1.11722222222222,1.025,0.743611111111111,2.32555555555556,0.741111111111111,0.891111111111111,0.515833333333333,0.77,0.820277777777778,0.9575,0.764444444444445,0.900277777777778,0.885,0.890833333333333,1.46027777777778,1.17638888888889,1.05027777777778,0.858888888888889,0.9275,1.57111111111111,1.26222222222222,1.85888888888889,0.985,0.801388888888889,1.07722222222222,0.791944444444444,0.809444444444444,0.875277777777778,0.911666666666667,1.24888888888889,2.63888888888889,2.44611111111111,2.11388888888889,2.16722222222222,0.827777777777778,0,0.786388888888889,0.890555555555555,0.538888888888889,1.06277777777778,0.810277777777778,0.496388888888889,0.862777777777778,0.808333333333333,0.858888888888889,0.843055555555556,1.51194444444444,0.4825,2.78083333333333,1.25083333333333,2.6375,0.7475,2.23277777777778,2.00972222222222,0.518611111111111,0.71,1.17888888888889,2.32861111111111,0.808333333333333,2.13277777777778,0.855,0.409722222222222,0.8875,0.982777777777778,0.823055555555555,0.836111111111111,0.745833333333333
5270,0.760833333333333,3.8225,1.17388888888889,0.573888888888889,0.820833333333333,0.684722222222222,0.596944444444445,0.543888888888889,0.558611111111111,0.436111111111111,1.86416666666667,0.840833333333333,2.01527777777778,0.610833333333333,1.79222222222222,0.147222222222222,0.855277777777778,0.711666666666667,0.523333333333333,1.38555555555556,0.360555555555556,1.04388888888889,0.324722222222222,0.149444444444444,0.558611111111111,0.091944444444444,0.385277777777778,0.447777777777778,0.332222222222222,0.273055555555555,0.348888888888889,0.578333333333333,0.62,0.522777777777778,0.363055555555556,1.95833333333333,0.347777777777778,0.388888888888889,0.482222222222222,0.285555555555555,0.373888888888889,0.558611111111111,0.091944444444444,0.397777777777778,0.382777777777778,0.366111111111111,1.07972222222222,0.795833333333333,0.656111111111111,0.495833333333333,0.562222222222222,1.19083333333333,0.881944444444444,2.33694444444444,0.602222222222222,0.154166666666667,0.709722222222222,0.297222222222222,0.446388888888889,0.516388888888889,0.531111111111111,0.868611111111111,2.27166666666667,2.08305555555556,2.59194444444444,2.64527777777778,0.4475,0.716388888888889,0,0.388333333333333,0.509444444444444,0.560277777777778,0.315277777777778,0.740833333333333,0.360555555555556,0.313611111111111,0.356388888888889,0.340833333333333,1.13138888888889,0.549166666666667,2.40027777777778,1.43777777777778,2.27,0.262777777777778,2.71055555555556,2.48777777777778,0.865,1.18805555555556,0.815833333333333,1.96138888888889,0.359722222222222,2.61083333333333,0.491944444444444,0.616111111111111,0.385277777777778,0.6,0.328055555555555,0.416666666666667,0.252222222222222
"L709",0.882222222222222,3.97833333333333,1.32166666666667,0.691111111111111,0.760277777777778,0.840833333333333,0.641666666666667,0.661111111111111,0.665,0.211388888888889,1.98583333333333,0.9625,2.13694444444444,0.709166666666667,1.93972222222222,0.355555555555555,1.00305555555556,0.8675,0.403055555555556,1.45222222222222,0.251111111111111,1.19166666666667,0.415277777777778,0.505,0.711666666666667,0.428333333333333,0.050833333333333,0.314444444444444,0.403333333333333,0.260833333333333,0.058888888888889,0.725833333333333,0.499722222222222,0.402222222222222,0.510833333333333,2.08,0.499166666666667,0.179444444444444,0.63,0.439444444444444,0.247777777777778,0.711666666666667,0.428333333333333,0.146388888888889,0.115555555555555,0.569722222222222,1.23583333333333,0.951944444444444,0.535833333333333,0.613055555555556,0.681944444444444,1.32,1.03777777777778,2.48472222222222,0.578055555555555,0.456666666666667,0.831388888888889,0.310555555555555,0.563611111111111,0.629444444444444,0.687222222222222,1.02444444444444,2.39305555555556,2.20055555555556,2.73972222222222,2.79305555555556,0.614166666666667,0.864166666666666,0.441666666666667,0,0.657222222222222,0.44,0.32,0.888611111111111,0.083333333333333,0.268055555555555,0.150277777777778,0.056944444444444,1.2875,0.696944444444444,2.55638888888889,1.55527777777778,2.39166666666667,0.416944444444444,2.85833333333333,2.63555555555556,1.01277777777778,1.33583333333333,0.933333333333333,2.08305555555556,0.265,2.75861111111111,0.609444444444444,0.763888888888889,0.050833333333333,0.539444444444444,0.360277777777778,0.590277777777778,0.415277777777778
9982,0.865,3.93972222222222,0.925277777777778,0.673611111111111,0.940555555555556,0.801944444444444,0.716666666666667,0.643611111111111,0.670555555555556,0.675277777777778,1.96833333333333,0.945,2.11944444444444,0.743888888888889,1.53888888888889,0.456111111111111,0.602222222222222,0.828888888888889,0.7625,1.50277777777778,0.599722222222222,0.790833333333333,0.494722222222222,0.586666666666667,0.694166666666667,0.501111111111111,0.624166666666667,0.637777777777778,0.563888888888889,0.512222222222222,0.588055555555556,0.232222222222222,0.854166666666667,0.761666666666667,0.480277777777778,2.0625,0.478055555555556,0.628055555555556,0.085277777777778,0.506944444444444,0.557222222222222,0.694166666666667,0.501111111111111,0.636944444444444,0.621944444444444,0.6275,1.19722222222222,0.913055555555556,0.786944444444444,0.595833333333333,0.664444444444444,1.30805555555556,0.999166666666667,2.08388888888889,0.721944444444445,0.538333333333333,0.813888888888889,0.528888888888889,0.546111111111111,0.611944444444444,0.648333333333333,0.985833333333333,2.37583333333333,2.18305555555556,2.33888888888889,2.39222222222222,0.564722222222222,0.467777777777778,0.523333333333333,0.6275,0,0.799444444444444,0.546944444444444,0.396944444444444,0.599722222222222,0.545277777777778,0.595555555555556,0.58,1.24888888888889,0.203055555555555,2.5175,1.48333333333333,2.37416666666667,0.484166666666667,2.4575,2.23472222222222,0.508611111111111,0.935,0.915833333333333,2.06555555555556,0.545277777777778,2.35777777777778,0.591944444444444,0.355277777777778,0.624444444444444,0.719444444444444,0.559722222222222,0.572777777777778,0.4825
9119,1.03361111111111,3.88194444444444,1.47277777777778,0.8425,0.479444444444444,0.672777777777778,0.371666666666667,0.858333333333333,0.395,0.255833333333333,2.13694444444444,1.11388888888889,2.28805555555556,0.438888888888889,2.09111111111111,0.506944444444444,1.15444444444444,0.86,0.053888888888889,1.18722222222222,0.2875,1.34277777777778,0.629722222222222,0.558055555555556,0.696388888888889,0.579444444444444,0.370833333333333,0.603888888888889,0.566111111111111,0.336111111111111,0.404722222222222,0.877222222222222,0.138333333333333,0.098333333333333,0.707222222222222,2.23111111111111,0.650277777777778,0.457777777777778,0.781111111111111,0.590833333333333,0.529722222222222,0.696388888888889,0.579444444444444,0.4475,0.323888888888889,0.608333333333333,1.13194444444444,0.944166666666667,0.255,0.764444444444445,0.458611111111111,1.055,0.941388888888889,2.63611111111111,0.2975,0.607777777777778,0.982777777777778,0.577222222222222,0.715,0.704722222222222,0.785833333333333,0.928055555555556,2.54444444444444,2.35166666666667,2.89083333333333,2.94416666666667,0.765277777777778,1.01527777777778,0.592777777777778,0.373888888888889,0.808333333333333,0,0.491944444444444,1.04,0.346111111111111,0.475277777777778,0.283333333333333,0.396388888888889,1.1,0.848055555555555,2.45972222222222,1.70638888888889,2.54305555555556,0.568055555555556,3.00972222222222,2.78666666666667,1.16416666666667,1.48694444444444,1.08444444444444,2.23416666666667,0.515555555555556,2.90972222222222,0.760555555555555,0.915277777777778,0.370833333333333,0.269444444444444,0.561944444444444,0.591388888888889,0.566388888888889
9146,0.8225,3.91861111111111,1.26166666666667,0.631388888888889,0.812777777777778,0.780833333333333,0.674166666666667,0.601388888888889,0.628333333333333,0.346111111111111,1.92583333333333,0.902777777777778,2.07694444444444,0.701388888888889,1.88,0.295833333333333,0.943333333333333,0.807777777777778,0.455555555555555,1.505,0.270555555555555,1.13166666666667,0.280833333333333,0.445,0.651944444444444,0.368333333333333,0.311944444444444,0.207777777777778,0.217222222222222,0.183055555555555,0.2775,0.666111111111111,0.552222222222222,0.455,0.451111111111111,2.02,0.383611111111111,0.208888888888889,0.57,0.347222222222222,0.1275,0.651944444444444,0.368333333333333,0.231944444444444,0.309444444444444,0.51,1.17583333333333,0.891944444444444,0.588333333333333,0.553333333333333,0.621944444444444,1.28694444444444,0.978055555555556,2.425,0.630833333333333,0.396666666666667,0.771666666666667,0.126388888888889,0.503888888888889,0.569722222222222,0.627222222222222,0.964722222222222,2.33333333333333,2.14055555555556,2.68,2.73333333333333,0.554166666666667,0.804166666666667,0.381944444444444,0.315,0.597222222222222,0.4925,0,0.828888888888889,0.287222222222222,0.095277777777778,0.288888888888889,0.269444444444444,1.2275,0.636944444444444,2.49638888888889,1.49527777777778,2.33194444444444,0.319444444444444,2.79861111111111,2.57583333333333,0.953055555555556,1.27583333333333,0.873333333333333,2.02305555555556,0.115555555555555,2.69861111111111,0.549444444444444,0.704166666666667,0.311944444444444,0.592222222222222,0.174166666666667,0.530555555555556,0.333333333333333
9968,1.10805555555556,4.18277777777778,0.754444444444444,0.916944444444444,1.18361111111111,1.04527777777778,0.959722222222222,0.886666666666667,0.913611111111111,0.918333333333333,2.21138888888889,1.18833333333333,2.3625,0.986944444444444,1.7225,0.699166666666667,0.770833333333333,1.07194444444444,1.00555555555556,1.74583333333333,0.842777777777778,0.974166666666667,0.738055555555556,0.829722222222222,0.937222222222222,0.744444444444444,0.8675,0.880833333333333,0.806944444444444,0.755277777777778,0.831111111111111,0.281388888888889,1.09722222222222,1.00472222222222,0.723333333333333,2.30555555555556,0.721111111111111,0.871111111111111,0.400833333333333,0.75,0.800277777777778,0.937222222222222,0.744444444444444,0.88,0.865,0.870833333333333,1.44027777777778,1.15611111111111,1.03,0.838888888888889,0.9075,1.55111111111111,1.24222222222222,2.26722222222222,0.965,0.781388888888889,1.05722222222222,0.771944444444444,0.789444444444444,0.855277777777778,0.891666666666667,1.22888888888889,2.61888888888889,2.42611111111111,2.52222222222222,2.57555555555556,0.807777777777778,0.4725,0.766388888888889,0.870555555555555,0.390833333333333,1.0425,0.79,0,0.842777777777778,0.788333333333333,0.838611111111111,0.823055555555555,1.49194444444444,0.320555555555555,2.76055555555556,1.65916666666667,2.6175,0.727222222222222,2.64111111111111,2.41805555555556,0.124166666666667,1.11833333333333,1.15888888888889,2.30861111111111,0.788333333333333,2.54111111111111,0.835,0.213333333333333,0.8675,0.962777777777778,0.802777777777778,0.815833333333333,0.725555555555555
9099,0.855277777777778,3.95111111111111,1.29444444444444,0.663888888888889,0.728611111111111,0.813611111111111,0.610277777777778,0.633888888888889,0.660833333333333,0.202777777777778,1.95861111111111,0.935277777777778,2.10972222222222,0.6775,1.91277777777778,0.328333333333333,0.975833333333333,0.840277777777778,0.371388888888889,1.42083333333333,0.219722222222222,1.16444444444444,0.4425,0.477777777777778,0.684444444444444,0.401111111111111,0.024166666666667,0.341666666666667,0.387777777777778,0.229166666666667,0.086111111111111,0.698888888888889,0.468055555555555,0.370833333333333,0.483611111111111,2.05277777777778,0.471944444444444,0.196666666666667,0.602777777777778,0.412222222222222,0.275,0.684444444444444,0.401111111111111,0.173611111111111,0.106944444444444,0.542777777777778,1.20861111111111,0.924722222222222,0.504166666666667,0.586111111111111,0.654722222222222,1.28861111111111,1.01055555555556,2.4575,0.546388888888889,0.429444444444444,0.804166666666667,0.337777777777778,0.536388888888889,0.602222222222222,0.66,0.9975,2.36611111111111,2.17333333333333,2.7125,2.76583333333333,0.586944444444444,0.836944444444444,0.414444444444444,0.027222222222222,0.63,0.408333333333333,0.292777777777778,0.861388888888889,0,0.276111111111111,0.141944444444444,0.084166666666667,1.26027777777778,0.669722222222222,2.52916666666667,1.52805555555556,2.36444444444444,0.389722222222222,2.83111111111111,2.60833333333333,0.985555555555556,1.30861111111111,0.906111111111111,2.05583333333333,0.292222222222222,2.73138888888889,0.582222222222222,0.736666666666667,0.024166666666667,0.508055555555556,0.3875,0.563055555555555,0.388055555555555
9501,0.858888888888889,3.93361111111111,1.28277777777778,0.667777777777778,0.8825,0.796111111111111,0.710555555555556,0.637777777777778,0.664722222222222,0.394444444444444,1.96222222222222,0.939166666666667,2.11333333333333,0.737777777777778,1.90083333333333,0.31,0.964166666666667,0.822777777777778,0.525277777777778,1.49694444444444,0.357777777777778,1.15277777777778,0.228888888888889,0.458333333333333,0.688333333333333,0.378055555555555,0.2975,0.134166666666667,0.216944444444444,0.270277777777778,0.233611111111111,0.687222222222222,0.621944444444444,0.524444444444444,0.474166666666667,2.05638888888889,0.346388888888889,0.166666666666667,0.591111111111111,0.325,0.060277777777778,0.688333333333333,0.378055555555555,0.147222222222222,0.315277777777778,0.523333333333333,1.19111111111111,0.906944444444444,0.658055555555556,0.589722222222222,0.658333333333333,1.30194444444444,0.993055555555556,2.44583333333333,0.700277777777778,0.41,0.808055555555555,0.124444444444444,0.540277777777778,0.606111111111111,0.6425,0.979722222222222,2.36972222222222,2.17694444444444,2.70083333333333,2.75416666666667,0.558611111111111,0.825277777777778,0.395,0.300833333333333,0.618333333333333,0.562222222222222,0.140555555555555,0.849722222222222,0.293055555555555,0,0.315277777777778,0.24,1.24277777777778,0.658055555555556,2.51166666666667,1.53166666666667,2.36833333333333,0.297222222222222,2.81944444444444,2.59666666666667,0.973888888888889,1.29694444444444,0.909722222222222,2.05944444444444,0.046111111111111,2.71972222222222,0.585833333333333,0.725,0.297777777777778,0.661666666666667,0.173888888888889,0.573888888888889,0.305833333333333
9283,0.867777777777778,3.96388888888889,1.30722222222222,0.676666666666667,0.665,0.826388888888889,0.546388888888889,0.646666666666667,0.569722222222222,0.1,1.97138888888889,0.948055555555555,2.1225,0.613888888888889,1.92527777777778,0.341111111111111,0.988611111111111,0.853055555555556,0.307777777777778,1.35722222222222,0.155277777777778,1.17722222222222,0.464166666666667,0.490277777777778,0.697222222222222,0.413611111111111,0.144722222222222,0.408333333333333,0.400555555555555,0.170277777777778,0.1925,0.711388888888889,0.404444444444444,0.306944444444444,0.496388888888889,2.06527777777778,0.484722222222222,0.255277777777778,0.615555555555556,0.425,0.341666666666667,0.697222222222222,0.413611111111111,0.245,0.078055555555556,0.555277777777778,1.22138888888889,0.937222222222222,0.440555555555555,0.598611111111111,0.633333333333333,1.225,1.02333333333333,2.47027777777778,0.482777777777778,0.441944444444444,0.816944444444444,0.411666666666667,0.549166666666667,0.615,0.672777777777778,1.01,2.37861111111111,2.18611111111111,2.72527777777778,2.77861111111111,0.599444444444444,0.849444444444444,0.427222222222222,0.148055555555556,0.6425,0.344722222222222,0.326111111111111,0.874166666666667,0.120277777777778,0.309444444444444,0,0.194166666666667,1.26972222222222,0.682222222222222,2.54194444444444,1.54083333333333,2.37722222222222,0.4025,2.84388888888889,2.62111111111111,0.998333333333333,1.32138888888889,0.918611111111111,2.06861111111111,0.35,2.74416666666667,0.595,0.749444444444444,0.145,0.444444444444444,0.396388888888889,0.575833333333333,0.400833333333333
9326,0.918055555555556,4.01388888888889,1.35722222222222,0.726666666666667,0.780555555555556,0.876388888888889,0.662222222222222,0.696666666666667,0.685555555555556,0.196944444444444,2.02138888888889,0.998055555555556,2.1725,0.729444444444444,1.97527777777778,0.391111111111111,1.03861111111111,0.903055555555556,0.423333333333333,1.47277777777778,0.271111111111111,1.22722222222222,0.400833333333333,0.540555555555556,0.747222222222222,0.463888888888889,0.089444444444444,0.300277777777778,0.388888888888889,0.285,0.056111111111111,0.761666666666667,0.52,0.422777777777778,0.546388888888889,2.11555555555556,0.518611111111111,0.175555555555555,0.665555555555556,0.475,0.233333333333333,0.747222222222222,0.463888888888889,0.132222222222222,0.119722222222222,0.605277777777778,1.27138888888889,0.9875,0.556111111111111,0.648888888888889,0.7175,1.34055555555556,1.07333333333333,2.52027777777778,0.598611111111111,0.492222222222222,0.866944444444444,0.296388888888889,0.599166666666667,0.665,0.722777777777778,1.06027777777778,2.42888888888889,2.23611111111111,2.77527777777778,2.82861111111111,0.649722222222222,0.899722222222222,0.477222222222222,0.0925,0.692777777777778,0.460277777777778,0.3075,0.924166666666667,0.087777777777778,0.253611111111111,0.154722222222222,0,1.32305555555556,0.7325,2.59194444444444,1.59083333333333,2.42722222222222,0.4525,2.89388888888889,2.67111111111111,1.04833333333333,1.37138888888889,0.968888888888889,2.11861111111111,0.250833333333333,2.79416666666667,0.645,0.799444444444444,0.089444444444444,0.56,0.345833333333333,0.625833333333333,0.450833333333333
9188,1.07277777777778,3.09055555555556,1.98361111111111,0.973888888888889,0.701944444444445,0.675833333333333,0.964722222222222,0.841111111111111,1.01916666666667,1.20583333333333,1.66527777777778,1.12166666666667,1.81638888888889,1.06305555555556,2.60166666666667,1.14555555555556,1.665,0.805833333333333,1.00388888888889,0.334444444444444,1.23722222222222,1.85361111111111,1.18444444444444,1.27611111111111,0.916944444444444,1.19083333333333,1.32055555555556,1.32722222222222,1.25333333333333,1.20166666666667,1.2775,1.38777777777778,0.994444444444444,1.00833333333333,0.916388888888889,1.7475,1.16722222222222,1.3175,1.29194444444444,1.19638888888889,1.24666666666667,0.916944444444444,1.19083333333333,1.32638888888889,1.27388888888889,1.165,0.5425,0.89,0.926666666666666,0.971944444444444,0.948333333333333,0.638888888888889,0.457777777777778,3.14666666666667,0.951666666666667,1.22388888888889,1.03222222222222,1.21833333333333,1.13416666666667,0.964166666666667,0.761388888888889,0.7,2.07277777777778,2.56777777777778,3.40166666666667,3.455,0.8275,1.52583333333333,1.21277777777778,1.32388888888889,1.31888888888889,1.04083333333333,1.23666666666667,1.55055555555556,1.29583333333333,1.23472222222222,1.23305555555556,1.26944444444444,0,1.35861111111111,1.66833333333333,1.9225,2.07111111111111,1.17361111111111,3.52027777777778,3.2975,1.67472222222222,1.99777777777778,1.30055555555556,1.7625,1.23472222222222,3.42055555555556,0.976666666666667,1.42583333333333,1.32083333333333,0.893611111111111,1.24944444444444,1.12888888888889,1.17194444444444
9970,0.859444444444444,3.93416666666667,0.848611111111111,0.668055555555555,0.935,0.796388888888889,0.711111111111111,0.638055555555556,0.665,0.669722222222222,1.96277777777778,0.939444444444444,2.11388888888889,0.738333333333333,1.54388888888889,0.450555555555555,0.607222222222222,0.823333333333333,0.756944444444444,1.49722222222222,0.594166666666667,0.795555555555556,0.489166666666667,0.580833333333333,0.688611111111111,0.495555555555556,0.618611111111111,0.631944444444444,0.558333333333333,0.506666666666667,0.5825,0.078333333333333,0.848611111111111,0.756111111111111,0.474722222222222,2.05694444444444,0.472222222222222,0.6225,0.152222222222222,0.501388888888889,0.551666666666667,0.688611111111111,0.495555555555556,0.631388888888889,0.616111111111111,0.621944444444444,1.19138888888889,0.9075,0.781388888888889,0.590277777777778,0.658888888888889,1.3025,0.993611111111111,2.08888888888889,0.716388888888889,0.5325,0.808333333333333,0.523333333333333,0.540555555555556,0.606388888888889,0.642777777777778,0.980277777777778,2.37027777777778,2.1775,2.34388888888889,2.39722222222222,0.559166666666667,0.391111111111111,0.517777777777778,0.621944444444444,0.142222222222222,0.793888888888889,0.541388888888889,0.316111111111111,0.593888888888889,0.539722222222222,0.59,0.574444444444444,1.24305555555556,0,2.51194444444444,1.48833333333333,2.36861111111111,0.478611111111111,2.4625,2.23972222222222,0.427777777777778,0.939722222222222,0.910277777777778,2.06,0.539722222222222,2.3625,0.586388888888889,0.222777777777778,0.618888888888889,0.713888888888889,0.554166666666667,0.567222222222222,0.476944444444444
9035,1.83666666666667,1.49027777777778,3.22305555555556,2.07861111111111,2.2475,1.91555555555556,2.20416666666667,2.08055555555556,2.27111111111111,2.60416666666667,1.81333333333333,2.01111111111111,2.425,2.31527777777778,3.84111111111111,2.385,2.90444444444444,2.04527777777778,2.37722222222222,1.83083333333333,2.52888888888889,3.09305555555556,2.42388888888889,2.51555555555556,2.15638888888889,2.43027777777778,2.55333333333333,2.56666666666667,2.49305555555556,2.44111111111111,2.51694444444444,2.62722222222222,2.36805555555556,2.38166666666667,2.15583333333333,2.51138888888889,2.40666666666667,2.55694444444444,2.53138888888889,2.43583333333333,2.48638888888889,2.15638888888889,2.43027777777778,2.56611111111111,2.55083333333333,2.40444444444444,1.84527777777778,2.12972222222222,2.30194444444444,2.21138888888889,2.18777777777778,1.95638888888889,1.69722222222222,4.38611111111111,2.22694444444444,2.46361111111111,1.90944444444444,2.45777777777778,2.37361111111111,2.20361111111111,2.00083333333333,1.93972222222222,2.22,3.57194444444444,4.64111111111111,4.69444444444444,2.06694444444444,2.76555555555556,2.45222222222222,2.55638888888889,2.55861111111111,2.41416666666667,2.47611111111111,2.79,2.52861111111111,2.47416666666667,2.52472222222222,2.50888888888889,1.57666666666667,2.59833333333333,0,2.91444444444444,2.21833333333333,2.41333333333333,4.75972222222222,4.53694444444444,2.91416666666667,3.23722222222222,2.26666666666667,1.89972222222222,2.47416666666667,4.66,2.21611111111111,2.66527777777778,2.55333333333333,2.22472222222222,2.48888888888889,2.36833333333333,2.41166666666667
"L003",1.50194444444444,4.32444444444444,1.83777777777778,1.31083333333333,1.78083333333333,1.44888888888889,1.59305555555556,1.28083333333333,1.54694444444444,1.62777777777778,2.36055555555556,1.58222222222222,2.51166666666667,1.62027777777778,2.21944444444444,1.44138888888889,1.27527777777778,1.47583333333333,1.715,2.14972222222222,1.55222222222222,1.47111111111111,1.48611111111111,1.57194444444444,1.43583333333333,1.48666666666667,1.57666666666667,1.62916666666667,1.55527777777778,1.46472222222222,1.54055555555556,1.63777777777778,1.73055555555556,1.71416666666667,1.2175,2.38361111111111,1.47111111111111,1.58055555555556,1.54194444444444,1.49555555555556,1.54861111111111,1.43583333333333,1.48666666666667,1.58944444444444,1.57416666666667,1.50388888888889,1.84388888888889,1.56,1.66333333333333,1.23277777777778,1.54083333333333,1.955,1.64611111111111,2.76444444444444,1.59833333333333,1.54027777777778,1.45111111111111,1.52027777777778,1.4,1.36361111111111,1.29527777777778,1.63277777777778,2.76777777777778,1.68583333333333,3.01944444444444,3.07277777777778,1.22222222222222,1.34611111111111,1.50861111111111,1.58,1.56472222222222,1.75194444444444,1.53833333333333,1.69333333333333,1.55194444444444,1.53666666666667,1.54805555555556,1.53222222222222,1.89555555555556,1.60861111111111,2.90222222222222,0,2.76638888888889,1.47277777777778,3.13805555555556,2.91527777777778,1.71555555555556,1.61527777777778,1.14527777777778,2.4575,1.53666666666667,3.03805555555556,1.11361111111111,1.60666666666667,1.57694444444444,1.59583333333333,1.55111111111111,1.44916666666667,1.47111111111111
"L067",1.67194444444444,3.06277777777778,3.0975,1.91388888888889,2.48694444444444,2.155,2.39277777777778,1.90833333333333,2.34666666666667,2.44944444444444,0.788611111111111,1.84666666666667,1.40805555555556,2.42,3.71555555555556,2.25944444444444,2.77888888888889,2.01333333333333,2.53944444444444,2.28583333333333,2.37388888888889,2.9675,2.29833333333333,2.39,2.14194444444444,2.30472222222222,2.39861111111111,2.44111111111111,2.3675,2.28638888888889,2.36222222222222,2.50166666666667,2.53027777777778,2.53583333333333,2.03555555555556,2.36388888888889,2.28111111111111,2.40222222222222,2.40583333333333,2.31027777777778,2.36083333333333,2.14194444444444,2.30472222222222,2.41111111111111,2.39611111111111,2.30361111111111,2.25944444444444,1.97944444444444,2.46305555555556,2.04972222222222,2.34055555555556,2.37055555555556,2.09,4.26055555555556,2.39805555555556,2.33,1.74472222222222,2.33222222222222,2.22166666666667,2.04055555555556,1.97388888888889,2.33222222222222,0.229166666666667,2.555,4.51555555555556,4.56888888888889,1.90027777777778,2.64,2.32666666666667,2.40166666666667,2.43305555555556,2.57638888888889,2.35055555555556,2.66444444444444,2.37388888888889,2.34861111111111,2.36972222222222,2.35416666666667,2.03166666666667,2.47277777777778,2.14277777777778,2.77666666666667,0,2.28777777777778,4.63416666666667,4.41138888888889,2.78861111111111,3.11166666666667,2.12861111111111,0.717777777777778,2.34861111111111,4.53444444444444,2.07361111111111,2.53972222222222,2.39861111111111,2.39583333333333,2.36333333333333,2.24888888888889,2.28611111111111
"L131",0.845277777777778,3.89833333333333,1.24972222222222,0.654166666666667,0.896666666666667,0.760555555555555,0.672777777777778,0.624166666666667,0.626666666666667,0.530277777777778,1.94888888888889,0.925555555555555,2.1,0.7,1.86777777777778,0.291111111111111,0.931111111111111,0.787222222222222,0.6175,1.46138888888889,0.454722222222222,1.11972222222222,0.074444444444444,0.439722222222222,0.650277777777778,0.358611111111111,0.479444444444444,0.314444444444444,0.232222222222222,0.367222222222222,0.409722222222222,0.653888888888889,0.714166666666667,0.616666666666667,0.438888888888889,2.04277777777778,0.191944444444444,0.342777777777778,0.558055555555556,0.183333333333333,0.234166666666667,0.650277777777778,0.358611111111111,0.323055555555555,0.476944444444444,0.504722222222222,1.15555555555556,0.871666666666667,0.743055555555556,0.576111111111111,0.620555555555556,1.26666666666667,0.957777777777778,2.41277777777778,0.678055555555556,0.391388888888889,0.794444444444444,0.289722222222222,0.526666666666667,0.568333333333333,0.606944444444444,0.944444444444444,2.35611111111111,2.16361111111111,2.66777777777778,2.72111111111111,0.523333333333333,0.791944444444444,0.376388888888889,0.4825,0.585,0.654444444444444,0.271944444444444,0.816666666666667,0.454722222222222,0.222777777777778,0.450555555555555,0.416111111111111,1.20722222222222,0.624722222222222,2.47611111111111,1.51833333333333,2.35472222222222,0,2.78638888888889,2.56361111111111,0.940833333333333,1.26388888888889,0.896111111111111,2.04583333333333,0.221944444444444,2.68666666666667,0.5725,0.691944444444444,0.479444444444444,0.675555555555556,0.268333333333333,0.555277777777778,0.253333333333333
"L069",3.03277777777778,6.10777777777778,2.35944444444444,2.84166666666667,3.10833333333333,2.97,2.88444444444444,2.81166666666667,2.83861111111111,2.84305555555556,4.13638888888889,3.11305555555556,4.2875,2.91166666666667,1.59944444444444,2.62388888888889,2.15972222222222,2.99666666666667,2.93055555555556,3.67083333333333,2.76777777777778,1.73111111111111,2.66277777777778,2.75444444444444,2.86222222222222,2.66916666666667,2.79222222222222,2.80555555555556,2.73194444444444,2.68,2.75583333333333,2.51055555555556,3.02194444444444,2.92972222222222,2.64833333333333,4.17666666666667,2.64583333333333,2.79583333333333,2.41472222222222,2.67472222222222,2.72527777777778,2.86222222222222,2.66916666666667,2.805,2.78972222222222,2.79555555555556,3.365,3.08111111111111,2.955,2.76361111111111,2.83222222222222,3.47583333333333,3.16694444444444,1.16944444444444,2.88972222222222,2.70611111111111,2.98194444444444,2.69666666666667,2.71416666666667,2.78,2.81638888888889,3.15388888888889,4.54361111111111,4.28555555555556,1.7275,1.8825,2.7325,2.23083333333333,2.69111111111111,2.79527777777778,2.4375,2.9675,2.715,2.57805555555556,2.7675,2.71305555555556,2.76361111111111,2.74777777777778,3.41666666666667,2.48138888888889,4.68555555555556,3.03027777777778,4.54222222222222,2.65222222222222,0,0.886388888888889,2.60027777777778,1.60666666666667,2.9975,4.23333333333333,2.71305555555556,1.69305555555556,2.76,2.49138888888889,2.79222222222222,2.8875,2.72777777777778,2.74083333333333,2.65055555555556
"L540",2.83638888888889,5.91111111111111,2.16277777777778,2.645,2.91194444444444,2.77333333333333,2.68805555555556,2.615,2.64194444444444,2.64666666666667,3.93972222222222,2.91638888888889,4.09083333333333,2.71527777777778,0.743055555555556,2.4275,1.96333333333333,2.80027777777778,2.73388888888889,3.47416666666667,2.57111111111111,1.53444444444444,2.46611111111111,2.55777777777778,2.66555555555556,2.4725,2.59555555555556,2.60888888888889,2.53527777777778,2.48361111111111,2.55944444444444,2.31416666666667,2.82555555555556,2.73305555555556,2.45166666666667,3.98,2.44944444444444,2.59944444444444,2.21805555555556,2.47833333333333,2.52861111111111,2.66555555555556,2.4725,2.60833333333333,2.59333333333333,2.59888888888889,3.16833333333333,2.88444444444444,2.75833333333333,2.56722222222222,2.63583333333333,3.27944444444444,2.97055555555556,0.313333333333333,2.69333333333333,2.50944444444444,2.78527777777778,2.50027777777778,2.5175,2.58333333333333,2.61972222222222,2.95722222222222,4.34722222222222,4.08888888888889,0.871111111111111,1.02611111111111,2.53611111111111,2.03416666666667,2.49472222222222,2.59888888888889,2.24111111111111,2.77083333333333,2.51833333333333,2.38166666666667,2.57111111111111,2.51666666666667,2.56694444444444,2.55138888888889,3.22,2.285,4.48888888888889,2.83361111111111,4.34555555555556,2.45555555555556,0.9075,0,2.40361111111111,1.41027777777778,2.80111111111111,4.03694444444444,2.51666666666667,0.836666666666667,2.56333333333333,2.29472222222222,2.59583333333333,2.69083333333333,2.53111111111111,2.54416666666667,2.45388888888889
"L583",1.20222222222222,4.27722222222222,0.630277777777778,1.01111111111111,1.27777777777778,1.13944444444444,1.05388888888889,0.981111111111111,1.00805555555556,1.01277777777778,2.30583333333333,1.2825,2.45694444444444,1.08111111111111,1.73222222222222,0.793611111111111,0.780555555555556,1.16638888888889,1.1,1.84027777777778,0.937222222222222,0.983888888888889,0.832222222222222,0.923888888888889,1.03166666666667,0.838611111111111,0.961666666666667,0.975,0.901388888888889,0.849722222222222,0.925555555555555,0.375833333333333,1.19138888888889,1.09916666666667,0.817777777777778,2.4,0.815277777777778,0.965555555555556,0.495277777777778,0.844166666666667,0.894722222222222,1.03166666666667,0.838611111111111,0.974444444444444,0.959166666666667,0.965,1.53444444444444,1.25055555555556,1.12444444444444,0.933055555555555,1.00194444444444,1.64555555555556,1.33666666666667,2.27694444444444,1.05916666666667,0.875555555555555,1.15138888888889,0.866388888888889,0.883611111111111,0.949444444444444,0.985833333333333,1.32333333333333,2.71305555555556,2.52055555555556,2.53194444444444,2.58527777777778,0.902222222222222,0.4825,0.860833333333333,0.965,0.485,1.13694444444444,0.884444444444445,0.163055555555556,0.936944444444444,0.882777777777778,0.933055555555555,0.917222222222222,1.58611111111111,0.414722222222222,2.855,1.66888888888889,2.71166666666667,0.821666666666667,2.65083333333333,2.42777777777778,0,1.12805555555556,1.25305555555556,2.40305555555556,0.8825,2.55083333333333,0.929444444444444,0.284166666666667,0.961944444444444,1.05694444444444,0.897222222222222,0.910277777777778,0.82
"L526",1.5475,4.62222222222222,0.9375,1.35638888888889,1.62305555555556,1.48472222222222,1.39916666666667,1.32611111111111,1.35305555555556,1.35777777777778,2.65083333333333,1.6275,2.80194444444444,1.42638888888889,0.753888888888889,1.13861111111111,0.674444444444444,1.51138888888889,1.445,2.18527777777778,1.28222222222222,0.245833333333333,1.17722222222222,1.26916666666667,1.37666666666667,1.18388888888889,1.30694444444444,1.32027777777778,1.24638888888889,1.19472222222222,1.27055555555556,1.02527777777778,1.53666666666667,1.44416666666667,1.16277777777778,2.69111111111111,1.16055555555556,1.31055555555556,0.929166666666667,1.18944444444444,1.23972222222222,1.37666666666667,1.18388888888889,1.31944444444444,1.30444444444444,1.31,1.87972222222222,1.59555555555556,1.46944444444444,1.27833333333333,1.34694444444444,1.99055555555556,1.68166666666667,1.29861111111111,1.40444444444444,1.22083333333333,1.49638888888889,1.21138888888889,1.22861111111111,1.29472222222222,1.33083333333333,1.66833333333333,3.05833333333333,2.8,1.55361111111111,1.60694444444444,1.24722222222222,0.745277777777778,1.20583333333333,1.31,0.952222222222222,1.48194444444444,1.22944444444444,1.09277777777778,1.28222222222222,1.22777777777778,1.27805555555556,1.2625,1.93138888888889,0.996111111111111,3.2,1.54472222222222,3.05666666666667,1.16666666666667,1.66944444444444,1.44944444444444,1.11472222222222,0,1.51222222222222,2.74805555555556,1.22777777777778,1.5725,1.27444444444444,1.00611111111111,1.30694444444444,1.40194444444444,1.24222222222222,1.25527777777778,1.165
5275,0.762222222222222,3.6725,1.54694444444444,0.489166666666667,1.04111111111111,0.709166666666667,0.853333333333333,0.541111111111111,0.807222222222222,0.888055555555555,1.70861111111111,0.8425,1.85972222222222,0.880555555555556,2.16527777777778,0.701666666666667,1.22861111111111,0.736111111111111,0.975277777777778,1.41,0.8125,1.41694444444444,0.746388888888889,0.832222222222222,0.696111111111111,0.746944444444444,0.836944444444444,0.889166666666667,0.815555555555556,0.725,0.800833333333333,0.951388888888889,0.990833333333333,0.974444444444444,0.477777777777778,1.67222222222222,0.731388888888889,0.840833333333333,0.855277777777778,0.755833333333333,0.808888888888889,0.696111111111111,0.746944444444444,0.849722222222222,0.834444444444444,0.764166666666667,1.10416666666667,0.820277777777778,0.923611111111111,0.48,0.801111111111111,1.21527777777778,0.906388888888889,2.71027777777778,0.858611111111111,0.800555555555555,0.711388888888889,0.780555555555556,0.660277777777778,0.623888888888889,0.555555555555556,0.893055555555556,2.11583333333333,1.86277777777778,2.965,3.01833333333333,0.4825,1.08944444444444,0.768888888888889,0.840277777777778,0.8825,1.01222222222222,0.798611111111111,1.11416666666667,0.812222222222222,0.796944444444444,0.808333333333333,0.7925,1.15583333333333,0.922222222222222,2.25027777777778,1.2175,2.11444444444444,0.733055555555556,3.08388888888889,2.86083333333333,1.23833333333333,1.56111111111111,0,1.80555555555556,0.796944444444444,2.98388888888889,0.373888888888889,0.989444444444444,0.837222222222222,0.856111111111111,0.811388888888889,0.709444444444444,0.731388888888889
"L509",1.40888888888889,2.79944444444444,2.83416666666667,1.65083333333333,2.22388888888889,1.89194444444444,2.12972222222222,1.64527777777778,2.08361111111111,2.18638888888889,0.134166666666667,1.58333333333333,0.752222222222222,2.15694444444444,3.4525,1.99638888888889,2.51583333333333,1.75027777777778,2.27638888888889,2.02277777777778,2.11083333333333,2.70444444444444,2.03527777777778,2.12694444444444,1.87888888888889,2.04166666666667,2.13527777777778,2.17805555555556,2.10416666666667,2.02333333333333,2.09916666666667,2.23861111111111,2.26722222222222,2.27277777777778,1.7725,1.75972222222222,2.01805555555556,2.13916666666667,2.1425,2.04722222222222,2.0975,1.87888888888889,2.04166666666667,2.14805555555556,2.13277777777778,2.04055555555556,1.99638888888889,1.71638888888889,2.2,1.78666666666667,2.0775,2.10722222222222,1.82666666666667,3.9975,2.135,2.06694444444444,1.48166666666667,2.06916666666667,1.95861111111111,1.7775,1.71083333333333,2.06916666666667,0.804166666666667,1.89888888888889,4.2525,4.30583333333333,1.63722222222222,2.37666666666667,2.06361111111111,2.13861111111111,2.16972222222222,2.31333333333333,2.08722222222222,2.40138888888889,2.11055555555556,2.08555555555556,2.10666666666667,2.09083333333333,1.76861111111111,2.20944444444444,1.87972222222222,2.51361111111111,0.802777777777778,2.02444444444444,4.37111111111111,4.14833333333333,2.52555555555556,2.84833333333333,1.86555555555556,0,2.08555555555556,4.27138888888889,1.81027777777778,2.27666666666667,2.13555555555556,2.1325,2.1,1.98583333333333,2.02277777777778
1175,0.896388888888889,3.97111111111111,1.32027777777778,0.705277777777778,0.875277777777778,0.833333333333333,0.748055555555556,0.675,0.701944444444445,0.373888888888889,1.99972222222222,0.976388888888889,2.15083333333333,0.775277777777778,1.93833333333333,0.347222222222222,1.00166666666667,0.860277777777778,0.518055555555556,1.53416666666667,0.366111111111111,1.19027777777778,0.266388888888889,0.495833333333333,0.725555555555555,0.415555555555556,0.266388888888889,0.165555555555555,0.254444444444444,0.319166666666667,0.2025,0.724444444444444,0.614722222222222,0.517222222222222,0.511666666666667,2.09388888888889,0.383888888888889,0.156388888888889,0.628333333333333,0.362222222222222,0.098888888888889,0.725555555555555,0.415555555555556,0.115833333333333,0.296666666666667,0.560555555555556,1.22833333333333,0.944444444444444,0.650833333333333,0.627222222222222,0.695833333333333,1.33944444444444,1.03055555555556,2.48333333333333,0.693055555555556,0.4475,0.845277777777778,0.161666666666667,0.5775,0.643333333333333,0.679722222222222,1.01722222222222,2.40722222222222,2.21444444444444,2.73833333333333,2.79166666666667,0.596111111111111,0.8625,0.4325,0.269444444444444,0.655555555555556,0.555,0.18,0.887222222222222,0.264444444444444,0.119166666666667,0.308055555555556,0.196944444444444,1.28,0.695277777777778,2.54888888888889,1.56916666666667,2.40555555555556,0.334444444444444,2.85694444444444,2.63416666666667,1.01138888888889,1.33416666666667,0.947222222222222,2.09694444444444,0,2.75722222222222,0.623333333333333,0.7625,0.266388888888889,0.654444444444444,0.211388888888889,0.611388888888889,0.343055555555555
"L090",3.00111111111111,6.07583333333333,2.39111111111111,2.81,3.07666666666667,2.93833333333333,2.85277777777778,2.78,2.80694444444444,2.81138888888889,4.10472222222222,3.08138888888889,4.25583333333333,2.88,0.871388888888889,2.59222222222222,2.12805555555556,2.965,2.89861111111111,3.63916666666667,2.73611111111111,1.69944444444444,2.63111111111111,2.72277777777778,2.83055555555556,2.6375,2.76055555555556,2.77388888888889,2.70027777777778,2.64833333333333,2.72416666666667,2.47888888888889,2.99027777777778,2.89805555555556,2.61666666666667,4.145,2.61416666666667,2.76416666666667,2.38305555555556,2.64305555555556,2.69361111111111,2.83055555555556,2.6375,2.77333333333333,2.75805555555556,2.76388888888889,3.33333333333333,3.04944444444444,2.92333333333333,2.73194444444444,2.80055555555556,3.44416666666667,3.13527777777778,0.596666666666667,2.85805555555556,2.67444444444444,2.95027777777778,2.665,2.6825,2.74833333333333,2.78472222222222,3.12222222222222,4.51194444444444,4.25388888888889,0.069722222222222,0.184166666666667,2.70083333333333,2.19916666666667,2.65944444444444,2.76361111111111,2.40583333333333,2.93583333333333,2.68333333333333,2.54638888888889,2.73583333333333,2.68138888888889,2.73194444444444,2.71611111111111,3.385,2.44972222222222,4.65388888888889,2.99861111111111,4.51055555555556,2.62055555555556,1.73305555555556,0.856666666666667,2.56861111111111,1.575,2.96583333333333,4.20166666666667,2.68138888888889,0,2.72805555555556,2.45972222222222,2.76055555555556,2.85583333333333,2.69611111111111,2.70916666666667,2.61888888888889
"L777",0.528333333333333,3.61305555555556,1.31333333333333,0.337222222222222,0.807222222222222,0.475555555555555,0.619444444444444,0.307222222222222,0.573611111111111,0.654166666666667,1.63194444444444,0.608611111111111,1.78305555555556,0.646666666666667,1.93138888888889,0.468055555555555,0.994722222222222,0.502222222222222,0.741388888888889,1.17611111111111,0.578611111111111,1.18333333333333,0.512777777777778,0.598333333333333,0.462222222222222,0.513055555555556,0.603333333333333,0.655555555555556,0.581666666666667,0.491111111111111,0.566944444444444,0.7175,0.756944444444444,0.740555555555556,0.244166666666667,1.72611111111111,0.497777777777778,0.606944444444444,0.621666666666667,0.521944444444444,0.575,0.462222222222222,0.513055555555556,0.615833333333333,0.600833333333333,0.530555555555556,0.870555555555555,0.586388888888889,0.69,0.263888888888889,0.567222222222222,0.981388888888889,0.6725,2.47638888888889,0.624722222222222,0.566666666666667,0.4775,0.546666666666667,0.426388888888889,0.39,0.321666666666667,0.659166666666667,2.03916666666667,1.79666666666667,2.73138888888889,2.78472222222222,0.248611111111111,0.855555555555556,0.535277777777778,0.606388888888889,0.648611111111111,0.778333333333333,0.565,0.880277777777778,0.578611111111111,0.563055555555555,0.574444444444444,0.558888888888889,0.922222222222222,0.688333333333333,2.19083333333333,1.15138888888889,2.03777777777778,0.499444444444444,2.85,2.62722222222222,1.00444444444444,1.3275,0.529444444444444,1.72916666666667,0.563055555555555,2.75027777777778,0,0.755555555555556,0.603333333333333,0.6225,0.577777777777778,0.475833333333333,0.497777777777778
"L560",0.988333333333333,4.06305555555556,0.731666666666667,0.796944444444444,1.06388888888889,0.925277777777778,0.84,0.766944444444444,0.793888888888889,0.798611111111111,2.09166666666667,1.06833333333333,2.24277777777778,0.867222222222222,1.61722222222222,0.579444444444444,0.665833333333333,0.952222222222222,0.885833333333333,1.62611111111111,0.723055555555556,0.869166666666666,0.618055555555556,0.709722222222222,0.8175,0.624444444444444,0.7475,0.761111111111111,0.687222222222222,0.635555555555556,0.711388888888889,0.161666666666667,0.9775,0.885,0.603611111111111,2.18583333333333,0.601388888888889,0.751388888888889,0.281111111111111,0.630277777777778,0.680555555555556,0.8175,0.624444444444444,0.760277777777778,0.745277777777778,0.750833333333333,1.32027777777778,1.03638888888889,0.910277777777778,0.719166666666667,0.787777777777778,1.43138888888889,1.1225,2.16222222222222,0.845277777777778,0.661388888888889,0.937222222222222,0.652222222222222,0.669444444444444,0.735277777777778,0.771666666666667,1.10916666666667,2.49916666666667,2.30638888888889,2.41722222222222,2.47055555555556,0.688055555555555,0.3675,0.646666666666667,0.750833333333333,0.271111111111111,0.922777777777778,0.670277777777778,0.124722222222222,0.723055555555556,0.668611111111111,0.718888888888889,0.703333333333333,1.37194444444444,0.200833333333333,2.64083333333333,1.55416666666667,2.4975,0.6075,2.53583333333333,2.31305555555556,0.248888888888889,1.01333333333333,1.03916666666667,2.18888888888889,0.668611111111111,2.43611111111111,0.715277777777778,0,0.747777777777778,0.842777777777778,0.683055555555556,0.696111111111111,0.605833333333333
"L900",0.885555555555555,3.98138888888889,1.32472222222222,0.694166666666667,0.763333333333333,0.843888888888889,0.644722222222222,0.664166666666667,0.668055555555555,0.214444444444444,1.98888888888889,0.965555555555556,2.14,0.712222222222222,1.94277777777778,0.358611111111111,1.00611111111111,0.870555555555555,0.406111111111111,1.45527777777778,0.254166666666667,1.19472222222222,0.418333333333333,0.508055555555556,0.714722222222222,0.431388888888889,0.053888888888889,0.3175,0.406388888888889,0.263888888888889,0.061944444444444,0.729166666666667,0.502777777777778,0.405277777777778,0.513888888888889,2.08305555555556,0.502222222222222,0.1825,0.633055555555556,0.4425,0.250833333333333,0.714722222222222,0.431388888888889,0.149444444444444,0.118611111111111,0.572777777777778,1.23888888888889,0.955,0.538888888888889,0.616388888888889,0.685,1.32305555555556,1.04083333333333,2.48777777777778,0.581111111111111,0.459722222222222,0.834444444444444,0.313611111111111,0.566666666666667,0.6325,0.690277777777778,1.02777777777778,2.39638888888889,2.20361111111111,2.74277777777778,2.79611111111111,0.617222222222222,0.867222222222222,0.444722222222222,0.003055555555556,0.660277777777778,0.443055555555555,0.323055555555555,0.891666666666667,0.086388888888889,0.271111111111111,0.153333333333333,0.06,1.29055555555556,0.7,2.55944444444444,1.55833333333333,2.39472222222222,0.42,2.86138888888889,2.63861111111111,1.01583333333333,1.33888888888889,0.936388888888889,2.08611111111111,0.268055555555555,2.76166666666667,0.6125,0.766944444444444,0,0.5425,0.363333333333333,0.593333333333333,0.418333333333333
"L005",0.838611111111111,3.61472222222222,1.36083333333333,0.668888888888889,0.331944444444444,0.405555555555555,0.104444444444444,0.592222222222222,0.128888888888889,0.456666666666667,1.94222222222222,0.908611111111111,2.09333333333333,0.172777777777778,1.97916666666667,0.523055555555556,1.0425,0.592777777777778,0.254722222222222,1.02416666666667,0.488333333333333,1.23111111111111,0.561944444444444,0.584722222222222,0.430277777777778,0.568333333333333,0.571666666666667,0.704722222222222,0.630833333333333,0.553333333333333,0.605555555555555,0.765277777777778,0.245555555555555,0.259166666666667,0.441111111111111,2.03611111111111,0.544444444444444,0.658611111111111,0.669166666666667,0.573888888888889,0.624166666666667,0.430277777777778,0.568333333333333,0.648333333333333,0.524722222222222,0.342222222222222,0.871944444444444,0.676944444444444,0.178333333333333,0.590833333333333,0.1925,0.891944444444444,0.674166666666667,2.52416666666667,0.058055555555556,0.473333333333333,0.787777777777778,0.595833333333333,0.541388888888889,0.438611111111111,0.52,0.660833333333333,2.34944444444444,2.17027777777778,2.77916666666667,2.8325,0.525277777777778,0.903333333333333,0.563055555555555,0.574722222222222,0.696388888888889,0.291666666666667,0.613888888888889,0.928055555555556,0.546944444444444,0.612222222222222,0.484166666666667,0.597222222222222,0.936666666666667,0.736111111111111,2.1925,1.525,2.34805555555556,0.551111111111111,2.89777777777778,2.675,1.05222222222222,1.375,0.903055555555556,2.03944444444444,0.612222222222222,2.79805555555556,0.579166666666667,0.803333333333333,0.571666666666667,0,0.626666666666667,0.325277777777778,0.549444444444444
"L536",0.806388888888889,3.86611111111111,1.2175,0.615,0.881944444444444,0.728333333333333,0.658055555555556,0.585,0.611944444444444,0.430833333333333,1.90972222222222,0.886388888888889,2.06083333333333,0.685277777777778,1.83583333333333,0.257222222222222,0.898888888888889,0.755277777777778,0.540277777777778,1.42916666666667,0.355277777777778,1.0875,0.21,0.405555555555555,0.635555555555556,0.325555555555555,0.339722222222222,0.180555555555555,0.120833333333333,0.267777777777778,0.275833333333333,0.621944444444444,0.636944444444444,0.539444444444444,0.406666666666667,2.00388888888889,0.303333333333333,0.208888888888889,0.525833333333333,0.2775,0.100277777777778,0.635555555555556,0.325555555555555,0.189166666666667,0.355277777777778,0.470555555555556,1.12333333333333,0.839444444444444,0.673055555555556,0.537222222222222,0.605833333333333,1.23444444444444,0.925555555555555,2.38055555555556,0.663333333333333,0.357222222222222,0.755277777777778,0.067222222222222,0.4875,0.553333333333333,0.574722222222222,0.912222222222222,2.31722222222222,2.12444444444444,2.63555555555556,2.68888888888889,0.491111111111111,0.76,0.3425,0.342777777777778,0.553055555555556,0.577222222222222,0.1025,0.784722222222222,0.338055555555555,0.083611111111111,0.373333333333333,0.282222222222222,1.175,0.592777777777778,2.44388888888889,1.47916666666667,2.31555555555556,0.249722222222222,2.75444444444444,2.53138888888889,0.908611111111111,1.23166666666667,0.857222222222222,2.00694444444444,0.088055555555556,2.65444444444444,0.533333333333333,0.659722222222222,0.339722222222222,0.660833333333333,0,0.521388888888889,0.253055555555555
9139,0.693888888888889,3.77138888888889,1.21611111111111,0.524166666666667,0.590833333333333,0.581666666666667,0.366944444444444,0.454166666666667,0.321111111111111,0.571666666666667,1.7975,0.774166666666667,1.94861111111111,0.394166666666667,1.83444444444444,0.402222222222222,0.897777777777778,0.639444444444445,0.513888888888889,1.28305555555556,0.496111111111111,1.08638888888889,0.417222222222222,0.446388888888889,0.283055555555555,0.440833333333333,0.520555555555555,0.56,0.486111111111111,0.408611111111111,0.484444444444444,0.620555555555556,0.504444444444444,0.518055555555556,0.296388888888889,1.89166666666667,0.4,0.524444444444444,0.524444444444444,0.429166666666667,0.479444444444444,0.283055555555555,0.440833333333333,0.533333333333333,0.518055555555556,0.230555555555555,1.02888888888889,0.723888888888889,0.4375,0.446388888888889,0.314722222222222,1.13972222222222,0.830833333333333,2.37944444444444,0.372222222222222,0.335,0.643055555555556,0.451111111111111,0.396666666666667,0.300555555555556,0.381944444444444,0.8175,2.20472222222222,2.02555555555556,2.63444444444444,2.68777777777778,0.380555555555555,0.758611111111111,0.424722222222222,0.523888888888889,0.551666666666667,0.550833333333333,0.469166666666667,0.783333333333333,0.495833333333333,0.4675,0.491944444444444,0.476111111111111,1.08055555555556,0.591388888888889,2.34944444444444,1.38027777777778,2.20333333333333,0.406388888888889,2.75305555555556,2.53027777777778,0.9075,1.23027777777778,0.758333333333333,1.89472222222222,0.4675,2.65333333333333,0.434444444444444,0.658611111111111,0.520833333333333,0.37,0.481944444444444,0,0.404722222222222
9246,0.830277777777778,3.88305555555556,1.23444444444444,0.639166666666667,0.881666666666667,0.745555555555556,0.657777777777778,0.609166666666667,0.611666666666667,0.515277777777778,1.93361111111111,0.910555555555555,2.085,0.685,1.85277777777778,0.276111111111111,0.916111111111111,0.772222222222222,0.6025,1.44638888888889,0.439722222222222,1.10472222222222,0.059444444444444,0.424722222222222,0.635277777777778,0.343333333333333,0.464444444444444,0.309722222222222,0.2275,0.352222222222222,0.405,0.638888888888889,0.699166666666667,0.601666666666667,0.423888888888889,2.02777777777778,0.176944444444444,0.338055555555555,0.542777777777778,0.178611111111111,0.229444444444444,0.635277777777778,0.343333333333333,0.318333333333333,0.461944444444444,0.489444444444444,1.14055555555556,0.856666666666667,0.728055555555556,0.561111111111111,0.605555555555555,1.25138888888889,0.9425,2.39777777777778,0.663055555555555,0.376388888888889,0.779444444444444,0.285,0.511666666666667,0.553055555555556,0.591944444444444,0.929444444444444,2.34111111111111,2.14833333333333,2.65277777777778,2.70611111111111,0.508055555555556,0.776944444444444,0.361388888888889,0.4675,0.57,0.639444444444445,0.267222222222222,0.801666666666667,0.439722222222222,0.218333333333333,0.435555555555555,0.411388888888889,1.19222222222222,0.609722222222222,2.46111111111111,1.50305555555556,2.33972222222222,0.150833333333333,2.77138888888889,2.54861111111111,0.925833333333333,1.24861111111111,0.881111111111111,2.03083333333333,0.217222222222222,2.67166666666667,0.557222222222222,0.676944444444444,0.464444444444444,0.660555555555556,0.263611111111111,0.540277777777778,0
