,"0_CDRJ","L019","L058","L659","L380","L571",5249,"L610","L100",1251,"L464","L135","L722",5348,5025,"L057","L701","L445","L096","L188","L613","L597","L022","L650","L012","L724",1197,"L011","L553","L502",5434,"L628","L007",9140,9112,1128,"L419","L278","L258","L537",1463,"L145","L124","L865","L519","L501","L776","L554","L596",1397,"L979",5094,"L544","L684","L913","L710",5234,"L587","L772","L607","L657","L788","L866","L990",9132,9336,9128,9109,9145,9339,"L424","L897","L532",1481,"L573","L656","L782","L308","L081","L938","L749","L515",5164,"L545","L592","L617","L971",9157,9105,"L879"
"0_CDRJ",0,1.09444444444444,1.15305555555556,4.18166666666667,0.386944444444444,1.11527777777778,1.48555555555556,3.01805555555556,1.01222222222222,1.13777777777778,1.67861111111111,2.96555555555556,5.07666666666667,4.35972222222222,0.852777777777778,0.738611111111111,0.683888888888889,0.823055555555555,1.09194444444444,0.907222222222222,0.85,0.521388888888889,0.857777777777778,0.848888888888889,0.385,0.475,0.683888888888889,0.846666666666667,0.937777777777778,0.521388888888889,2.67722222222222,1.85194444444444,2.8025,0.94,0.920277777777778,0.874166666666667,0.85,0.397222222222222,0.666388888888889,1.73416666666667,0.943055555555556,4.1975,0.931944444444444,1.03,4.25444444444444,4.19944444444444,0.936111111111111,0.868611111111111,0.915555555555556,0.845833333333333,0.783055555555556,1.57444444444444,1.41416666666667,1.10888888888889,0.986944444444444,0.902777777777778,2.83472222222222,1.45611111111111,0.784166666666667,1.13611111111111,1.35527777777778,0.698888888888889,0.761388888888889,2.46222222222222,0.866388888888889,0.6425,0.811388888888889,0.829444444444444,0.868333333333333,1.09833333333333,4.92777777777778,1.58166666666667,4.24527777777778,0.753055555555556,2.76888888888889,1.07861111111111,1.2025,0.875,1.23305555555556,0.820833333333333,0.861111111111111,0.830555555555556,0.966388888888889,1.32916666666667,0.872222222222222,1.32194444444444,1.71444444444444,0.889722222222222,1.08194444444444,1.66888888888889
"L019",0.913888888888889,0,1.79111111111111,3.79722222222222,0.741944444444444,1.27916666666667,0.87,2.63361111111111,1.06055555555556,1.39333333333333,0.988888888888889,2.58111111111111,4.69222222222222,3.97527777777778,0.908055555555556,0.793888888888889,0.847777777777778,0.881111111111111,1.25583333333333,0.955555555555556,0.908055555555556,0.971944444444444,0.913055555555556,0.903888888888889,0.745,0.796111111111111,0.847777777777778,0.898611111111111,0.986111111111111,0.971944444444444,2.2925,2.43416666666667,2.41805555555556,1.01027777777778,0.979444444444444,0.932222222222222,0.908055555555556,0.624722222222222,0.830555555555556,1.04444444444444,1.0025,3.81305555555556,0.983888888888889,1.19388888888889,3.87,3.815,0.995555555555555,0.920555555555556,0.963888888888889,0.897777777777778,0.851666666666667,1.21305555555556,0.857777777777778,1.105,1.15083333333333,0.973055555555555,2.45027777777778,0.730833333333333,0.948055555555555,1.06277777777778,1.28611111111111,0.747222222222222,0.925277777777778,2.07777777777778,1.03055555555556,0.7275,0.863333333333333,0.884722222222222,0.923611111111111,1.11055555555556,4.54333333333333,2.21944444444444,3.86083333333333,0.805277777777778,2.38444444444444,1.13805555555556,1.36666666666667,0.930277777777778,0.543333333333333,0.878888888888889,0.909444444444444,0.878888888888889,1.01472222222222,1.38277777777778,0.924166666666667,0.819166666666667,1.025,1.05361111111111,1.15222222222222,2.30666666666667
"L058",1.38888888888889,2.02666666666667,0,5.35638888888889,1.56166666666667,2.29,2.42833333333333,4.19277777777778,2.18694444444444,1.92194444444444,2.61083333333333,4.14055555555556,6.25138888888889,5.53444444444444,2.0275,1.91333333333333,1.85861111111111,1.99777777777778,1.97611111111111,2.08194444444444,2.02472222222222,1.69638888888889,2.03277777777778,2.02361111111111,1.56,1.64972222222222,1.85861111111111,2.02138888888889,2.11277777777778,1.69638888888889,3.85194444444445,1.91611111111111,3.97722222222222,2.11472222222222,2.095,2.04916666666667,2.02472222222222,1.57222222222222,1.84138888888889,2.66638888888889,2.11805555555556,5.37222222222222,2.10666666666667,1.93027777777778,5.42944444444444,5.37444444444444,2.11111111111111,2.04361111111111,2.09055555555556,2.02055555555556,1.95805555555556,2.51722222222222,2.35694444444444,2.28388888888889,2.16166666666667,2.0775,4.00944444444444,2.39888888888889,1.95916666666667,2.31083333333333,2.53,1.87388888888889,1.94583333333333,3.63694444444444,2.04138888888889,1.8175,1.98611111111111,2.00444444444444,2.04305555555556,2.27333333333333,6.10277777777778,0.570277777777778,5.42,1.92805555555556,3.94361111111111,2.25361111111111,2.3775,2.04972222222222,2.16527777777778,1.99555555555556,2.03583333333333,2.00527777777778,2.14138888888889,2.50416666666667,2.04722222222222,2.26472222222222,2.64666666666667,2.06444444444444,2.25694444444444,0.6575
"L659",4.10138888888889,3.78666666666667,5.22361111111111,0,3.92944444444444,4.27,4.65666666666667,2.90805555555556,3.9325,4.57111111111111,4.21611111111111,3.36861111111111,0.967777777777778,0.2475,3.74388888888889,3.62972222222222,3.93083333333333,3.71416666666667,4.43361111111111,3.8275,3.74111111111111,4.14972222222222,3.74916666666667,3.74,3.9325,3.98361111111111,3.93083333333333,3.73777777777778,3.85833333333333,4.14972222222222,3.08,5.87416666666667,2.03888888888889,3.95833333333333,3.48611111111111,3.76527777777778,3.74111111111111,3.81222222222222,3.96,4.27166666666667,3.47861111111111,0.044722222222222,3.82305555555555,4.37166666666667,0.140833333333333,0.141666666666667,3.47194444444444,3.75972222222222,3.83611111111111,3.73694444444444,3.69083333333333,4.72222222222222,4.56166666666667,3.39277777777778,4.14388888888889,3.92111111111111,3.17944444444444,4.51777777777778,4.12583333333333,3.35055555555556,3.58555555555556,3.67666666666667,4.10305555555556,2.865,4.03833333333333,3.72388888888889,3.7025,3.72083333333333,3.75944444444444,3.41027777777778,0.855833333333333,5.65194444444444,0.131388888888889,3.64444444444444,2.345,3.61416666666667,4.37444444444444,3.76611111111111,3.77055555555556,3.71194444444444,3.78138888888889,3.75083333333333,3.88694444444444,3.6825,3.76361111111111,4.46944444444444,3.32083333333333,4.03583333333333,4.04833333333333,5.73916666666667
"L380",0.365277777777778,0.954166666666667,1.48722222222222,4.05222222222222,0,0.978888888888889,1.34527777777778,2.88861111111111,0.871944444444444,1.09333333333333,1.53833333333333,2.83638888888889,4.94722222222222,4.23027777777778,0.719444444444444,0.605277777777778,0.5475,0.692222222222222,0.955833333333333,0.766944444444444,0.719166666666667,0.416111111111111,0.724444444444444,0.715277777777778,0.145,0.3,0.5475,0.71,0.7975,0.416111111111111,2.54777777777778,2.18583333333333,2.67305555555556,0.821666666666667,0.790833333333333,0.743611111111111,0.719166666666667,0.232222222222222,0.530277777777778,1.59388888888889,0.813888888888889,4.06805555555556,0.795277777777778,0.893611111111111,4.12527777777778,4.07027777777778,0.806944444444444,0.731944444444444,0.775277777777778,0.709166666666667,0.663055555555555,1.43416666666667,1.27361111111111,0.979722222222222,0.850555555555555,0.784444444444445,2.70555555555556,1.31583333333333,0.648055555555556,1.00666666666667,1.22583333333333,0.558611111111111,0.625,2.33277777777778,0.730277777777778,0.506388888888889,0.674722222222222,0.696111111111111,0.735,0.969166666666667,4.79861111111111,1.91555555555556,4.11583333333333,0.616388888888889,2.63972222222222,0.949444444444444,1.06638888888889,0.741388888888889,1.09277777777778,0.690277777777778,0.720833333333333,0.690277777777778,0.826111111111111,1.2,0.735555555555556,1.18138888888889,1.57416666666667,0.753333333333333,0.963611111111111,2.00277777777778
"L571",1.09861111111111,1.40361111111111,2.23888888888889,4.28277777777778,0.921944444444444,0,1.79472222222222,3.11916666666667,0.571111111111111,0.616666666666667,1.98777777777778,3.06666666666667,5.17777777777778,4.46083333333333,0.953888888888889,0.839722222222222,0.792777777777778,0.924166666666667,0.668611111111111,0.717777777777778,0.951111111111111,0.838055555555555,0.958888888888889,0.95,0.925,0.951666666666667,0.792777777777778,0.947777777777778,0.763055555555556,0.838055555555555,2.77833333333333,2.34333333333333,2.90361111111111,0.440833333333333,1.02138888888889,0.975277777777778,0.951111111111111,0.823611111111111,0.822222222222222,2.04333333333333,1.04416666666667,4.29861111111111,0.964166666666667,0.760833333333333,4.35555555555556,4.30055555555556,1.0375,0.9425,0.726388888888889,0.946944444444444,0.885,1.88361111111111,1.72333333333333,1.21027777777778,0.154722222222222,0.582222222222222,2.93583333333333,1.76527777777778,0.655555555555556,1.23722222222222,1.45638888888889,0.803333333333333,0.702222222222222,2.56333333333333,0.3275,0.745555555555556,0.856388888888889,0.930555555555556,0.969444444444444,1.19944444444444,5.02916666666667,2.66722222222222,4.34638888888889,0.854444444444444,2.87,1.17972222222222,0.278333333333333,0.976111111111111,1.54222222222222,0.921944444444444,0.757222222222222,0.83,0.704722222222222,1.43027777777778,0.963055555555555,1.63111111111111,1.92527777777778,0.692222222222222,0.480555555555555,2.75444444444444
5249,1.30611111111111,0.860277777777778,2.20583333333333,4.59638888888889,1.13416666666667,1.67138888888889,0,3.43277777777778,1.45277777777778,1.78555555555556,1.49083333333333,3.38055555555556,5.49138888888889,4.77472222222222,1.30027777777778,1.18611111111111,1.24,1.27305555555556,1.64805555555556,1.34777777777778,1.3,1.36416666666667,1.30527777777778,1.29611111111111,1.13722222222222,1.18833333333333,1.24,1.29083333333333,1.37833333333333,1.36416666666667,3.09194444444444,2.84916666666667,3.2175,1.4025,1.37166666666667,1.32444444444444,1.3,1.01666666666667,1.22277777777778,1.48277777777778,1.39472222222222,4.6125,1.37611111111111,1.58611111111111,4.66944444444444,4.61444444444444,1.38777777777778,1.31277777777778,1.35611111111111,1.29,1.24388888888889,0.575833333333333,0.104166666666667,1.56055555555556,1.54305555555556,1.36527777777778,3.24972222222222,0.129444444444444,1.34027777777778,1.58777777777778,1.80666666666667,1.13944444444444,1.3175,2.87722222222222,1.42277777777778,1.11972222222222,1.25555555555556,1.27694444444444,1.31583333333333,1.55,5.34277777777778,2.63416666666667,4.66,1.1975,3.18388888888889,1.53027777777778,1.75888888888889,1.3225,1.34277777777778,1.27111111111111,1.30166666666667,1.27111111111111,1.40694444444444,1.78083333333333,1.31638888888889,0.212222222222222,1.82444444444444,1.44583333333333,1.54444444444444,2.72138888888889
"L610",2.90527777777778,2.59055555555556,4.02722222222222,2.90166666666667,2.73333333333333,3.07361111111111,3.46027777777778,0,2.73638888888889,3.37472222222222,3.01972222222222,0.939444444444444,3.79666666666667,3.07972222222222,2.54777777777778,2.43361111111111,2.73444444444444,2.51805555555556,3.23722222222222,2.63138888888889,2.545,2.95333333333333,2.55277777777778,2.54361111111111,2.73611111111111,2.78722222222222,2.73444444444444,2.54138888888889,2.66194444444444,2.95333333333333,0.586666666666667,4.67777777777778,1.04194444444444,2.76222222222222,2.29,2.56916666666667,2.545,2.61583333333333,2.76388888888889,3.07527777777778,2.2825,2.9175,2.62666666666667,3.17527777777778,2.97444444444444,2.91944444444444,2.27555555555556,2.56361111111111,2.63972222222222,2.54055555555556,2.49472222222222,3.52583333333333,3.36527777777778,2.19666666666667,2.94777777777778,2.725,0.659444444444445,3.32138888888889,2.92972222222222,2.15444444444444,2.38944444444444,2.48027777777778,2.90666666666667,0.770277777777778,2.84222222222222,2.5275,2.50611111111111,2.52444444444444,2.56333333333333,2.21416666666667,3.64777777777778,4.45555555555556,2.965,2.44805555555556,0.564166666666667,2.41805555555556,3.17833333333333,2.57,2.57444444444444,2.51583333333333,2.58527777777778,2.55472222222222,2.69055555555556,2.48611111111111,2.56722222222222,3.27305555555556,2.12472222222222,2.83972222222222,2.85222222222222,4.54277777777778
"L100",0.908611111111111,1.115,2.03083333333333,3.89027777777778,0.736666666666667,0.639722222222222,1.50583333333333,2.72666666666667,0,1.11722222222222,1.69888888888889,2.67416666666667,4.78527777777778,4.06833333333333,0.466388888888889,0.33,0.738055555555556,0.500833333333333,1.16916666666667,0.153888888888889,0.481666666666667,0.978055555555556,0.471666666666667,0.4625,0.739722222222222,0.790833333333333,0.738055555555556,0.454444444444444,0.199166666666667,0.978055555555556,2.38583333333333,2.62194444444444,2.51111111111111,0.350277777777778,0.628888888888889,0.4525,0.481666666666667,0.619444444444444,0.7675,1.75444444444444,0.651666666666667,3.90611111111111,0.531388888888889,1.11944444444444,3.96305555555556,3.90805555555556,0.645,0.468055555555555,0.1625,0.453611111111111,0.399166666666667,1.595,1.43444444444444,0.817777777777778,0.499444444444444,0.511111111111111,2.54333333333333,1.47638888888889,0.804166666666667,0.844722222222222,1.06388888888889,0.381388888888889,0.850833333333333,2.17083333333333,0.499166666666667,0.531111111111111,0.2925,0.443333333333333,0.466111111111111,0.807222222222222,4.63666666666667,2.45916666666667,3.95388888888889,0.363611111111111,2.4775,0.787222222222222,0.777777777777778,0.488611111111111,1.25333333333333,0.495277777777778,0.193055555555555,0.266111111111111,0.140833333333333,1.03777777777778,0.471666666666667,1.34222222222222,1.53277777777778,0.635833333333333,0.224722222222222,2.54638888888889
1251,1.14333333333333,1.44861111111111,1.79,4.51833333333333,0.966944444444444,0.6475,1.83944444444444,3.35472222222222,1.10611111111111,0,2.0325,3.3025,5.41333333333333,4.69666666666667,1.18972222222222,1.07555555555556,0.909444444444444,1.16,0.317222222222222,1.25277777777778,1.18694444444444,0.882777777777778,1.19472222222222,1.18555555555556,0.97,0.996666666666667,0.909444444444444,1.18333333333333,1.29805555555556,0.882777777777778,3.01388888888889,1.89444444444444,3.13944444444444,0.98,1.25694444444444,1.21111111111111,1.18694444444444,0.868611111111111,0.879444444444444,2.08805555555556,1.28,4.53444444444444,1.26861111111111,0.389444444444444,4.59138888888889,4.53638888888889,1.27305555555556,1.20555555555556,1.28166666666667,1.18277777777778,1.12,1.92861111111111,1.76805555555556,1.44583333333333,0.689722222222222,1.10916666666667,3.17166666666667,1.81,0.703055555555555,1.47305555555556,1.69194444444444,1.06,0.589444444444444,2.79916666666667,0.838333333333333,0.979444444444444,1.14805555555556,1.16638888888889,1.20527777777778,1.43527777777778,5.26472222222222,2.21833333333333,4.58194444444445,1.09,3.10583333333333,1.41555555555556,0.756388888888889,1.21194444444444,1.58694444444444,1.15777777777778,1.22722222222222,1.19666666666667,1.23972222222222,1.66611111111111,1.20916666666667,1.67583333333333,2.06861111111111,0.956388888888889,1.01555555555556,2.30555555555556
"L464",1.62888888888889,0.992777777777778,2.50611111111111,4.27055555555556,1.45694444444444,1.99416666666667,1.56444444444444,3.10666666666667,1.77555555555556,2.10833333333333,0,3.05444444444444,5.00722222222222,4.54944444444444,1.62305555555556,1.50888888888889,1.56277777777778,1.59611111111111,1.97083333333333,1.67055555555556,1.62305555555556,1.68694444444444,1.62805555555556,1.61888888888889,1.46,1.51111111111111,1.56277777777778,1.61361111111111,1.70111111111111,1.68694444444444,2.76583333333333,3.14916666666667,2.89138888888889,1.72527777777778,1.67166666666667,1.64722222222222,1.62305555555556,1.33972222222222,1.54555555555556,0.096111111111111,1.66416666666667,4.28638888888889,1.69888888888889,1.90888888888889,4.34333333333333,4.28833333333333,1.6575,1.63555555555556,1.67888888888889,1.61277777777778,1.56666666666667,0.935555555555556,1.565,1.57833333333333,1.86583333333333,1.68805555555556,2.92361111111111,1.62694444444444,1.66305555555556,1.53611111111111,1.75916666666667,1.46222222222222,1.64027777777778,2.55111111111111,1.74555555555556,1.4425,1.57833333333333,1.59972222222222,1.63861111111111,1.58388888888889,5.01666666666667,2.93444444444444,4.33388888888889,1.52027777777778,2.85777777777778,1.79972222222222,2.08166666666667,1.64527777777778,0.600555555555555,1.59388888888889,1.62444444444444,1.59388888888889,1.72972222222222,1.85611111111111,1.63916666666667,1.56944444444444,1.12083333333333,1.76861111111111,1.86722222222222,3.02166666666667
"L135",2.88638888888889,2.57166666666667,4.00833333333333,3.35722222222222,2.71444444444444,3.055,3.44166666666667,0.937777777777778,2.7175,3.35611111111111,3.00111111111111,0,4.2525,3.53555555555556,2.52888888888889,2.41472222222222,2.71583333333333,2.49916666666667,3.21861111111111,2.6125,2.52611111111111,2.93444444444444,2.53388888888889,2.525,2.7175,2.76861111111111,2.71583333333333,2.52277777777778,2.64333333333333,2.93444444444444,0.511111111111111,4.65916666666667,1.49777777777778,2.74333333333333,2.27111111111111,2.55027777777778,2.52611111111111,2.59722222222222,2.745,3.05666666666667,2.26361111111111,3.37333333333333,2.60805555555556,3.15666666666667,3.43027777777778,3.37527777777778,2.25666666666667,2.54472222222222,2.62111111111111,2.52194444444444,2.47583333333333,3.50694444444444,3.34666666666667,2.17777777777778,2.92888888888889,2.70611111111111,0.463888888888889,3.30277777777778,2.91083333333333,2.13555555555556,2.45916666666667,2.46166666666667,2.88805555555556,0.661944444444444,2.82333333333333,2.50888888888889,2.4875,2.50583333333333,2.54444444444444,2.19527777777778,4.10361111111111,4.43694444444444,3.42083333333333,2.42944444444444,1.02,2.39916666666667,3.15944444444444,2.55111111111111,2.55555555555556,2.49694444444444,2.56638888888889,2.53583333333333,2.67194444444444,2.4675,2.54861111111111,3.25444444444444,2.10583333333333,2.82083333333333,2.83333333333333,4.52416666666667
"L722",4.98555555555556,4.67083333333333,6.1075,1.00361111111111,4.81361111111111,5.15416666666667,5.54083333333333,3.79222222222222,4.81666666666667,5.45527777777778,5.0225,4.25277777777778,0,0.927777777777778,4.62805555555556,4.51388888888889,4.815,4.59833333333333,5.31777777777778,4.71166666666667,4.62527777777778,5.03361111111111,4.63305555555556,4.62416666666667,4.81666666666667,4.86777777777778,4.815,4.62194444444445,4.7425,5.03361111111111,3.96416666666667,6.75833333333333,2.92305555555556,4.8425,4.37027777777778,4.64944444444445,4.62527777777778,4.69638888888889,4.84416666666667,5.11861111111111,4.36277777777778,0.987777777777778,4.70722222222222,5.25583333333333,1.00416666666667,0.978888888888889,4.35583333333333,4.64388888888889,4.72027777777778,4.62111111111111,4.575,5.54555555555556,5.44583333333333,4.27694444444444,5.02805555555556,4.80527777777778,4.06333333333333,5.40194444444444,5.01,4.23472222222222,4.46972222222222,4.56083333333333,4.98722222222222,3.74916666666667,4.9225,4.60805555555556,4.58666666666667,4.60472222222222,4.64361111111111,4.29444444444444,1.71111111111111,6.53611111111111,0.993333333333333,4.52861111111111,3.22916666666667,4.49833333333333,5.25861111111111,4.65027777777778,4.65472222222222,4.59611111111111,4.66555555555556,4.635,4.77111111111111,4.56666666666667,4.64777777777778,5.35361111111111,4.205,4.92,4.9325,6.62333333333333
5348,4.23472222222222,3.92,5.35694444444444,0.193888888888889,4.06277777777778,4.40333333333333,4.79,3.04138888888889,4.06583333333333,4.70444444444444,4.34944444444444,3.50194444444444,0.854166666666667,0,3.87722222222222,3.76305555555556,4.06416666666667,3.8475,4.56694444444444,3.96083333333333,3.87444444444445,4.28305555555556,3.8825,3.87333333333333,4.06583333333333,4.11694444444444,4.06416666666667,3.87111111111111,3.99166666666667,4.28305555555556,3.21333333333333,6.0075,2.17222222222222,4.09166666666667,3.61944444444444,3.89888888888889,3.87444444444445,3.94555555555556,4.09361111111111,4.405,3.61194444444444,0.178055555555555,3.95638888888889,4.505,0.167777777777778,0.295277777777778,3.60527777777778,3.89305555555556,3.96944444444444,3.87027777777778,3.82416666666667,4.85555555555556,4.695,3.52611111111111,4.27722222222222,4.05444444444444,3.31277777777778,4.65111111111111,4.25916666666667,3.48388888888889,3.71888888888889,3.81,4.23638888888889,2.99861111111111,4.17166666666667,3.85722222222222,3.83583333333333,3.85416666666667,3.89277777777778,3.54361111111111,0.874722222222222,5.78527777777778,0.156944444444444,3.77777777777778,2.47833333333333,3.7475,4.50777777777778,3.89944444444444,3.90388888888889,3.84527777777778,3.915,3.88416666666667,4.02027777777778,3.81583333333333,3.89694444444444,4.60277777777778,3.45416666666667,4.16916666666667,4.18166666666667,5.8725
5025,0.798611111111111,1.005,1.92083333333333,3.75222222222222,0.626944444444444,0.967222222222222,1.39583333333333,2.58861111111111,0.502222222222222,1.25333333333333,1.58888888888889,2.53611111111111,4.64722222222222,3.93027777777778,0,0.180833333333333,0.628055555555556,0.13,1.11583333333333,0.397222222222222,0.110555555555556,0.831944444444444,0.100555555555555,0.176666666666667,0.629722222222222,0.680833333333333,0.628055555555556,0.306666666666667,0.428055555555556,0.831944444444444,2.24777777777778,2.55638888888889,2.37305555555556,0.655555555555556,0.490833333333333,0.271388888888889,0.110555555555556,0.509444444444444,0.6575,1.64444444444444,0.513888888888889,3.76805555555556,0.390833333333333,1.05388888888889,3.82527777777778,3.77,0.506944444444444,0.3275,0.405833333333333,0.305833333333333,0.258611111111111,1.485,1.32444444444444,0.679722222222222,0.841388888888889,0.618611111111111,2.40527777777778,1.36638888888889,0.808055555555555,0.706666666666667,0.925833333333333,0.273888888888889,0.785277777777778,2.03277777777778,0.735555555555556,0.421111111111111,0.272222222222222,0.072222222222222,0.117222222222222,0.669166666666667,4.49861111111111,2.34916666666667,3.81583333333333,0.214166666666667,2.33944444444444,0.649166666666667,1.07166666666667,0.203055555555555,1.14333333333333,0.124444444444444,0.351111111111111,0.329722222222222,0.456666666666667,0.899722222222222,0.331388888888889,1.23222222222222,1.39472222222222,0.733055555555556,0.618055555555556,2.43638888888889
"L057",0.686388888888889,0.896944444444444,1.80861111111111,3.64194444444445,0.51,0.839444444444444,1.28777777777778,2.47833333333333,0.414166666666667,1.14305555555556,1.48083333333333,2.42583333333333,4.53694444444444,3.82,0.231666666666667,0,0.500277777777778,0.266111111111111,1.00555555555556,0.309166666666667,0.233888888888889,0.721666666666667,0.236666666666667,0.214166666666667,0.513055555555556,0.572777777777778,0.500277777777778,0.165,0.34,0.721666666666667,2.1375,2.44611111111111,2.26277777777778,0.528055555555556,0.380555555555555,0.218611111111111,0.233888888888889,0.401388888888889,0.529722222222222,1.53638888888889,0.403333333333333,3.65777777777778,0.284166666666667,0.943611111111111,3.71472222222222,3.65972222222222,0.396388888888889,0.221666666666667,0.317777777777778,0.164166666666667,0.161388888888889,1.37694444444444,1.21638888888889,0.569166666666667,0.713611111111111,0.490833333333333,2.295,1.25833333333333,0.697777777777778,0.596388888888889,0.815555555555556,0.178888888888889,0.675,1.9225,0.608055555555556,0.293333333333333,0.134722222222222,0.208333333333333,0.199444444444444,0.558611111111111,4.38805555555556,2.23694444444444,3.70555555555556,0.113888888888889,2.22916666666667,0.538888888888889,0.944166666666667,0.240277777777778,1.03555555555556,0.260555555555555,0.263055555555555,0.2325,0.368611111111111,0.789444444444444,0.234166666666667,1.12416666666667,1.28444444444444,0.605555555555555,0.53,2.32416666666667
"L701",0.669722222222222,0.976944444444444,1.79166666666667,3.95833333333333,0.506944444444444,0.803888888888889,1.36777777777778,2.79472222222222,0.711944444444444,0.963888888888889,1.56083333333333,2.7425,4.85333333333333,4.13666666666667,0.629722222222222,0.515555555555556,0,0.599722222222222,0.826388888888889,0.687222222222222,0.626666666666667,0.542222222222222,0.634722222222222,0.625555555555555,0.51,0.500833333333333,0,0.603888888888889,0.718055555555556,0.542222222222222,2.45388888888889,2.26694444444444,2.57944444444444,0.4925,0.696944444444444,0.651111111111111,0.626666666666667,0.389444444444444,0.029444444444444,1.61638888888889,0.72,3.97444444444444,0.598611111111111,0.764444444444445,4.03138888888889,3.97638888888889,0.713055555555556,0.576944444444445,0.695833333333333,0.641388888888889,0.5125,1.45666666666667,1.29638888888889,0.885833333333333,0.678055555555556,0.455277777777778,2.61166666666667,1.33833333333333,0.494722222222222,0.912777777777778,1.13194444444444,0.479166666666667,0.495555555555556,2.23916666666667,0.5725,0.421111111111111,0.588055555555556,0.606388888888889,0.645277777777778,0.875277777777778,4.70472222222222,2.22,4.02194444444444,0.553055555555556,2.54583333333333,0.855555555555556,0.908611111111111,0.651666666666667,1.11527777777778,0.597777777777778,0.641111111111111,0.610555555555556,0.746666666666667,1.10611111111111,0.5975,1.20416666666667,1.59666666666667,0.351111111111111,0.634444444444444,2.30722222222222
"L445",0.813055555555555,1.01916666666667,1.935,3.76638888888889,0.641111111111111,0.981388888888889,1.41,2.60277777777778,0.516388888888889,1.26777777777778,1.60333333333333,2.55055555555556,4.66138888888889,3.94444444444444,0.113333333333333,0.1975,0.642222222222222,0,1.13,0.411666666666667,0.0725,0.846111111111111,0.113333333333333,0.120833333333333,0.643888888888889,0.695,0.642222222222222,0.323333333333333,0.442222222222222,0.846111111111111,2.26194444444444,2.57055555555556,2.38722222222222,0.67,0.505,0.238611111111111,0.0725,0.523611111111111,0.671666666666667,1.65888888888889,0.528055555555556,3.78222222222222,0.405,1.06805555555556,3.83944444444444,3.78444444444444,0.521111111111111,0.341944444444444,0.42,0.3225,0.272777777777778,1.49916666666667,1.33861111111111,0.693888888888889,0.855555555555556,0.632777777777778,2.41972222222222,1.38055555555556,0.8225,0.720833333333333,0.94,0.288055555555555,0.799444444444444,2.04694444444444,0.75,0.435277777777778,0.286388888888889,0.085,0.118055555555556,0.683333333333333,4.51277777777778,2.36333333333333,3.83,0.228333333333333,2.35388888888889,0.663611111111111,1.08611111111111,0.146944444444444,1.15777777777778,0.041944444444444,0.365555555555556,0.285277777777778,0.470833333333333,0.914166666666667,0.345555555555555,1.24638888888889,1.40888888888889,0.7475,0.6325,2.45055555555556
"L096",1.02527777777778,1.33027777777778,1.86861111111111,4.40027777777778,0.848611111111111,0.692222222222222,1.72138888888889,3.23666666666667,1.09027777777778,0.333333333333333,1.91444444444444,3.18416666666667,5.29527777777778,4.57833333333333,1.07138888888889,0.957222222222222,0.791388888888889,1.04166666666667,0,1.155,1.06861111111111,0.764722222222222,1.07666666666667,1.0675,0.851666666666667,0.878333333333333,0.791388888888889,1.06527777777778,1.18583333333333,0.764722222222222,2.89583333333333,2.02361111111111,3.02111111111111,0.861944444444444,1.13888888888889,1.09277777777778,1.06861111111111,0.750277777777778,0.761111111111111,1.97,1.16166666666667,4.41611111111111,1.15055555555556,0.175277777777778,4.47305555555556,4.41805555555556,1.155,1.08722222222222,1.16361111111111,1.06444444444444,1.00194444444444,1.81027777777778,1.65,1.32777777777778,0.734722222222222,0.990833333333333,3.05333333333333,1.69194444444444,0.541388888888889,1.35472222222222,1.57388888888889,0.941944444444444,0.400555555555555,2.68083333333333,0.72,0.861111111111111,1.03,1.04833333333333,1.08694444444444,1.31722222222222,5.14666666666667,2.29694444444444,4.46388888888889,0.971944444444444,2.9875,1.29722222222222,0.801388888888889,1.09361111111111,1.46888888888889,1.03944444444444,1.10888888888889,1.07833333333333,1.21444444444444,1.54777777777778,1.09111111111111,1.55777777777778,1.95027777777778,0.838333333333333,1.01277777777778,2.38416666666667
"L188",0.863888888888889,1.07027777777778,1.98611111111111,3.84555555555556,0.691944444444444,0.774722222222222,1.46111111111111,2.68194444444444,0.243888888888889,1.25222222222222,1.65416666666667,2.62944444444444,4.74055555555556,4.02361111111111,0.421666666666667,0.285,0.693333333333333,0.456111111111111,1.2175,0,0.436944444444444,0.933333333333333,0.426666666666667,0.417777777777778,0.695,0.746111111111111,0.693333333333333,0.409722222222222,0.073888888888889,0.933333333333333,2.34111111111111,2.65805555555556,2.46638888888889,0.485277777777778,0.584166666666667,0.4075,0.436944444444444,0.574722222222222,0.7225,1.70972222222222,0.606944444444444,3.86138888888889,0.486388888888889,1.15527777777778,3.91833333333333,3.86333333333333,0.6,0.423333333333333,0.157777777777778,0.408888888888889,0.354166666666667,1.55,1.38972222222222,0.772777777777778,0.634444444444444,0.646111111111111,2.49861111111111,1.43166666666667,0.909722222222222,0.8,1.01916666666667,0.336666666666667,0.886666666666667,2.12611111111111,0.634166666666667,0.486388888888889,0.247777777777778,0.398333333333333,0.421388888888889,0.762222222222222,4.59166666666667,2.41444444444444,3.90916666666667,0.318888888888889,2.43277777777778,0.7425,0.912777777777778,0.443888888888889,1.20861111111111,0.450555555555555,0.159722222222222,0.221111111111111,0.107777777777778,0.993055555555556,0.426944444444444,1.2975,1.48805555555556,0.770833333333333,0.359722222222222,2.50166666666667
"L613",0.791388888888889,1.00194444444444,1.91361111111111,3.74444444444444,0.615,0.944444444444444,1.39277777777778,2.58083333333333,0.546666666666667,1.24805555555556,1.58583333333333,2.52861111111111,4.63944444444444,3.9225,0.136111111111111,0.225555555555555,0.605277777777778,0.042222222222222,1.11055555555556,0.441666666666667,0,0.826666666666667,0.136111111111111,0.140555555555555,0.618055555555556,0.677777777777778,0.605277777777778,0.351111111111111,0.418611111111111,0.826666666666667,2.24,2.55111111111111,2.36527777777778,0.633055555555556,0.483055555555556,0.2025,0,0.506388888888889,0.634722222222222,1.64138888888889,0.506111111111111,3.76027777777778,0.427777777777778,1.04861111111111,3.8175,3.7625,0.499166666666667,0.364444444444444,0.427777777777778,0.350277777777778,0.295555555555555,1.48194444444444,1.32138888888889,0.671944444444444,0.818611111111111,0.595833333333333,2.39777777777778,1.36333333333333,0.802777777777778,0.698888888888889,0.918055555555556,0.310833333333333,0.78,2.025,0.713055555555556,0.398333333333333,0.320833333333333,0.107777777777778,0.113055555555555,0.661388888888889,4.49083333333333,2.34194444444444,3.80805555555556,0.251111111111111,2.33194444444444,0.641666666666667,1.04916666666667,0.166666666666667,1.14027777777778,0.077777777777778,0.373333333333333,0.247777777777778,0.500833333333333,0.892222222222222,0.368055555555556,1.22916666666667,1.38694444444444,0.710555555555556,0.6625,2.42916666666667
"L597",0.507222222222222,1.08194444444444,1.62916666666667,4.17166666666667,0.353611111111111,0.815,1.47277777777778,3.00805555555556,0.936666666666667,0.929166666666667,1.66583333333333,2.95583333333333,5.06666666666667,4.35,0.843055555555556,0.728888888888889,0.548611111111111,0.813055555555555,0.791666666666667,0.894444444444444,0.84,0,0.848055555555555,0.838888888888889,0.3775,0.348888888888889,0.548611111111111,0.836666666666667,0.925277777777778,0,2.66722222222222,2.23222222222222,2.79277777777778,0.708055555555555,0.910277777777778,0.864444444444444,0.84,0.359722222222222,0.532777777777778,1.72138888888889,0.933333333333333,4.1875,0.921944444444444,0.729722222222222,4.24472222222222,4.18972222222222,0.926388888888889,0.858888888888889,0.903055555555556,0.835833333333333,0.773333333333333,1.56194444444444,1.40138888888889,1.09916666666667,0.686666666666667,0.837222222222222,2.825,1.44333333333333,0.486388888888889,1.12611111111111,1.34527777777778,0.686388888888889,0.461111111111111,2.45222222222222,0.566388888888889,0.632777777777778,0.801388888888889,0.819722222222222,0.858333333333333,1.08861111111111,4.91805555555556,2.0575,4.23527777777778,0.743333333333333,2.75916666666667,1.06888888888889,0.9025,0.865,1.22027777777778,0.811111111111111,0.848333333333333,0.817777777777778,0.953888888888889,1.31944444444444,0.8625,1.30916666666667,1.70194444444444,0.633333333333333,0.859166666666667,2.14472222222222
"L022",0.804166666666667,1.01055555555556,1.92638888888889,3.75083333333333,0.632222222222222,0.948611111111111,1.40138888888889,2.58722222222222,0.51,1.25194444444444,1.59444444444444,2.53472222222222,4.64583333333333,3.92888888888889,0.224444444444444,0.191111111111111,0.609166666666667,0.258888888888889,1.11444444444444,0.405,0.239444444444444,0.830555555555556,0,0.076111111111111,0.635277777777778,0.686388888888889,0.609166666666667,0.3175,0.435833333333333,0.830555555555556,2.24638888888889,2.555,2.37166666666667,0.636944444444444,0.489444444444444,0.297222222222222,0.239444444444444,0.515,0.638611111111111,1.65,0.512222222222222,3.76666666666667,0.398611111111111,1.0525,3.82361111111111,3.76861111111111,0.505555555555556,0.335277777777778,0.413611111111111,0.314444444444444,0.266388888888889,1.49027777777778,1.33,0.678333333333333,0.8225,0.599722222222222,2.40388888888889,1.37194444444444,0.806666666666666,0.705277777777778,0.924444444444444,0.281666666666667,0.783888888888889,2.03138888888889,0.716944444444444,0.4025,0.28,0.201111111111111,0.246111111111111,0.667777777777778,4.49722222222222,2.35472222222222,3.81444444444444,0.221944444444444,2.33805555555556,0.647777777777778,1.05305555555556,0.1025,1.14888888888889,0.253333333333333,0.358888888888889,0.328333333333333,0.464444444444444,0.898333333333333,0.339166666666667,1.23777777777778,1.39333333333333,0.714444444444444,0.625833333333333,2.44194444444444
"L650",0.740833333333333,0.946944444444444,1.86277777777778,3.69444444444444,0.568888888888889,0.909444444444444,1.33805555555556,2.53055555555556,0.451666666666667,1.19555555555556,1.53111111111111,2.47833333333333,4.58944444444444,3.8725,0.148055555555556,0.131111111111111,0.57,0.1825,1.05805555555556,0.346666666666667,0.163055555555556,0.773888888888889,0.153055555555556,0,0.571944444444444,0.623055555555556,0.57,0.259166666666667,0.3775,0.773888888888889,2.18972222222222,2.49861111111111,2.31527777777778,0.597777777777778,0.432777777777778,0.233611111111111,0.163055555555556,0.451666666666667,0.599444444444444,1.58666666666667,0.455833333333333,3.71027777777778,0.340277777777778,0.996111111111111,3.76722222222222,3.71222222222222,0.448888888888889,0.276944444444444,0.355277777777778,0.256111111111111,0.208055555555555,1.42694444444444,1.26666666666667,0.621666666666667,0.783333333333333,0.560555555555556,2.3475,1.30861111111111,0.750277777777778,0.648888888888889,0.867777777777778,0.223333333333333,0.727222222222222,1.975,0.677777777777778,0.363333333333333,0.221666666666667,0.124722222222222,0.169722222222222,0.611111111111111,4.44055555555556,2.29138888888889,3.75777777777778,0.163611111111111,2.28166666666667,0.591388888888889,1.01388888888889,0.064166666666667,1.08555555555556,0.176944444444444,0.300555555555556,0.27,0.406111111111111,0.841944444444444,0.280555555555555,1.17444444444444,1.33666666666667,0.675277777777778,0.5675,2.37861111111111
"L012",0.295555555555555,0.906944444444444,1.4175,4.005,0.101388888888889,0.931666666666666,1.29805555555556,2.84138888888889,0.824722222222222,1.04611111111111,1.49111111111111,2.78916666666667,4.9,4.18333333333333,0.672222222222222,0.558055555555556,0.500277777777778,0.645,0.908611111111111,0.719722222222222,0.671944444444444,0.368888888888889,0.677222222222222,0.668055555555555,0,0.264444444444444,0.500277777777778,0.662777777777778,0.750277777777778,0.368888888888889,2.50055555555556,2.11638888888889,2.62611111111111,0.774444444444444,0.743611111111111,0.696388888888889,0.671944444444444,0.185,0.483055555555556,1.54666666666667,0.766666666666667,4.02111111111111,0.748055555555556,0.846388888888889,4.07805555555556,4.02305555555556,0.759722222222222,0.684722222222222,0.728055555555556,0.661944444444444,0.615833333333333,1.38694444444444,1.22666666666667,0.9325,0.803333333333333,0.737222222222222,2.65833333333333,1.26861111111111,0.600833333333333,0.959444444444444,1.17861111111111,0.511388888888889,0.577777777777778,2.28583333333333,0.683055555555556,0.459166666666667,0.6275,0.648888888888889,0.687777777777778,0.921944444444444,4.75138888888889,1.84611111111111,4.06861111111111,0.569444444444444,2.5925,0.902222222222222,1.01916666666667,0.694444444444444,1.04555555555556,0.643055555555556,0.673611111111111,0.643055555555556,0.778888888888889,1.15277777777778,0.688333333333333,1.13444444444444,1.52694444444444,0.706111111111111,0.916388888888889,1.93333333333333
"L724",0.463333333333333,0.911666666666667,1.58527777777778,4.00972222222222,0.260833333333333,0.879444444444444,1.3025,2.84611111111111,0.829166666666667,0.993888888888889,1.49555555555556,2.79361111111111,4.90472222222222,4.18777777777778,0.676666666666667,0.5625,0.436944444444444,0.649722222222222,0.856388888888889,0.724166666666667,0.676666666666667,0.358055555555555,0.681666666666666,0.672777777777778,0.263611111111111,0,0.436944444444444,0.667222222222222,0.755,0.358055555555555,2.505,2.29666666666667,2.63055555555556,0.778888888888889,0.748333333333333,0.700833333333333,0.676666666666667,0.171666666666667,0.419722222222222,1.55111111111111,0.771111111111111,4.02555555555556,0.7525,0.794166666666667,4.0825,4.0275,0.764166666666667,0.689166666666667,0.7325,0.666388888888889,0.620277777777778,1.39138888888889,1.23111111111111,0.936944444444444,0.751111111111111,0.741666666666667,2.66277777777778,1.27305555555556,0.548611111111111,0.964166666666667,1.18305555555556,0.516111111111111,0.525555555555556,2.29027777777778,0.630833333333333,0.463611111111111,0.631944444444444,0.653333333333333,0.692222222222222,0.926388888888889,4.75583333333333,2.01388888888889,4.07333333333333,0.573888888888889,2.59694444444444,0.906666666666667,0.966944444444444,0.698888888888889,1.05,0.6475,0.678055555555556,0.6475,0.783333333333333,1.15722222222222,0.693055555555556,1.13888888888889,1.53166666666667,0.642777777777778,0.921111111111111,2.10111111111111
1197,0.669722222222222,0.976944444444444,1.79166666666667,3.95833333333333,0.506944444444444,0.803888888888889,1.36777777777778,2.79472222222222,0.711944444444444,0.963888888888889,1.56083333333333,2.7425,4.85333333333333,4.13666666666667,0.629722222222222,0.515555555555556,0,0.599722222222222,0.826388888888889,0.687222222222222,0.626666666666667,0.542222222222222,0.634722222222222,0.625555555555555,0.51,0.500833333333333,0,0.603888888888889,0.718055555555556,0.542222222222222,2.45388888888889,2.26694444444444,2.57944444444444,0.4925,0.696944444444444,0.651111111111111,0.626666666666667,0.389444444444444,0.029444444444444,1.61638888888889,0.72,3.97444444444444,0.598611111111111,0.764444444444445,4.03138888888889,3.97638888888889,0.713055555555556,0.576944444444445,0.695833333333333,0.641388888888889,0.5125,1.45666666666667,1.29638888888889,0.885833333333333,0.678055555555556,0.455277777777778,2.61166666666667,1.33833333333333,0.494722222222222,0.912777777777778,1.13194444444444,0.479166666666667,0.495555555555556,2.23916666666667,0.5725,0.421111111111111,0.588055555555556,0.606388888888889,0.645277777777778,0.875277777777778,4.70472222222222,2.22,4.02194444444444,0.553055555555556,2.54583333333333,0.855555555555556,0.908611111111111,0.651666666666667,1.11527777777778,0.597777777777778,0.641111111111111,0.610555555555556,0.746666666666667,1.10611111111111,0.5975,1.20416666666667,1.59666666666667,0.351111111111111,0.634444444444444,2.30722222222222
"L011",0.825,1.03527777777778,1.94694444444444,3.78027777777778,0.648611111111111,0.952222222222222,1.42638888888889,2.61666666666667,0.521111111111111,1.28138888888889,1.61944444444444,2.56416666666667,4.67527777777778,3.95833333333333,0.350277777777778,0.219166666666667,0.572222222222222,0.384722222222222,1.14388888888889,0.416111111111111,0.365555555555556,0.86,0.355277777777778,0.337222222222222,0.651388888888889,0.711388888888889,0.572222222222222,0,0.446944444444444,0.86,2.27583333333333,2.58444444444444,2.40111111111111,0.640555555555555,0.518888888888889,0.361388888888889,0.365555555555556,0.539722222222222,0.601666666666667,1.675,0.541944444444444,3.79611111111111,0.118611111111111,1.08194444444444,3.85333333333333,3.79833333333333,0.535,0.063611111111111,0.424722222222222,0.149722222222222,0.158055555555556,1.51527777777778,1.355,0.707777777777778,0.826388888888889,0.511388888888889,2.43333333333333,1.39694444444444,0.836111111111111,0.734722222222222,0.953888888888889,0.2525,0.813333333333333,2.06083333333333,0.720555555555556,0.446111111111111,0.236944444444444,0.326944444444444,0.355833333333333,0.697222222222222,4.52666666666667,2.37527777777778,3.84388888888889,0.203611111111111,2.3675,0.677222222222222,1.05666666666667,0.363333333333333,1.17388888888889,0.379166666666667,0.37,0.339444444444444,0.475555555555555,0.928055555555556,0.071944444444444,1.26277777777778,1.42277777777778,0.701944444444445,0.603611111111111,2.4625
"L553",0.894722222222222,1.10111111111111,2.01666666666667,3.87638888888889,0.722777777777778,0.822777777777778,1.49194444444444,2.71277777777778,0.291944444444444,1.30027777777778,1.685,2.66027777777778,4.77138888888889,4.05444444444444,0.4525,0.315833333333333,0.723888888888889,0.468333333333333,1.24805555555556,0.091944444444444,0.467777777777778,0.964166666666667,0.4575,0.448611111111111,0.725833333333333,0.776944444444444,0.723888888888889,0.440555555555555,0,0.964166666666667,2.37166666666667,2.68861111111111,2.49722222222222,0.533333333333333,0.615,0.380833333333333,0.467777777777778,0.605555555555555,0.753333333333333,1.74055555555556,0.637777777777778,3.89222222222222,0.517222222222222,1.18611111111111,3.94916666666667,3.89416666666667,0.630833333333333,0.454166666666667,0.205555555555555,0.439722222222222,0.385,1.58083333333333,1.42055555555556,0.803611111111111,0.6825,0.714444444444444,2.52944444444444,1.4625,0.940555555555556,0.830833333333333,1.04972222222222,0.367222222222222,0.9175,2.15694444444444,0.682222222222222,0.517222222222222,0.278611111111111,0.429166666666667,0.452222222222222,0.793055555555555,4.6225,2.44527777777778,3.94,0.349722222222222,2.46361111111111,0.773333333333333,0.960833333333333,0.474722222222222,1.23944444444444,0.466111111111111,0.213333333333333,0.231388888888889,0.155833333333333,1.02388888888889,0.457777777777778,1.32833333333333,1.51861111111111,0.829166666666667,0.407777777777778,2.5325
"L502",0.507222222222222,1.08194444444444,1.62916666666667,4.17166666666667,0.353611111111111,0.815,1.47277777777778,3.00805555555556,0.936666666666667,0.929166666666667,1.66583333333333,2.95583333333333,5.06666666666667,4.35,0.843055555555556,0.728888888888889,0.548611111111111,0.813055555555555,0.791666666666667,0.894444444444444,0.84,0,0.848055555555555,0.838888888888889,0.3775,0.348888888888889,0.548611111111111,0.836666666666667,0.925277777777778,0,2.66722222222222,2.23222222222222,2.79277777777778,0.708055555555555,0.910277777777778,0.864444444444444,0.84,0.359722222222222,0.532777777777778,1.72138888888889,0.933333333333333,4.1875,0.921944444444444,0.729722222222222,4.24472222222222,4.18972222222222,0.926388888888889,0.858888888888889,0.903055555555556,0.835833333333333,0.773333333333333,1.56194444444444,1.40138888888889,1.09916666666667,0.686666666666667,0.837222222222222,2.825,1.44333333333333,0.486388888888889,1.12611111111111,1.34527777777778,0.686388888888889,0.461111111111111,2.45222222222222,0.566388888888889,0.632777777777778,0.801388888888889,0.819722222222222,0.858333333333333,1.08861111111111,4.91805555555556,2.0575,4.23527777777778,0.743333333333333,2.75916666666667,1.06888888888889,0.9025,0.865,1.22027777777778,0.811111111111111,0.848333333333333,0.817777777777778,0.953888888888889,1.31944444444444,0.8625,1.30916666666667,1.70194444444444,0.633333333333333,0.859166666666667,2.14472222222222
5434,2.56222222222222,2.24777777777778,3.68444444444444,3.03333333333333,2.39027777777778,2.73083333333333,3.1175,0.615555555555556,2.39361111111111,3.03194444444444,2.67694444444444,0.468611111111111,3.92833333333333,3.21138888888889,2.205,2.09083333333333,2.39166666666667,2.175,2.89444444444444,2.28861111111111,2.20194444444444,2.61055555555556,2.21,2.20083333333333,2.39333333333333,2.44444444444444,2.39166666666667,2.19861111111111,2.31916666666667,2.61055555555556,0,4.335,1.17361111111111,2.41916666666667,1.94694444444444,2.22638888888889,2.20194444444444,2.27305555555556,2.42111111111111,2.7325,1.93972222222222,3.04916666666667,2.28388888888889,2.8325,3.10611111111111,3.05111111111111,1.93277777777778,2.22083333333333,2.29694444444444,2.19777777777778,2.15166666666667,3.18305555555556,3.0225,1.85361111111111,2.605,2.38222222222222,0.241944444444444,2.97861111111111,2.58666666666667,1.81138888888889,2.04666666666667,2.1375,2.56388888888889,0.337777777777778,2.49916666666667,2.18472222222222,2.16333333333333,2.18166666666667,2.22027777777778,1.87111111111111,3.77972222222222,4.11277777777778,3.09694444444444,2.10527777777778,0.695833333333333,2.075,2.83527777777778,2.22694444444444,2.23138888888889,2.17305555555556,2.2425,2.21194444444444,2.34777777777778,2.14333333333333,2.22444444444444,2.93027777777778,1.78166666666667,2.49666666666667,2.50944444444444,4.2
"L628",1.93305555555556,2.54444444444444,1.89333333333333,5.86166666666667,2.10611111111111,2.25777777777778,2.94583333333333,4.69805555555556,2.55194444444444,1.84638888888889,3.12833333333333,4.64583333333333,6.75666666666667,6.04,2.53305555555556,2.41888888888889,2.25277777777778,2.50305555555556,1.94194444444444,2.61666666666667,2.53,2.22611111111111,2.53805555555556,2.52888888888889,2.10416666666667,2.19416666666667,2.25277777777778,2.52666666666667,2.64722222222222,2.22611111111111,4.35722222222222,0,4.4825,2.32333333333333,2.60027777777778,2.55444444444444,2.53,2.11638888888889,2.22277777777778,3.18388888888889,2.62333333333333,5.8775,2.61194444444444,1.93027777777778,5.93472222222222,5.87972222222222,2.61638888888889,2.54888888888889,2.625,2.52583333333333,2.46333333333333,3.035,2.87444444444444,2.78916666666667,2.30194444444444,2.4525,4.515,2.91638888888889,2.04638888888889,2.81611111111111,3.03527777777778,2.40333333333333,1.93277777777778,4.14222222222222,2.18138888888889,2.32277777777778,2.49138888888889,2.50972222222222,2.54833333333333,2.77861111111111,6.60805555555556,2.32666666666667,5.92527777777778,2.43333333333333,4.44916666666667,2.75888888888889,2.36694444444444,2.555,2.68277777777778,2.50111111111111,2.57055555555556,2.54,2.67583333333333,3.00944444444444,2.5525,2.78222222222222,3.16416666666667,2.29972222222222,2.47444444444444,2.41388888888889
"L007",2.76888888888889,2.45416666666667,3.89083333333333,2.06888888888889,2.59694444444444,2.9375,3.32416666666667,1.08472222222222,2.6,3.23861111111111,2.88361111111111,1.54527777777778,2.96388888888889,2.24694444444444,2.41138888888889,2.29722222222222,2.59805555555556,2.38166666666667,3.10111111111111,2.495,2.40861111111111,2.81694444444444,2.41638888888889,2.4075,2.6,2.65111111111111,2.59805555555556,2.40527777777778,2.52583333333333,2.81694444444444,1.25694444444444,4.54166666666667,0,2.62583333333333,2.15361111111111,2.43277777777778,2.40861111111111,2.47944444444444,2.6275,2.93916666666667,2.14611111111111,2.08472222222222,2.49055555555556,3.03888888888889,2.14194444444444,2.08694444444444,2.13916666666667,2.42722222222222,2.50361111111111,2.40444444444444,2.35833333333333,3.38944444444444,3.22916666666667,2.06027777777778,2.81138888888889,2.58861111111111,1.35611111111111,3.185,2.79333333333333,2.01805555555556,2.25305555555556,2.34388888888889,2.77027777777778,1.04194444444444,2.70583333333333,2.39138888888889,2.37,2.38805555555556,2.42694444444444,2.07777777777778,2.81527777777778,4.31944444444444,2.1325,2.31166666666667,0.521944444444444,2.28166666666667,3.04194444444444,2.43361111111111,2.43805555555556,2.37944444444444,2.44888888888889,2.41833333333333,2.55444444444444,2.35,2.43083333333333,3.13694444444444,1.98833333333333,2.70333333333333,2.71583333333333,4.40666666666667
9140,0.878055555555556,1.09777777777778,2,3.9425,0.701666666666667,0.464166666666667,1.48861111111111,2.77888888888889,0.336388888888889,0.956111111111111,1.68194444444444,2.72666666666667,4.8375,4.12083333333333,0.613888888888889,0.499722222222222,0.469722222222222,0.584166666666667,0.911388888888889,0.483055555555556,0.611111111111111,0.716388888888889,0.618888888888889,0.609722222222222,0.704722222222222,0.794444444444444,0.469722222222222,0.6075,0.528333333333333,0.716388888888889,2.43805555555556,2.35194444444444,2.56361111111111,0,0.681111111111111,0.635277777777778,0.611111111111111,0.610277777777778,0.498888888888889,1.7375,0.704166666666667,3.95861111111111,0.624166666666667,0.849444444444444,4.01555555555556,3.96055555555556,0.697222222222222,0.6025,0.491666666666667,0.606666666666667,0.544722222222222,1.57777777777778,1.41722222222222,0.87,0.338333333333333,0.241944444444444,2.59583333333333,1.45916666666667,0.533888888888889,0.897222222222222,1.11611111111111,0.463333333333333,0.580833333333333,2.22333333333333,0.228888888888889,0.405277777777778,0.572222222222222,0.590555555555556,0.629444444444444,0.859444444444444,4.68888888888889,2.42861111111111,4.00611111111111,0.514166666666667,2.53,0.839722222222222,0.565277777777778,0.636111111111111,1.23638888888889,0.581944444444444,0.522222222222222,0.594722222222222,0.47,1.09027777777778,0.623055555555556,1.325,1.585,0.366666666666667,0.245833333333333,2.51583333333333
9112,0.885555555555555,1.09194444444444,2.00777777777778,3.43527777777778,0.713888888888889,1.05416666666667,1.48277777777778,2.27166666666667,0.716944444444444,1.35527777777778,1.56555555555556,2.21944444444444,4.33027777777778,3.61361111111111,0.528333333333333,0.414166666666667,0.715,0.498333333333333,1.21777777777778,0.611944444444444,0.525277777777778,0.933888888888889,0.533333333333333,0.524166666666667,0.716666666666667,0.767777777777778,0.715,0.521944444444444,0.6425,0.933888888888889,1.93083333333333,2.65833333333333,2.05638888888889,0.7425,0,0.549722222222222,0.525277777777778,0.596388888888889,0.744444444444444,1.62111111111111,0.240833333333333,3.45138888888889,0.607222222222222,1.15583333333333,3.50833333333333,3.45333333333333,0.233888888888889,0.544166666666667,0.620277777777778,0.521111111111111,0.475,1.57194444444444,1.41138888888889,0.423888888888889,0.928333333333333,0.705555555555556,2.08861111111111,1.45333333333333,0.91,0.44,0.435,0.460833333333333,0.887222222222222,1.71611111111111,0.8225,0.508055555555556,0.486666666666667,0.505,0.543888888888889,0.178333333333333,4.18166666666667,2.43611111111111,3.49888888888889,0.428611111111111,2.02277777777778,0.296666666666667,1.15888888888889,0.550277777777778,1.12,0.496388888888889,0.565833333333333,0.535277777777778,0.671111111111111,0.434166666666667,0.547777777777778,1.31916666666667,1.07777777777778,0.82,0.832777777777778,2.52333333333333
1128,0.855,1.06111111111111,1.97694444444444,3.79805555555556,0.683055555555556,0.9525,1.45194444444444,2.63444444444444,0.421666666666667,1.29916666666667,1.645,2.58194444444444,4.69305555555556,3.97611111111111,0.321111111111111,0.238055555555555,0.684166666666667,0.246944444444444,1.16166666666667,0.316666666666667,0.241944444444444,0.877777777777778,0.331111111111111,0.306944444444444,0.685833333333333,0.736944444444444,0.684166666666667,0.363888888888889,0.341944444444444,0.877777777777778,2.29361111111111,2.60222222222222,2.41888888888889,0.663055555555555,0.536666666666667,0,0.241944444444444,0.565555555555556,0.713611111111111,1.70055555555556,0.559722222222222,3.81388888888889,0.443888888888889,1.09972222222222,3.87111111111111,3.81611111111111,0.552777777777778,0.380833333333333,0.302777777777778,0.363055555555556,0.311944444444444,1.54111111111111,1.38055555555556,0.725555555555555,0.812222222222222,0.674722222222222,2.45111111111111,1.4225,0.854166666666667,0.7525,0.971666666666667,0.3275,0.831111111111111,2.07861111111111,0.791944444444444,0.477222222222222,0.238611111111111,0.302777777777778,0.261111111111111,0.715,4.54444444444444,2.40527777777778,3.86166666666667,0.267222222222222,2.38527777777778,0.695277777777778,1.09055555555556,0.333055555555555,1.19972222222222,0.244722222222222,0.248333333333333,0.169722222222222,0.375833333333333,0.945833333333333,0.384444444444444,1.28833333333333,1.44055555555556,0.789444444444444,0.5375,2.4925
"L419",0.791388888888889,1.00194444444444,1.91361111111111,3.74444444444444,0.615,0.944444444444444,1.39277777777778,2.58083333333333,0.546666666666667,1.24805555555556,1.58583333333333,2.52861111111111,4.63944444444444,3.9225,0.136111111111111,0.225555555555555,0.605277777777778,0.042222222222222,1.11055555555556,0.441666666666667,0,0.826666666666667,0.136111111111111,0.140555555555555,0.618055555555556,0.677777777777778,0.605277777777778,0.351111111111111,0.418611111111111,0.826666666666667,2.24,2.55111111111111,2.36527777777778,0.633055555555556,0.483055555555556,0.2025,0,0.506388888888889,0.634722222222222,1.64138888888889,0.506111111111111,3.76027777777778,0.427777777777778,1.04861111111111,3.8175,3.7625,0.499166666666667,0.364444444444444,0.427777777777778,0.350277777777778,0.295555555555555,1.48194444444444,1.32138888888889,0.671944444444444,0.818611111111111,0.595833333333333,2.39777777777778,1.36333333333333,0.802777777777778,0.698888888888889,0.918055555555556,0.310833333333333,0.78,2.025,0.713055555555556,0.398333333333333,0.320833333333333,0.107777777777778,0.113055555555555,0.661388888888889,4.49083333333333,2.34194444444444,3.80805555555556,0.251111111111111,2.33194444444444,0.641666666666667,1.04916666666667,0.166666666666667,1.14027777777778,0.077777777777778,0.373333333333333,0.247777777777778,0.500833333333333,0.892222222222222,0.368055555555556,1.22916666666667,1.38694444444444,0.710555555555556,0.6625,2.42916666666667
"L278",0.325277777777778,0.768611111111111,1.44722222222222,3.86666666666667,0.153333333333333,0.793333333333333,1.15944444444444,2.70305555555556,0.686111111111111,0.9075,1.3525,2.65055555555556,4.76166666666667,4.04472222222222,0.533611111111111,0.419444444444444,0.361944444444444,0.506666666666667,0.77,0.581111111111111,0.533611111111111,0.429166666666667,0.538611111111111,0.529722222222222,0.156388888888889,0.2025,0.361944444444444,0.524166666666667,0.611944444444444,0.429166666666667,2.36194444444444,2.14583333333333,2.4875,0.635833333333333,0.605277777777778,0.557777777777778,0.533611111111111,0,0.344444444444444,1.40805555555556,0.628055555555556,3.8825,0.609444444444444,0.708055555555555,3.93944444444444,3.88444444444444,0.621111111111111,0.546111111111111,0.589444444444444,0.523333333333333,0.477222222222222,1.24833333333333,1.08805555555556,0.793888888888889,0.665,0.598611111111111,2.51972222222222,1.13,0.462222222222222,0.821111111111111,1.04,0.373055555555555,0.439444444444444,2.14722222222222,0.544444444444444,0.320555555555555,0.488888888888889,0.510277777777778,0.549166666666667,0.783333333333333,4.61277777777778,1.87583333333333,3.93027777777778,0.430833333333333,2.45388888888889,0.763611111111111,0.880555555555556,0.555833333333333,0.906944444444444,0.504444444444444,0.535,0.504444444444444,0.640277777777778,1.01416666666667,0.55,0.995833333333333,1.38833333333333,0.5675,0.778055555555556,1.96305555555556
"L258",0.648888888888889,0.956111111111111,1.77111111111111,3.94111111111111,0.486388888888889,0.786666666666667,1.34694444444444,2.7775,0.694722222222222,0.943055555555556,1.54,2.72527777777778,4.83611111111111,4.11916666666667,0.612222222222222,0.498055555555555,0.1025,0.5825,0.805555555555556,0.67,0.609444444444444,0.521666666666667,0.6175,0.608333333333333,0.489166666666667,0.480277777777778,0.1025,0.586666666666667,0.700833333333333,0.521666666666667,2.43666666666667,2.24611111111111,2.56194444444444,0.475277777777778,0.679722222222222,0.633888888888889,0.609444444444444,0.368888888888889,0,1.59555555555556,0.702777777777778,3.95694444444444,0.581388888888889,0.743611111111111,4.01416666666667,3.95916666666667,0.695833333333333,0.559722222222222,0.678611111111111,0.623888888888889,0.495277777777778,1.43611111111111,1.27555555555556,0.868611111111111,0.660833333333333,0.438055555555555,2.59416666666667,1.3175,0.4775,0.895555555555555,1.11472222222222,0.461944444444444,0.475,2.22166666666667,0.555277777777778,0.403888888888889,0.570833333333333,0.589166666666667,0.627777777777778,0.858055555555556,4.6875,2.19944444444444,4.00472222222222,0.535833333333333,2.52833333333333,0.838333333333333,0.891388888888889,0.634444444444444,1.09472222222222,0.580277777777778,0.623888888888889,0.593333333333333,0.729444444444444,1.08888888888889,0.580277777777778,1.18333333333333,1.57611111111111,0.333888888888889,0.617222222222222,2.28666666666667
"L537",1.68166666666667,1.04555555555556,2.55888888888889,4.32333333333333,1.51,2.04694444444444,1.5475,3.15972222222222,1.82833333333333,2.16138888888889,0.113611111111111,3.10722222222222,5.07555555555556,4.50138888888889,1.67583333333333,1.56166666666667,1.61583333333333,1.64888888888889,2.02388888888889,1.72333333333333,1.67583333333333,1.73972222222222,1.68111111111111,1.67194444444444,1.51277777777778,1.56388888888889,1.61583333333333,1.66638888888889,1.75416666666667,1.73972222222222,2.81888888888889,3.20222222222222,2.94416666666667,1.77805555555556,1.72472222222222,1.7,1.67583333333333,1.3925,1.59833333333333,0,1.71722222222222,4.33916666666667,1.75166666666667,1.96166666666667,4.39638888888889,4.34111111111111,1.71027777777778,1.68861111111111,1.73194444444444,1.66555555555556,1.61944444444444,0.918611111111111,1.54805555555556,1.63138888888889,1.91861111111111,1.74083333333333,2.97638888888889,1.61,1.71611111111111,1.58916666666667,1.81222222222222,1.51527777777778,1.69305555555556,2.60388888888889,1.79833333333333,1.49527777777778,1.63111111111111,1.65277777777778,1.69138888888889,1.63694444444444,5.06972222222222,2.98722222222222,4.38694444444444,1.57305555555556,2.91055555555556,1.85277777777778,2.13444444444444,1.69805555555556,0.653333333333333,1.64666666666667,1.67722222222222,1.64666666666667,1.78277777777778,1.90888888888889,1.69222222222222,1.5525,1.17388888888889,1.82138888888889,1.92027777777778,3.07444444444444
1463,0.876388888888889,1.08277777777778,1.99833333333333,3.485,0.704444444444444,1.045,1.47361111111111,2.32138888888889,0.7075,1.34611111111111,1.62277777777778,2.26888888888889,4.38,3.66305555555556,0.518888888888889,0.404722222222222,0.705833333333333,0.489166666666667,1.20861111111111,0.6025,0.516111111111111,0.924444444444444,0.523888888888889,0.515,0.7075,0.758611111111111,0.705833333333333,0.512777777777778,0.633333333333333,0.924444444444444,1.98055555555556,2.64916666666667,2.10583333333333,0.733333333333333,0.235555555555555,0.540277777777778,0.516111111111111,0.587222222222222,0.735,1.67833333333333,0,3.50083333333333,0.598055555555556,1.14666666666667,3.55805555555556,3.50277777777778,0.083333333333333,0.534722222222222,0.611111111111111,0.511944444444444,0.465833333333333,1.5625,1.40222222222222,0.4125,0.918888888888889,0.696111111111111,2.13805555555556,1.44416666666667,0.900833333333333,0.439444444444444,0.611111111111111,0.451666666666667,0.878055555555556,1.76555555555556,0.813333333333333,0.498888888888889,0.4775,0.495555555555556,0.534444444444445,0.336944444444444,4.23138888888889,2.42694444444444,3.54861111111111,0.419444444444444,2.07222222222222,0.135,1.14944444444444,0.541111111111111,1.17722222222222,0.486944444444444,0.556388888888889,0.525833333333333,0.661944444444444,0.375,0.538611111111111,1.31,1.1275,0.810833333333333,0.823333333333333,2.51416666666667
"L145",4.14,3.82555555555556,5.26222222222222,0.090277777777778,3.96805555555555,4.30861111111111,4.69527777777778,2.94666666666667,3.97138888888889,4.60972222222222,4.25472222222222,3.40722222222222,0.939722222222222,0.202777777777778,3.7825,3.66833333333333,3.96944444444444,3.75277777777778,4.47222222222222,3.86638888888889,3.77972222222222,4.18833333333333,3.78777777777778,3.77861111111111,3.97111111111111,4.02222222222222,3.96944444444444,3.77638888888889,3.89694444444444,4.18833333333333,3.11861111111111,5.91277777777778,2.0775,3.99694444444444,3.52472222222222,3.80416666666667,3.77972222222222,3.85083333333333,3.99888888888889,4.31027777777778,3.51722222222222,0,3.86166666666667,4.41027777777778,0.096111111111111,0.161944444444444,3.51055555555556,3.79861111111111,3.87472222222222,3.77555555555556,3.72944444444444,4.76083333333333,4.60027777777778,3.43138888888889,4.18277777777778,3.96,3.21805555555556,4.55638888888889,4.16444444444444,3.38916666666667,3.62444444444445,3.71527777777778,4.14166666666667,2.90388888888889,4.07694444444444,3.7625,3.74111111111111,3.75944444444444,3.79805555555556,3.44888888888889,0.825833333333333,5.69055555555556,0.086666666666667,3.68305555555556,2.38361111111111,3.65277777777778,4.41305555555556,3.80472222222222,3.80916666666667,3.75055555555556,3.82027777777778,3.78972222222222,3.92555555555556,3.72111111111111,3.80222222222222,4.50805555555556,3.35944444444444,4.07444444444444,4.08722222222222,5.77777777777778
"L124",0.86,1.07027777777778,1.98194444444444,3.81527777777778,0.683611111111111,0.998888888888889,1.46138888888889,2.65166666666667,0.518055555555556,1.31638888888889,1.65444444444444,2.59916666666667,4.71027777777778,3.99333333333333,0.383055555555555,0.246666666666667,0.618888888888889,0.4175,1.17888888888889,0.413055555555555,0.39,0.895,0.388055555555555,0.37,0.686388888888889,0.746388888888889,0.618888888888889,0.116666666666667,0.443888888888889,0.895,2.31083333333333,2.61944444444444,2.43611111111111,0.6875,0.553888888888889,0.387222222222222,0.39,0.574722222222222,0.648333333333333,1.71,0.576666666666667,3.83111111111111,0,1.11694444444444,3.88833333333333,3.83333333333333,0.57,0.120555555555555,0.421666666666667,0.120833333333333,0.215,1.55027777777778,1.39,0.742777777777778,0.873055555555556,0.551944444444444,2.46833333333333,1.43194444444444,0.871111111111111,0.769722222222222,0.988888888888889,0.309444444444444,0.848333333333333,2.09583333333333,0.7675,0.492777777777778,0.208055555555555,0.359722222222222,0.355555555555555,0.732222222222222,4.56166666666667,2.41027777777778,3.87888888888889,0.235,2.4025,0.712222222222222,1.10361111111111,0.396111111111111,1.20888888888889,0.411944444444444,0.366944444444444,0.336388888888889,0.4725,0.962777777777778,0.094722222222222,1.29777777777778,1.45777777777778,0.742777777777778,0.615277777777778,2.4975
"L865",1.01222222222222,1.3175,1.80111111111111,4.38722222222222,0.835833333333333,0.736111111111111,1.70833333333333,3.22361111111111,1.0775,0.394722222222222,1.90138888888889,3.17138888888889,5.28222222222222,4.56555555555556,1.05861111111111,0.944444444444444,0.778333333333333,1.02888888888889,0.165,1.14222222222222,1.05583333333333,0.751666666666667,1.06361111111111,1.05444444444444,0.838888888888889,0.865555555555556,0.778333333333333,1.05222222222222,1.17305555555556,0.751666666666667,2.88277777777778,1.95611111111111,3.00833333333333,0.848888888888889,1.12583333333333,1.08,1.05583333333333,0.7375,0.748333333333333,1.95694444444444,1.14888888888889,4.40333333333333,1.1375,0,4.46027777777778,4.40527777777778,1.14194444444444,1.07444444444444,1.15055555555556,1.05166666666667,0.988888888888889,1.7975,1.63694444444444,1.31472222222222,0.778611111111111,0.978055555555556,3.04055555555556,1.67888888888889,0.575555555555556,1.34194444444444,1.56083333333333,0.928888888888889,0.434722222222222,2.66805555555556,0.707222222222222,0.848333333333333,1.01694444444444,1.03527777777778,1.07416666666667,1.30416666666667,5.13361111111111,2.22944444444444,4.45083333333333,0.958888888888889,2.97472222222222,1.28444444444444,0.845277777777778,1.08083333333333,1.45583333333333,1.02666666666667,1.09611111111111,1.06555555555556,1.20138888888889,1.535,1.07805555555556,1.54472222222222,1.9375,0.825277777777778,1,2.31666666666667
"L519",4.13888888888889,3.82444444444444,5.26111111111111,0.098055555555556,3.96722222222222,4.3075,4.69416666666667,2.94555555555556,3.97027777777778,4.60861111111111,4.25361111111111,3.40611111111111,0.992777777777778,0.174722222222222,3.78166666666667,3.6675,3.96833333333333,3.75166666666667,4.47111111111111,3.86527777777778,3.77861111111111,4.18722222222222,3.78666666666667,3.7775,3.97,4.02111111111111,3.96833333333333,3.77527777777778,3.89583333333333,4.18722222222222,3.1175,5.91166666666667,2.07638888888889,3.99583333333333,3.52361111111111,3.80305555555556,3.77861111111111,3.84972222222222,3.99777777777778,4.30916666666667,3.51638888888889,0.080555555555556,3.86055555555556,4.40916666666667,0,0.210555555555555,3.50944444444444,3.7975,3.87361111111111,3.77444444444444,3.72833333333333,4.75972222222222,4.59916666666667,3.43027777777778,4.18166666666667,3.95888888888889,3.21694444444444,4.55527777777778,4.16333333333333,3.38805555555556,3.62333333333333,3.71416666666667,4.14055555555556,2.90277777777778,4.07583333333333,3.76138888888889,3.74,3.75833333333333,3.79694444444444,3.44777777777778,0.768888888888889,5.68944444444445,0.058888888888889,3.68194444444444,2.38277777777778,3.65166666666667,4.41194444444444,3.80361111111111,3.80805555555556,3.74972222222222,3.81916666666667,3.78861111111111,3.92444444444444,3.72,3.80111111111111,4.50694444444444,3.35833333333333,4.07333333333333,4.08611111111111,5.77666666666667
"L501",4.0825,3.76777777777778,5.20444444444444,0.153055555555556,3.91055555555556,4.25083333333333,4.6375,2.88888888888889,3.91361111111111,4.55194444444444,4.19694444444444,3.34944444444444,0.977777777777778,0.3025,3.725,3.61083333333333,3.91166666666667,3.695,4.41444444444444,3.80861111111111,3.72194444444444,4.13055555555556,3.73,3.72083333333333,3.91333333333333,3.96444444444444,3.91166666666667,3.71861111111111,3.83916666666667,4.13055555555556,3.06111111111111,5.855,2.02,3.93944444444444,3.46722222222222,3.74638888888889,3.72194444444444,3.79305555555556,3.94111111111111,4.2525,3.45972222222222,0.168888888888889,3.80388888888889,4.3525,0.226111111111111,0,3.45277777777778,3.74083333333333,3.81694444444444,3.71777777777778,3.67194444444444,4.70305555555556,4.5425,3.37361111111111,4.125,3.90222222222222,3.16027777777778,4.49861111111111,4.10694444444444,3.33166666666667,3.56666666666667,3.6575,4.08388888888889,2.84611111111111,4.01944444444445,3.70472222222222,3.68333333333333,3.70166666666667,3.74055555555556,3.39138888888889,0.899444444444444,5.63277777777778,0.216666666666667,3.62527777777778,2.32611111111111,3.59527777777778,4.35555555555556,3.74722222222222,3.75166666666667,3.69305555555556,3.7625,3.73194444444444,3.86777777777778,3.66333333333333,3.74444444444444,4.45027777777778,3.30194444444444,4.01694444444444,4.02944444444444,5.72
"L776",0.879444444444444,1.08583333333333,2.00166666666667,3.48805555555556,0.7075,1.04805555555556,1.47666666666667,2.32444444444444,0.710833333333333,1.34916666666667,1.62583333333333,2.27222222222222,4.38305555555556,3.66638888888889,0.522222222222222,0.408055555555556,0.708888888888889,0.492222222222222,1.21166666666667,0.605833333333333,0.519166666666667,0.927777777777778,0.527222222222222,0.518055555555556,0.710555555555556,0.761666666666667,0.708888888888889,0.515833333333333,0.636388888888889,0.927777777777778,1.98361111111111,2.65222222222222,2.10916666666667,0.736388888888889,0.228888888888889,0.543611111111111,0.519166666666667,0.590277777777778,0.738333333333333,1.68138888888889,0.006944444444444,3.50416666666667,0.601111111111111,1.14972222222222,3.56111111111111,3.50611111111111,0,0.538055555555555,0.614166666666667,0.515,0.468888888888889,1.56583333333333,1.40527777777778,0.415555555555556,0.922222222222222,0.699444444444444,2.14138888888889,1.44722222222222,0.903888888888889,0.4425,0.618611111111111,0.454722222222222,0.881111111111111,1.76888888888889,0.816388888888889,0.501944444444444,0.480555555555555,0.498888888888889,0.5375,0.344166666666667,4.23444444444445,2.43,3.55166666666667,0.4225,2.07555555555556,0.1425,1.1525,0.544166666666667,1.18027777777778,0.49,0.559722222222222,0.529166666666667,0.665,0.3825,0.541666666666667,1.31305555555556,1.13055555555556,0.813888888888889,0.826666666666667,2.51722222222222
"L554",0.760833333333333,0.971111111111111,1.88277777777778,3.71611111111111,0.584444444444444,0.913888888888889,1.36222222222222,2.5525,0.456944444444444,1.21722222222222,1.55527777777778,2.5,4.61111111111111,3.89416666666667,0.286111111111111,0.155,0.558611111111111,0.320555555555555,1.07972222222222,0.351944444444444,0.301388888888889,0.795833333333333,0.291111111111111,0.273055555555555,0.587222222222222,0.647222222222222,0.558611111111111,0.091944444444444,0.382777777777778,0.795833333333333,2.21166666666667,2.52027777777778,2.33694444444444,0.602222222222222,0.454722222222222,0.297222222222222,0.301388888888889,0.475555555555555,0.588055555555556,1.61083333333333,0.477777777777778,3.73194444444444,0.149444444444444,1.01777777777778,3.78916666666667,3.73416666666667,0.470833333333333,0,0.360555555555556,0.134722222222222,0.093888888888889,1.45111111111111,1.29083333333333,0.643611111111111,0.787777777777778,0.506388888888889,2.36916666666667,1.33277777777778,0.772222222222222,0.670555555555556,0.889722222222222,0.188333333333333,0.749166666666667,1.99666666666667,0.682222222222222,0.367777777777778,0.202777777777778,0.262777777777778,0.291666666666667,0.633055555555556,4.4625,2.31111111111111,3.77972222222222,0.139444444444444,2.30333333333333,0.613333333333333,1.01833333333333,0.299166666666667,1.10972222222222,0.315,0.305833333333333,0.275277777777778,0.411388888888889,0.863888888888889,0.089722222222222,1.19861111111111,1.35861111111111,0.696944444444444,0.572777777777778,2.39861111111111
"L596",0.89,1.09611111111111,2.01194444444444,3.87138888888889,0.718055555555556,0.668888888888889,1.48722222222222,2.70777777777778,0.138055555555555,1.14638888888889,1.68027777777778,2.65555555555556,4.76638888888889,4.04972222222222,0.447777777777778,0.311111111111111,0.719166666666667,0.482222222222222,1.19861111111111,0.135,0.462777777777778,0.959444444444444,0.452777777777778,0.443611111111111,0.721111111111111,0.772222222222222,0.719166666666667,0.435833333333333,0.180277777777778,0.959444444444444,2.36694444444444,2.68388888888889,2.4925,0.379444444444444,0.61,0.399722222222222,0.462777777777778,0.600555555555555,0.748611111111111,1.73583333333333,0.633055555555556,3.8875,0.5125,1.18138888888889,3.94444444444444,3.88944444444444,0.626111111111111,0.449166666666667,0,0.435,0.380277777777778,1.57611111111111,1.41555555555556,0.798888888888889,0.528611111111111,0.540277777777778,2.52472222222222,1.45777777777778,0.833333333333333,0.826111111111111,1.045,0.3625,0.912777777777778,2.15222222222222,0.528333333333333,0.5125,0.273611111111111,0.424444444444444,0.4475,0.788333333333333,4.61777777777778,2.44055555555556,3.935,0.345,2.45888888888889,0.768611111111111,0.806944444444444,0.47,1.23472222222222,0.476666666666667,0.0925,0.213333333333333,0.101388888888889,1.01916666666667,0.453055555555556,1.32333333333333,1.51388888888889,0.665,0.253888888888889,2.52777777777778
1397,0.780833333333333,0.991388888888889,1.90277777777778,3.73611111111111,0.604444444444444,0.933888888888889,1.38222222222222,2.5725,0.437222222222222,1.2375,1.57527777777778,2.52027777777778,4.63111111111111,3.91444444444445,0.298333333333333,0.1675,0.607777777777778,0.332777777777778,1.1,0.332222222222222,0.311111111111111,0.815833333333333,0.303333333333333,0.285,0.6075,0.667222222222222,0.607777777777778,0.064166666666667,0.363055555555556,0.815833333333333,2.23166666666667,2.54055555555556,2.35722222222222,0.622222222222222,0.474722222222222,0.308333333333333,0.311111111111111,0.495833333333333,0.637222222222222,1.63083333333333,0.497777777777778,3.75222222222222,0.183333333333333,1.03777777777778,3.80916666666667,3.75416666666667,0.490833333333333,0.120555555555555,0.340833333333333,0,0.166111111111111,1.47111111111111,1.31083333333333,0.663611111111111,0.807777777777778,0.568333333333333,2.38944444444444,1.35277777777778,0.792222222222222,0.690555555555556,0.909722222222222,0.246388888888889,0.769166666666667,2.01694444444444,0.702222222222222,0.387777777777778,0.127222222222222,0.275,0.276666666666667,0.653055555555556,4.4825,2.33138888888889,3.79972222222222,0.150277777777778,2.32361111111111,0.633333333333333,1.03833333333333,0.311388888888889,1.12972222222222,0.326944444444444,0.286388888888889,0.255555555555555,0.391666666666667,0.883888888888889,0.128888888888889,1.21861111111111,1.37861111111111,0.699722222222222,0.553055555555556,2.41861111111111
"L979",0.758055555555556,0.977777777777778,1.88,3.73888888888889,0.581666666666667,0.853333333333333,1.36861111111111,2.57527777777778,0.48,1.21472222222222,1.56194444444444,2.52305555555556,4.63416666666667,3.91722222222222,0.308888888888889,0.177777777777778,0.473611111111111,0.343333333333333,1.07722222222222,0.375,0.324166666666667,0.793055555555555,0.314166666666667,0.295833333333333,0.584722222222222,0.665833333333333,0.473611111111111,0.213333333333333,0.405555555555555,0.793055555555555,2.23444444444444,2.51777777777778,2.36,0.541944444444444,0.4775,0.32,0.324166666666667,0.494444444444444,0.502777777777778,1.61722222222222,0.500555555555555,3.755,0.231111111111111,1.015,3.81194444444445,3.75694444444444,0.493611111111111,0.156388888888889,0.383333333333333,0.241666666666667,0,1.45777777777778,1.29722222222222,0.666388888888889,0.7275,0.412777777777778,2.39222222222222,1.33916666666667,0.769444444444444,0.693611111111111,0.9125,0.1875,0.746388888888889,2.01972222222222,0.621944444444444,0.347222222222222,0.251388888888889,0.285833333333333,0.314444444444444,0.655833333333333,4.48527777777778,2.30861111111111,3.8025,0.162222222222222,2.32638888888889,0.636111111111111,0.958055555555556,0.322222222222222,1.11638888888889,0.337777777777778,0.328888888888889,0.298333333333333,0.434166666666667,0.886666666666667,0.176944444444444,1.205,1.38138888888889,0.603611111111111,0.595833333333333,2.39583333333333
5094,1.38861111111111,1.22611111111111,2.28805555555556,4.61777777777778,1.21666666666667,1.75388888888889,0.655833333333333,3.45388888888889,1.535,1.86805555555556,0.915,3.40166666666667,5.46111111111111,4.79583333333333,1.3825,1.26833333333333,1.3225,1.35555555555556,1.73055555555556,1.43,1.3825,1.44638888888889,1.38777777777778,1.37861111111111,1.21944444444444,1.27055555555556,1.3225,1.37305555555556,1.46083333333333,1.44638888888889,3.11305555555556,2.93138888888889,3.23861111111111,1.48472222222222,1.45416666666667,1.40666666666667,1.3825,1.09916666666667,1.305,0.906944444444444,1.47722222222222,4.63361111111111,1.45833333333333,1.66861111111111,4.69055555555556,4.63555555555556,1.47027777777778,1.39527777777778,1.43861111111111,1.37222222222222,1.32638888888889,0,0.656388888888889,1.64305555555556,1.62555555555556,1.44777777777778,3.27083333333333,0.718055555555556,1.42277777777778,1.67,1.88916666666667,1.22194444444444,1.39972222222222,2.89833333333333,1.505,1.20222222222222,1.33777777777778,1.35944444444444,1.39805555555556,1.6325,5.36388888888889,2.71666666666667,4.68111111111111,1.27972222222222,3.205,1.6125,1.84111111111111,1.40472222222222,1.36388888888889,1.35333333333333,1.38388888888889,1.35333333333333,1.48944444444444,1.86333333333333,1.39888888888889,0.660833333333333,1.84555555555556,1.52805555555556,1.62694444444444,2.80388888888889
"L544",1.24416666666667,0.917222222222222,2.14388888888889,4.47333333333333,1.0725,1.60944444444444,0.121666666666667,3.30972222222222,1.39083333333333,1.72388888888889,1.43444444444444,3.2575,5.36833333333333,4.65166666666667,1.23833333333333,1.12416666666667,1.17833333333333,1.21138888888889,1.58638888888889,1.28583333333333,1.23833333333333,1.30222222222222,1.24361111111111,1.23444444444444,1.07527777777778,1.12638888888889,1.17833333333333,1.22888888888889,1.31666666666667,1.30222222222222,2.96888888888889,2.78722222222222,3.09444444444444,1.34055555555556,1.31,1.2625,1.23833333333333,0.955,1.16083333333333,1.42666666666667,1.33277777777778,4.48944444444444,1.31416666666667,1.52416666666667,4.54638888888889,4.49138888888889,1.32611111111111,1.25111111111111,1.29444444444444,1.22805555555556,1.18194444444444,0.544444444444444,0,1.49888888888889,1.48111111111111,1.30333333333333,3.12666666666667,0.206944444444444,1.27861111111111,1.52583333333333,1.745,1.07777777777778,1.25555555555556,2.75416666666667,1.36083333333333,1.05777777777778,1.19361111111111,1.21527777777778,1.25388888888889,1.48833333333333,5.21972222222222,2.5725,4.53694444444444,1.13555555555556,3.06083333333333,1.46833333333333,1.69694444444444,1.26055555555556,1.21972222222222,1.20916666666667,1.23972222222222,1.20916666666667,1.34527777777778,1.71888888888889,1.25472222222222,0.116111111111111,1.70138888888889,1.38388888888889,1.48277777777778,2.65972222222222
"L684",0.993611111111111,1.05555555555556,2.11583333333333,3.34694444444444,0.821944444444445,1.16222222222222,1.59083333333333,2.18333333333333,0.825,1.46333333333333,1.48472222222222,2.13111111111111,4.24194444444444,3.525,0.636388888888889,0.522222222222222,0.823055555555555,0.606388888888889,1.32583333333333,0.72,0.633333333333333,1.04194444444444,0.641388888888889,0.632222222222222,0.824722222222222,0.875833333333333,0.823055555555555,0.63,0.750555555555555,1.04194444444444,1.8425,2.76638888888889,1.96777777777778,0.850833333333333,0.378611111111111,0.657777777777778,0.633333333333333,0.704444444444444,0.8525,1.54027777777778,0.371111111111111,3.36277777777778,0.715277777777778,1.26388888888889,3.42,3.365,0.364166666666667,0.652222222222222,0.728333333333333,0.629166666666667,0.583055555555555,1.68,1.51944444444444,0,1.03638888888889,0.813611111111111,2.00027777777778,1.56138888888889,1.01805555555556,0.109444444444444,0.518888888888889,0.568888888888889,0.995277777777778,1.6275,0.930555555555556,0.616111111111111,0.594722222222222,0.613055555555556,0.651944444444444,0.343611111111111,4.09333333333333,2.54416666666667,3.41055555555556,0.536666666666667,1.93444444444444,0.506666666666667,1.26694444444444,0.658333333333333,1.03916666666667,0.604444444444444,0.673888888888889,0.643333333333333,0.779166666666667,0.615833333333333,0.655833333333333,1.42722222222222,0.989444444444444,0.928055555555556,0.940833333333333,2.63138888888889
"L913",0.965833333333333,1.27111111111111,2.08805555555556,4.13722222222222,0.789444444444444,0.177777777777778,1.66194444444444,2.97361111111111,0.425555555555556,0.671944444444444,1.855,2.92111111111111,5.03222222222222,4.31527777777778,0.808333333333333,0.694166666666667,0.664166666666667,0.778611111111111,0.723888888888889,0.572222222222222,0.805555555555556,0.705277777777778,0.813333333333333,0.804166666666667,0.7925,0.819166666666667,0.664166666666667,0.802222222222222,0.6175,0.705277777777778,2.6325,2.34083333333333,2.75805555555556,0.295277777777778,0.875833333333333,0.829722222222222,0.805555555555556,0.691111111111111,0.693611111111111,1.91055555555556,0.898611111111111,4.15305555555556,0.818611111111111,0.816111111111111,4.21,4.155,0.891666666666667,0.796944444444444,0.580833333333333,0.801388888888889,0.739166666666667,1.75111111111111,1.59055555555556,1.06444444444444,0,0.436388888888889,2.79027777777778,1.6325,0.523055555555556,1.09166666666667,1.31055555555556,0.657777777777778,0.569722222222222,2.41777777777778,0.195,0.6,0.710833333333333,0.785,0.823888888888889,1.05388888888889,4.88333333333333,2.51638888888889,4.20083333333333,0.708611111111111,2.72444444444444,1.03416666666667,0.3325,0.830555555555556,1.40972222222222,0.776388888888889,0.611388888888889,0.684444444444444,0.559166666666667,1.28472222222222,0.8175,1.49833333333333,1.77944444444444,0.561111111111111,0.335,2.60361111111111
"L710",0.795277777777778,1.015,1.91722222222222,3.85972222222222,0.618888888888889,0.506388888888889,1.40583333333333,2.69611111111111,0.414444444444444,0.998333333333333,1.59916666666667,2.64388888888889,4.75472222222222,4.03805555555556,0.531111111111111,0.416944444444444,0.4175,0.501111111111111,0.957222222222222,0.561111111111111,0.528055555555556,0.761944444444444,0.536111111111111,0.526944444444444,0.621944444444444,0.711666666666667,0.4175,0.524722222222222,0.619444444444444,0.761944444444444,2.35527777777778,2.39777777777778,2.48083333333333,0.194722222222222,0.598333333333333,0.5525,0.528055555555556,0.5275,0.446944444444444,1.65444444444444,0.621388888888889,3.87583333333333,0.504166666666667,0.895,3.93277777777778,3.87777777777778,0.614444444444444,0.490555555555556,0.597222222222222,0.523888888888889,0.461944444444444,1.495,1.33444444444444,0.787222222222222,0.380277777777778,0,2.51305555555556,1.37638888888889,0.582222222222222,0.814444444444444,1.03333333333333,0.380555555555555,0.626388888888889,2.14055555555556,0.274722222222222,0.3225,0.489444444444444,0.507777777777778,0.546666666666667,0.776666666666667,4.60611111111111,2.34583333333333,3.92333333333333,0.431388888888889,2.44722222222222,0.756944444444444,0.610833333333333,0.553333333333333,1.15361111111111,0.499166666666667,0.5425,0.511944444444444,0.548055555555556,1.0075,0.511111111111111,1.24222222222222,1.50222222222222,0.2675,0.336944444444444,2.43305555555556
5234,2.6425,2.32805555555556,3.76472222222222,3.11361111111111,2.47083333333333,2.81111111111111,3.19777777777778,0.5725,2.47388888888889,3.11222222222222,2.75722222222222,0.443611111111111,4.00861111111111,3.29166666666667,2.28527777777778,2.17111111111111,2.47194444444444,2.25527777777778,2.97472222222222,2.36888888888889,2.28222222222222,2.69083333333333,2.29027777777778,2.28111111111111,2.47361111111111,2.52472222222222,2.47194444444444,2.27888888888889,2.39944444444444,2.69083333333333,0.175833333333333,4.41527777777778,1.25388888888889,2.49944444444444,2.02722222222222,2.30666666666667,2.28222222222222,2.35333333333333,2.50138888888889,2.81277777777778,2.02,3.12944444444444,2.36416666666667,2.91277777777778,3.18638888888889,3.13138888888889,2.01305555555556,2.30111111111111,2.37722222222222,2.27805555555556,2.23194444444444,3.26333333333333,3.10277777777778,1.93388888888889,2.68527777777778,2.4625,0,3.05888888888889,2.66694444444444,1.89166666666667,2.12694444444444,2.21777777777778,2.64416666666667,0.418055555555555,2.57944444444444,2.265,2.24361111111111,2.26194444444444,2.30083333333333,1.95138888888889,3.86,4.19305555555556,3.17722222222222,2.18555555555556,0.776111111111111,2.15555555555556,2.91555555555556,2.30722222222222,2.31166666666667,2.25333333333333,2.32277777777778,2.29222222222222,2.42805555555556,2.22361111111111,2.30472222222222,3.01055555555556,1.86194444444444,2.57694444444444,2.58972222222222,4.28027777777778
"L587",1.36166666666667,0.836666666666667,2.26138888888889,4.57277777777778,1.19,1.72694444444444,0.138611111111111,3.40916666666667,1.50833333333333,1.84138888888889,1.56222222222222,3.35694444444444,5.46777777777778,4.75111111111111,1.35583333333333,1.24166666666667,1.29583333333333,1.32888888888889,1.70388888888889,1.40333333333333,1.35583333333333,1.41972222222222,1.36111111111111,1.35194444444444,1.19277777777778,1.24388888888889,1.29583333333333,1.34638888888889,1.43416666666667,1.41972222222222,3.06833333333333,2.90472222222222,3.19388888888889,1.45805555555556,1.4275,1.38,1.35583333333333,1.0725,1.27833333333333,1.55416666666667,1.45027777777778,4.58888888888889,1.43166666666667,1.64194444444444,4.64583333333333,4.59083333333333,1.44361111111111,1.36861111111111,1.41194444444444,1.34555555555556,1.29944444444444,0.647222222222222,0.135833333333333,1.61638888888889,1.59861111111111,1.42083333333333,3.22611111111111,0,1.39611111111111,1.64333333333333,1.8625,1.19527777777778,1.37305555555556,2.85361111111111,1.47833333333333,1.17527777777778,1.31111111111111,1.33277777777778,1.37138888888889,1.60583333333333,5.31916666666667,2.69,4.63638888888889,1.25305555555556,3.16027777777778,1.58583333333333,1.81444444444444,1.37805555555556,1.31916666666667,1.32666666666667,1.35722222222222,1.32666666666667,1.46277777777778,1.83638888888889,1.37222222222222,0.190277777777778,1.80083333333333,1.50138888888889,1.60027777777778,2.77722222222222
"L772",0.679722222222222,0.985,1.80194444444444,4.055,0.503333333333333,0.596388888888889,1.37583333333333,2.89138888888889,0.718055555555556,0.719166666666667,1.56888888888889,2.83888888888889,4.95,4.23305555555556,0.726111111111111,0.611944444444444,0.420277777777778,0.696388888888889,0.54,0.809722222222222,0.723333333333333,0.419166666666667,0.731111111111111,0.721944444444445,0.506388888888889,0.533055555555556,0.420277777777778,0.72,0.840555555555556,0.419166666666667,2.55027777777778,2.02222222222222,2.67583333333333,0.489444444444444,0.793611111111111,0.7475,0.723333333333333,0.405,0.415833333333333,1.62444444444444,0.816388888888889,4.07083333333333,0.805277777777778,0.519444444444444,4.12777777777778,4.07277777777778,0.809444444444444,0.741944444444444,0.818333333333333,0.719166666666667,0.656388888888889,1.465,1.30444444444444,0.982222222222222,0.468055555555555,0.582777777777778,2.70805555555556,1.34638888888889,0,1.00944444444444,1.22833333333333,0.596666666666667,0.207777777777778,2.33555555555556,0.3475,0.515833333333333,0.684444444444444,0.702777777777778,0.741666666666667,0.971666666666667,4.80111111111111,2.23027777777778,4.11861111111111,0.626388888888889,2.64222222222222,0.951944444444444,0.683611111111111,0.748333333333333,1.12361111111111,0.694166666666667,0.763611111111111,0.733055555555556,0.868888888888889,1.2025,0.745555555555556,1.21222222222222,1.605,0.408055555555556,0.640555555555555,2.3175
"L607",1.03638888888889,1.01333333333333,2.15833333333333,3.305,0.864444444444444,1.205,1.63361111111111,2.14138888888889,0.8675,1.50611111111111,1.44277777777778,2.08888888888889,4.2,3.48305555555556,0.678888888888889,0.564722222222222,0.865833333333333,0.649166666666667,1.36861111111111,0.7625,0.676111111111111,1.08444444444444,0.683888888888889,0.675,0.8675,0.918611111111111,0.865833333333333,0.672777777777778,0.793333333333333,1.08444444444444,1.80027777777778,2.80916666666667,1.92583333333333,0.893333333333333,0.421111111111111,0.700277777777778,0.676111111111111,0.747222222222222,0.895,1.49833333333333,0.413611111111111,3.32083333333333,0.758055555555556,1.30666666666667,3.37777777777778,3.32277777777778,0.406666666666667,0.694722222222222,0.771111111111111,0.671944444444444,0.625833333333333,1.7225,1.56222222222222,0.066666666666667,1.07888888888889,0.856111111111111,1.95805555555556,1.60416666666667,1.06083333333333,0,0.559722222222222,0.611666666666667,1.03805555555556,1.58555555555556,0.973333333333333,0.658888888888889,0.6375,0.655555555555556,0.694444444444444,0.384444444444444,4.05111111111111,2.58694444444444,3.36861111111111,0.579444444444444,1.89222222222222,0.549166666666667,1.30944444444444,0.701111111111111,0.997222222222222,0.646944444444444,0.716388888888889,0.685833333333333,0.821944444444445,0.656388888888889,0.698333333333333,1.47,0.947222222222222,0.970833333333333,0.983333333333333,2.67416666666667
"L657",1.29777777777778,1.28888888888889,2.41972222222222,3.58805555555556,1.12583333333333,1.46638888888889,1.895,2.32305555555556,1.12888888888889,1.7675,1.71833333333333,2.2075,4.48305555555556,3.76611111111111,0.940277777777778,0.826111111111111,1.12722222222222,0.910555555555555,1.63,1.02388888888889,0.9375,1.34611111111111,0.945555555555556,0.936388888888889,1.12888888888889,1.18,1.12722222222222,0.934166666666667,1.05472222222222,1.34611111111111,1.98222222222222,3.07055555555556,2.20888888888889,1.15472222222222,0.566388888888889,0.961666666666667,0.9375,1.00861111111111,1.15638888888889,1.77388888888889,0.681111111111111,3.60388888888889,1.01944444444444,1.56805555555556,3.66111111111111,3.60611111111111,0.674166666666667,0.956111111111111,1.0325,0.933333333333333,0.887222222222222,1.98388888888889,1.82361111111111,0.597222222222222,1.34027777777778,1.1175,2.13972222222222,1.86555555555556,1.32222222222222,0.592777777777778,0,0.873055555555556,1.29944444444444,1.76722222222222,1.23472222222222,0.920277777777778,0.898888888888889,0.917222222222222,0.955833333333333,0.331944444444444,4.33444444444444,2.84833333333333,3.65166666666667,0.840833333333333,2.07388888888889,0.606944444444444,1.57083333333333,0.9625,1.27277777777778,0.908333333333333,0.977777777777778,0.947222222222222,1.08333333333333,0.411111111111111,0.96,1.73138888888889,1.21111111111111,1.23222222222222,1.24472222222222,2.93555555555556
"L788",0.640555555555555,0.846666666666667,1.7625,3.67333333333333,0.468611111111111,0.798888888888889,1.2375,2.50972222222222,0.394722222222222,1.11305555555556,1.43083333333333,2.45722222222222,4.56833333333333,3.85138888888889,0.242222222222222,0.128055555555556,0.459444444444444,0.246944444444444,0.975555555555556,0.289722222222222,0.2575,0.691388888888889,0.2475,0.238333333333333,0.471388888888889,0.5225,0.459444444444444,0.190277777777778,0.320555555555555,0.691388888888889,2.16888888888889,2.41583333333333,2.29416666666667,0.487222222222222,0.411944444444444,0.263333333333333,0.2575,0.351111111111111,0.488888888888889,1.48611111111111,0.434722222222222,3.68916666666667,0.271666666666667,0.913333333333333,3.74611111111111,3.69111111111111,0.428055555555556,0.208333333333333,0.298333333333333,0.233055555555555,0.138888888888889,1.32666666666667,1.16611111111111,0.600833333333333,0.672777777777778,0.45,2.32638888888889,1.20805555555556,0.667777777777778,0.627777777777778,0.846944444444445,0,0.644722222222222,1.95388888888889,0.567222222222222,0.248333333333333,0.1975,0.219166666666667,0.257777777777778,0.59,4.41972222222222,2.19083333333333,3.73694444444444,0.144444444444444,2.26055555555556,0.570277777777778,0.903333333333333,0.264444444444444,0.985277777777778,0.244722222222222,0.243611111111111,0.213055555555555,0.349166666666667,0.820833333333333,0.211944444444444,1.07388888888889,1.31583333333333,0.564722222222222,0.510555555555556,2.27805555555556
"L866",0.726111111111111,1.03111111111111,1.80888888888889,4.10111111111111,0.549444444444444,0.669444444444444,1.42222222222222,2.9375,0.791111111111111,0.660277777777778,1.61527777777778,2.885,4.99611111111111,4.27916666666667,0.772222222222222,0.658055555555556,0.492222222222222,0.7425,0.425555555555556,0.855833333333333,0.769444444444444,0.465555555555556,0.777222222222222,0.768333333333333,0.5525,0.579166666666667,0.492222222222222,0.766111111111111,0.886666666666667,0.465555555555556,2.59666666666667,1.96333333333333,2.72194444444444,0.562777777777778,0.839722222222222,0.793611111111111,0.769444444444444,0.451111111111111,0.461944444444444,1.67083333333333,0.8625,4.11694444444444,0.851388888888889,0.412222222222222,4.17388888888889,4.11888888888889,0.855833333333333,0.788055555555555,0.864444444444444,0.765277777777778,0.702777777777778,1.51111111111111,1.35083333333333,1.02861111111111,0.541111111111111,0.691666666666667,2.75416666666667,1.39277777777778,0.216944444444444,1.05555555555556,1.27472222222222,0.642777777777778,0,2.38166666666667,0.420833333333333,0.561944444444444,0.730833333333333,0.749166666666667,0.787777777777778,1.01805555555556,4.8475,2.23722222222222,4.16472222222222,0.672777777777778,2.68833333333333,0.998055555555556,0.756944444444444,0.794444444444444,1.16972222222222,0.740277777777778,0.809722222222222,0.779166666666667,0.915277777777778,1.24861111111111,0.791944444444444,1.25861111111111,1.65111111111111,0.539166666666667,0.713611111111111,2.32444444444444
"L990",2.35555555555556,2.04111111111111,3.47777777777778,2.82666666666667,2.18361111111111,2.52416666666667,2.91083333333333,0.738333333333333,2.18694444444444,2.82527777777778,2.47027777777778,0.598888888888889,3.72166666666667,3.00472222222222,1.99833333333333,1.88388888888889,2.185,1.96833333333333,2.68777777777778,2.08194444444444,1.99527777777778,2.40388888888889,2.00333333333333,1.99416666666667,2.18666666666667,2.23777777777778,2.185,1.99194444444444,2.1125,2.40388888888889,0.310555555555555,4.12833333333333,0.966944444444444,2.2125,1.74027777777778,2.01972222222222,1.99527777777778,2.06638888888889,2.21444444444444,2.52583333333333,1.73277777777778,2.8425,2.07722222222222,2.62583333333333,2.89944444444444,2.84444444444444,1.72611111111111,2.01416666666667,2.09027777777778,1.99111111111111,1.945,2.97638888888889,2.81583333333333,1.64694444444444,2.39833333333333,2.17555555555556,0.468055555555555,2.77194444444444,2.38,1.60472222222222,1.84,1.93083333333333,2.35722222222222,0,2.2925,1.97805555555556,1.95666666666667,1.975,2.01361111111111,1.66444444444444,3.57305555555556,3.90611111111111,2.89027777777778,1.89861111111111,0.489166666666667,1.86833333333333,2.62861111111111,2.02027777777778,2.02472222222222,1.96611111111111,2.03583333333333,2.00527777777778,2.14111111111111,1.93666666666667,2.01777777777778,2.72361111111111,1.575,2.29,2.30277777777778,3.99333333333333
9132,0.926111111111111,1.23138888888889,2.04805555555556,4.15472222222222,0.749722222222222,0.326666666666667,1.62222222222222,2.99111111111111,0.564722222222222,0.821666666666667,1.81527777777778,2.93888888888889,5.04972222222222,4.33305555555556,0.826111111111111,0.711944444444444,0.603055555555556,0.796388888888889,0.860555555555555,0.711388888888889,0.823333333333333,0.665555555555556,0.831111111111111,0.821944444444445,0.7525,0.779444444444444,0.603055555555556,0.819722222222222,0.756666666666667,0.665555555555556,2.65027777777778,2.30111111111111,2.77583333333333,0.336388888888889,0.893333333333333,0.8475,0.823333333333333,0.651111111111111,0.6325,1.87083333333333,0.916388888888889,4.17083333333333,0.836388888888889,0.798611111111111,4.22777777777778,4.17277777777778,0.909444444444444,0.814722222222222,0.72,0.819166666666667,0.756944444444444,1.71138888888889,1.55083333333333,1.08222222222222,0.196388888888889,0.454166666666667,2.80805555555556,1.59277777777778,0.483055555555556,1.10944444444444,1.32833333333333,0.675555555555556,0.53,2.43555555555556,0,0.617777777777778,0.784444444444445,0.802777777777778,0.841666666666667,1.07166666666667,4.90111111111111,2.47666666666667,4.21833333333333,0.726388888888889,2.74222222222222,1.05194444444444,0.341666666666667,0.848333333333333,1.36972222222222,0.794166666666667,0.750555555555555,0.806944444444444,0.698333333333333,1.3025,0.835277777777778,1.45861111111111,1.79722222222222,0.453055555555556,0.487222222222222,2.56388888888889
9336,0.651666666666667,0.846111111111111,1.77361111111111,3.72111111111111,0.475277777777778,0.710833333333333,1.23694444444444,2.5575,0.555,1.09361111111111,1.43,2.50527777777778,4.61611111111111,3.89944444444444,0.3925,0.278333333333333,0.371388888888889,0.3625,0.956111111111111,0.45,0.389444444444444,0.672222222222222,0.3975,0.388333333333333,0.478333333333333,0.533888888888889,0.371388888888889,0.395277777777778,0.480833333333333,0.672222222222222,2.21666666666667,2.39666666666667,2.34222222222222,0.399166666666667,0.459722222222222,0.413888888888889,0.389444444444444,0.3625,0.400833333333333,1.48555555555556,0.482777777777778,3.73722222222222,0.4525,0.894166666666667,3.79416666666667,3.73916666666667,0.475833333333333,0.413055555555555,0.458611111111111,0.385277777777778,0.308055555555556,1.32583333333333,1.16555555555556,0.648611111111111,0.584722222222222,0.361944444444444,2.37444444444444,1.2075,0.648333333333333,0.675555555555556,0.894722222222222,0.241944444444444,0.625555555555555,2.00166666666667,0.479166666666667,0,0.350833333333333,0.369166666666667,0.408055555555556,0.638055555555556,4.4675,2.20222222222222,3.78472222222222,0.292777777777778,2.30861111111111,0.618333333333333,0.815277777777778,0.414444444444444,0.984444444444444,0.360555555555556,0.403888888888889,0.373333333333333,0.509444444444444,0.868888888888889,0.416666666666667,1.07333333333333,1.36361111111111,0.476666666666667,0.541388888888889,2.28944444444444
9128,0.732777777777778,0.943333333333333,1.855,3.68833333333333,0.556388888888889,0.885833333333333,1.33416666666667,2.52472222222222,0.390555555555555,1.18944444444444,1.52722222222222,2.47222222222222,4.58333333333333,3.86638888888889,0.235833333333333,0.120277777777778,0.546666666666667,0.250277777777778,1.05194444444444,0.285555555555555,0.208055555555555,0.768055555555556,0.240833333333333,0.226944444444444,0.559444444444444,0.619166666666666,0.546666666666667,0.214722222222222,0.316111111111111,0.768055555555556,2.18361111111111,2.4925,2.30916666666667,0.574444444444444,0.426944444444444,0.199722222222222,0.208055555555555,0.447777777777778,0.576111111111111,1.58277777777778,0.449722222222222,3.70416666666667,0.328055555555555,0.99,3.76111111111111,3.70611111111111,0.442777777777778,0.264722222222222,0.293888888888889,0.213888888888889,0.195833333333333,1.42333333333333,1.26277777777778,0.615555555555556,0.76,0.537222222222222,2.34138888888889,1.30472222222222,0.744166666666666,0.642777777777778,0.861666666666667,0.213333333333333,0.721388888888889,1.96888888888889,0.654444444444444,0.339722222222222,0,0.2125,0.173611111111111,0.605,4.43444444444445,2.28333333333333,3.75194444444444,0.160555555555556,2.27555555555556,0.585277777777778,0.990555555555556,0.253055555555555,1.08166666666667,0.244722222222222,0.239444444444444,0.208888888888889,0.344722222222222,0.835833333333333,0.268611111111111,1.17055555555556,1.33083333333333,0.651944444444444,0.506388888888889,2.37055555555556
9109,0.845277777777778,1.05166666666667,1.9675,3.79194444444444,0.673333333333333,0.989722222222222,1.4425,2.62833333333333,0.551111111111111,1.29305555555556,1.63555555555556,2.57583333333333,4.68694444444444,3.97,0.183888888888889,0.232222222222222,0.650277777777778,0.070555555555556,1.15555555555556,0.446111111111111,0.135555555555555,0.871666666666667,0.041111111111111,0.117222222222222,0.676388888888889,0.7275,0.650277777777778,0.358611111111111,0.476944444444444,0.871666666666667,2.2875,2.59611111111111,2.41277777777778,0.678055555555556,0.530555555555556,0.289722222222222,0.135555555555555,0.556111111111111,0.679722222222222,1.69111111111111,0.553333333333333,3.80777777777778,0.439722222222222,1.09361111111111,3.86472222222222,3.80972222222222,0.546666666666667,0.376388888888889,0.454722222222222,0.355555555555555,0.3075,1.53138888888889,1.37111111111111,0.719444444444444,0.863611111111111,0.640833333333333,2.445,1.41305555555556,0.847777777777778,0.746388888888889,0.965555555555556,0.322777777777778,0.825,2.0725,0.758055555555556,0.443611111111111,0.321111111111111,0,0.156944444444444,0.708611111111111,4.53833333333333,2.39583333333333,3.85555555555556,0.263055555555555,2.37916666666667,0.688888888888889,1.09416666666667,0.143611111111111,1.19,0.064722222222222,0.4,0.318611111111111,0.505555555555556,0.939444444444444,0.38,1.27888888888889,1.43444444444444,0.755555555555556,0.666944444444444,2.48305555555556
9145,0.769444444444444,0.975833333333333,1.89166666666667,3.72305555555556,0.5975,0.938055555555555,1.36666666666667,2.55944444444444,0.473055555555556,1.22416666666667,1.55972222222222,2.50694444444444,4.61805555555556,3.90111111111111,0.130833333333333,0.149166666666667,0.598888888888889,0.070833333333333,1.08666666666667,0.368055555555556,0.089722222222222,0.802777777777778,0.130833333333333,0.143888888888889,0.600555555555555,0.651666666666667,0.598888888888889,0.274722222222222,0.398888888888889,0.802777777777778,2.21861111111111,2.52722222222222,2.34388888888889,0.626388888888889,0.461666666666667,0.239722222222222,0.089722222222222,0.480277777777778,0.628333333333333,1.61527777777778,0.484444444444444,3.73888888888889,0.361666666666667,1.02472222222222,3.79583333333333,3.74083333333333,0.477777777777778,0.298333333333333,0.376666666666667,0.273888888888889,0.229444444444444,1.45583333333333,1.29527777777778,0.650555555555556,0.812222222222222,0.589444444444444,2.37611111111111,1.33722222222222,0.778888888888889,0.6775,0.896666666666667,0.244722222222222,0.756111111111111,2.00361111111111,0.706388888888889,0.391944444444444,0.244444444444444,0.1025,0,0.64,4.46944444444444,2.32,3.78666666666667,0.185,2.31027777777778,0.62,1.0425,0.170277777777778,1.11416666666667,0.065277777777778,0.321944444444444,0.300277777777778,0.4275,0.870555555555555,0.302222222222222,1.20305555555556,1.36555555555556,0.703888888888889,0.588888888888889,2.40722222222222
9339,0.995555555555555,1.08277777777778,2.1175,3.38194444444444,0.823611111111111,1.16416666666667,1.59277777777778,2.21833333333333,0.826666666666667,1.46527777777778,1.51222222222222,2.16611111111111,4.27694444444444,3.56027777777778,0.638055555555556,0.523888888888889,0.824722222222222,0.608333333333333,1.32777777777778,0.721666666666667,0.635277777777778,1.04361111111111,0.643055555555556,0.634166666666667,0.826666666666667,0.877777777777778,0.824722222222222,0.631944444444444,0.7525,1.04361111111111,1.8775,2.76833333333333,2.00305555555556,0.8525,0.264166666666667,0.659444444444445,0.635277777777778,0.706111111111111,0.854166666666667,1.56777777777778,0.378611111111111,3.39805555555556,0.717222222222222,1.26555555555556,3.455,3.4,0.371944444444444,0.653888888888889,0.730277777777778,0.631111111111111,0.585,1.68166666666667,1.52111111111111,0.391388888888889,1.03805555555556,0.815277777777778,2.03527777777778,1.56333333333333,1.02,0.386666666666667,0.304444444444444,0.570555555555556,0.996944444444444,1.66277777777778,0.9325,0.618055555555556,0.596666666666667,0.614722222222222,0.653611111111111,0,4.12833333333333,2.54611111111111,3.44555555555556,0.538333333333333,1.96944444444444,0.29,1.26861111111111,0.660277777777778,1.06666666666667,0.606111111111111,0.675555555555556,0.645,0.781111111111111,0.389166666666667,0.6575,1.42888888888889,1.02444444444444,0.93,0.9425,2.63333333333333
"L424",4.86444444444444,4.54972222222222,5.98638888888889,0.82,4.6925,5.03305555555556,5.41972222222222,3.67083333333333,4.69555555555556,5.33416666666667,4.97916666666667,4.13138888888889,1.65944444444444,0.841388888888889,4.50694444444444,4.39277777777778,4.69361111111111,4.47722222222222,5.19666666666667,4.59055555555556,4.50416666666667,4.9125,4.51194444444444,4.50305555555556,4.69555555555556,4.74638888888889,4.69361111111111,4.50083333333333,4.62138888888889,4.9125,3.84305555555555,6.63722222222222,2.80194444444444,4.72138888888889,4.24916666666667,4.52833333333333,4.50416666666667,4.575,4.72305555555556,5.03472222222222,4.24166666666667,0.835,4.58611111111111,5.13444444444444,0.784444444444445,0.935833333333333,4.23472222222222,4.52277777777778,4.59916666666667,4.5,4.45388888888889,5.485,5.32472222222222,4.15583333333333,4.90694444444444,4.68416666666667,3.94222222222222,5.28055555555556,4.88888888888889,4.11361111111111,4.34861111111111,4.43944444444445,4.86583333333333,3.62805555555556,4.80138888888889,4.48694444444444,4.46555555555556,4.48361111111111,4.5225,4.17333333333333,0,6.41472222222222,0.780555555555556,4.40722222222222,3.10805555555556,4.37722222222222,5.1375,4.52916666666667,4.53361111111111,4.475,4.54444444444444,4.51388888888889,4.65,4.44527777777778,4.52638888888889,5.2325,4.08388888888889,4.79888888888889,4.81138888888889,6.50222222222222
"L897",1.77166666666667,2.40944444444444,0.5875,5.73916666666667,1.94444444444444,2.67277777777778,2.81111111111111,4.57555555555556,2.56972222222222,2.30472222222222,2.99361111111111,4.52333333333333,6.63416666666667,5.9175,2.41055555555556,2.29638888888889,2.24138888888889,2.38055555555556,2.35916666666667,2.46472222222222,2.4075,2.07916666666667,2.41555555555556,2.40638888888889,1.94277777777778,2.0325,2.24138888888889,2.40416666666667,2.49555555555556,2.07916666666667,4.23472222222222,2.33027777777778,4.36027777777778,2.4975,2.47777777777778,2.43194444444444,2.4075,1.955,2.22416666666667,3.04916666666667,2.50083333333333,5.75527777777778,2.48944444444444,2.31333333333333,5.81222222222222,5.75722222222222,2.49388888888889,2.42638888888889,2.47333333333333,2.40333333333333,2.34083333333333,2.9,2.73972222222222,2.66666666666667,2.54444444444444,2.46027777777778,4.3925,2.78166666666667,2.34194444444444,2.69361111111111,2.91277777777778,2.25666666666667,2.32861111111111,4.02,2.42416666666667,2.20027777777778,2.36888888888889,2.38722222222222,2.42611111111111,2.65611111111111,6.48555555555556,0,5.80277777777778,2.31083333333333,4.32666666666667,2.63638888888889,2.76027777777778,2.4325,2.54805555555556,2.37861111111111,2.41861111111111,2.38805555555556,2.52416666666667,2.88694444444444,2.43,2.6475,3.02944444444444,2.44722222222222,2.63972222222222,0.249722222222222
"L532",4.15527777777778,3.84083333333333,5.2775,0.114722222222222,3.98361111111111,4.32388888888889,4.71055555555556,2.96194444444444,3.98666666666667,4.625,4.27,3.4225,0.944166666666667,0.178055555555555,3.79805555555556,3.68388888888889,3.98472222222222,3.76805555555556,4.4875,3.88166666666667,3.795,4.20361111111111,3.80305555555556,3.79388888888889,3.98638888888889,4.0375,3.98472222222222,3.79166666666667,3.91222222222222,4.20361111111111,3.13388888888889,5.92805555555556,2.09277777777778,4.0125,3.54027777777778,3.81944444444444,3.795,3.86611111111111,4.01416666666667,4.32555555555556,3.53277777777778,0.098611111111111,3.87694444444444,4.42555555555556,0.070833333333333,0.163611111111111,3.52583333333333,3.81388888888889,3.89,3.79083333333333,3.74472222222222,4.77611111111111,4.61555555555556,3.44666666666667,4.19805555555556,3.97527777777778,3.23333333333333,4.57166666666667,4.17972222222222,3.40444444444444,3.63972222222222,3.73055555555556,4.15694444444444,2.91916666666667,4.09222222222222,3.77777777777778,3.75638888888889,3.77472222222222,3.81361111111111,3.46416666666667,0.801944444444444,5.70583333333333,0,3.69833333333333,2.39916666666667,3.66833333333333,4.42861111111111,3.82,3.82444444444444,3.76611111111111,3.83555555555556,3.805,3.94083333333333,3.73638888888889,3.8175,4.52333333333333,3.37472222222222,4.08972222222222,4.1025,5.79305555555556
1481,0.691111111111111,0.901388888888889,1.81305555555556,3.64638888888889,0.514444444444445,0.844166666666667,1.2925,2.48277777777778,0.387222222222222,1.1475,1.48555555555556,2.43027777777778,4.54138888888889,3.82444444444444,0.216388888888889,0.085277777777778,0.504722222222222,0.250833333333333,1.01,0.282222222222222,0.231388888888889,0.726111111111111,0.221388888888889,0.203333333333333,0.5175,0.577222222222222,0.504722222222222,0.159444444444444,0.313055555555555,0.726111111111111,2.14194444444444,2.45055555555556,2.26722222222222,0.5325,0.385,0.2275,0.231388888888889,0.405833333333333,0.534166666666667,1.54111111111111,0.407777777777778,3.66222222222222,0.275277777777778,0.948055555555555,3.71916666666667,3.66416666666667,0.401111111111111,0.2075,0.290833333333333,0.173611111111111,0.183611111111111,1.38138888888889,1.22083333333333,0.573888888888889,0.718055555555556,0.495277777777778,2.29944444444444,1.26305555555556,0.702222222222222,0.600833333333333,0.82,0.2075,0.679444444444444,1.92694444444444,0.6125,0.298055555555556,0.158888888888889,0.193055555555555,0.221944444444444,0.563333333333333,4.39277777777778,2.24138888888889,3.71,0,2.23361111111111,0.543333333333333,0.948611111111111,0.229444444444444,1.04,0.245277777777778,0.236111111111111,0.205555555555555,0.341666666666667,0.793888888888889,0.215555555555555,1.12861111111111,1.28888888888889,0.61,0.503055555555556,2.32861111111111
"L573",2.66333333333333,2.34861111111111,3.78527777777778,2.35166666666667,2.49138888888889,2.83194444444444,3.21861111111111,0.576388888888889,2.49444444444444,3.13305555555556,2.77805555555556,1.03694444444444,3.24666666666667,2.52972222222222,2.30583333333333,2.19166666666667,2.4925,2.27611111111111,2.99555555555556,2.38944444444444,2.30305555555556,2.71138888888889,2.31083333333333,2.30194444444444,2.49444444444444,2.54555555555556,2.4925,2.29972222222222,2.42027777777778,2.71138888888889,0.748333333333333,4.43611111111111,0.491944444444444,2.52027777777778,2.04805555555556,2.32722222222222,2.30305555555556,2.37416666666667,2.52194444444444,2.83361111111111,2.04055555555556,2.3675,2.385,2.93361111111111,2.42472222222222,2.36944444444444,2.03361111111111,2.32166666666667,2.39805555555556,2.29888888888889,2.25277777777778,3.28388888888889,3.12361111111111,1.95472222222222,2.70583333333333,2.48305555555556,0.847777777777778,3.07972222222222,2.68777777777778,1.9125,2.1475,2.23861111111111,2.66472222222222,0.533611111111111,2.60027777777778,2.28583333333333,2.26444444444444,2.2825,2.32138888888889,1.97222222222222,3.09805555555556,4.21388888888889,2.41527777777778,2.20638888888889,0,2.17611111111111,2.93638888888889,2.32805555555556,2.3325,2.27388888888889,2.34333333333333,2.31277777777778,2.44888888888889,2.24444444444444,2.32527777777778,3.03138888888889,1.88277777777778,2.59777777777778,2.61027777777778,4.30111111111111
"L656",0.946666666666667,1.15305555555556,2.06888888888889,3.55527777777778,0.774722222222222,1.11527777777778,1.54388888888889,2.39166666666667,0.778055555555556,1.41638888888889,1.69305555555556,2.33944444444444,4.45027777777778,3.73361111111111,0.589444444444444,0.475,0.776111111111111,0.559444444444444,1.27888888888889,0.673055555555556,0.586388888888889,0.995,0.594444444444444,0.585277777777778,0.777777777777778,0.828888888888889,0.776111111111111,0.583055555555555,0.703611111111111,0.995,2.05083333333333,2.71944444444444,2.17638888888889,0.803611111111111,0.296111111111111,0.610833333333333,0.586388888888889,0.6575,0.805555555555556,1.74861111111111,0.168611111111111,3.57138888888889,0.668333333333333,1.21694444444444,3.62833333333333,3.57333333333333,0.161666666666667,0.605277777777778,0.681388888888889,0.582222222222222,0.536111111111111,1.63305555555556,1.4725,0.482777777777778,0.989444444444444,0.766666666666667,2.20861111111111,1.51444444444444,0.971111111111111,0.509722222222222,0.551388888888889,0.521944444444444,0.948333333333333,1.83611111111111,0.883611111111111,0.569166666666667,0.547777777777778,0.566111111111111,0.604722222222222,0.277222222222222,4.30166666666667,2.49722222222222,3.61888888888889,0.489722222222222,2.14277777777778,0,1.21972222222222,0.611388888888889,1.2475,0.557222222222222,0.626944444444444,0.596388888888889,0.732222222222222,0.318611111111111,0.608888888888889,1.38027777777778,1.19777777777778,0.881111111111111,0.893888888888889,2.58444444444444
"L782",1.21472222222222,1.52,2.33666666666667,4.41833333333333,1.03833333333333,0.253611111111111,1.91083333333333,3.25444444444444,0.726666666666667,0.746111111111111,2.10388888888889,3.20222222222222,5.31333333333333,4.59638888888889,1.08944444444444,0.975277777777778,0.909166666666667,1.05972222222222,0.798333333333333,0.873333333333333,1.08666666666667,0.954166666666667,1.09444444444444,1.08527777777778,1.04138888888889,1.06805555555556,0.909166666666667,1.08333333333333,0.918611111111111,0.954166666666667,2.91361111111111,2.47305555555556,3.03916666666667,0.596388888888889,1.15666666666667,1.11083333333333,1.08666666666667,0.94,0.938611111111111,2.15944444444444,1.17972222222222,4.43416666666667,1.09972222222222,0.890277777777778,4.49111111111111,4.43611111111111,1.17277777777778,1.07805555555556,0.881944444444444,1.0825,1.02027777777778,2,1.83944444444444,1.34555555555556,0.310277777777778,0.7175,3.07138888888889,1.88138888888889,0.771944444444444,1.37277777777778,1.59166666666667,0.938888888888889,0.818611111111111,2.69888888888889,0.334444444444444,0.881111111111111,1.01194444444444,1.06611111111111,1.105,1.335,5.16444444444444,2.76527777777778,4.48166666666667,0.989722222222222,3.00555555555556,1.31527777777778,0,1.11166666666667,1.65833333333333,1.0575,0.9125,0.985555555555556,0.860277777777778,1.56583333333333,1.09861111111111,1.74722222222222,2.06055555555556,0.787777777777778,0.636111111111111,2.8525
"L308",0.825555555555555,1.03166666666667,1.9475,3.77888888888889,0.653611111111111,0.993888888888889,1.4225,2.61527777777778,0.531111111111111,1.28,1.61555555555556,2.56277777777778,4.67388888888889,3.95694444444444,0.213055555555555,0.212222222222222,0.654722222222222,0.2475,1.1425,0.426111111111111,0.228333333333333,0.858611111111111,0.218055555555555,0.096111111111111,0.656388888888889,0.7075,0.654722222222222,0.338611111111111,0.456944444444444,0.858611111111111,2.27444444444444,2.58305555555556,2.39972222222222,0.6825,0.5175,0.318333333333333,0.228333333333333,0.536111111111111,0.684166666666667,1.67111111111111,0.540555555555556,3.79472222222222,0.419722222222222,1.08055555555556,3.85194444444445,3.79694444444444,0.533611111111111,0.356666666666667,0.434722222222222,0.335555555555555,0.2875,1.51166666666667,1.35111111111111,0.706388888888889,0.868055555555556,0.645277777777778,2.43194444444444,1.39305555555556,0.835,0.733333333333333,0.9525,0.302777777777778,0.811944444444444,2.05944444444444,0.7625,0.447777777777778,0.301111111111111,0.189722222222222,0.234722222222222,0.695833333333333,4.52527777777778,2.37583333333333,3.8425,0.243055555555555,2.36611111111111,0.675833333333333,1.09861111111111,0,1.17027777777778,0.241944444444444,0.380277777777778,0.349444444444444,0.485555555555556,0.926666666666666,0.360277777777778,1.25888888888889,1.42138888888889,0.759722222222222,0.647222222222222,2.46305555555556
"L081",1.18833333333333,0.552222222222222,2.06555555555556,3.83,1.01638888888889,1.55361111111111,1.42222222222222,2.66638888888889,1.335,1.66777777777778,0.579444444444444,2.61388888888889,4.725,4.00805555555556,1.1825,1.06833333333333,1.12222222222222,1.15555555555556,1.53027777777778,1.23,1.1825,1.24638888888889,1.1875,1.17833333333333,1.01944444444444,1.07055555555556,1.12222222222222,1.17305555555556,1.26055555555556,1.24638888888889,2.32527777777778,2.70861111111111,2.45083333333333,1.28472222222222,1.23111111111111,1.20666666666667,1.1825,0.899166666666667,1.105,0.635,1.22361111111111,3.84583333333333,1.25833333333333,1.46833333333333,3.90277777777778,3.84777777777778,1.21694444444444,1.195,1.23833333333333,1.17222222222222,1.12611111111111,1.48583333333333,1.32722222222222,1.13777777777778,1.42527777777778,1.2475,2.48305555555556,1.28305555555556,1.2225,1.09555555555556,1.31888888888889,1.02166666666667,1.19972222222222,2.11055555555556,1.305,1.00194444444444,1.13777777777778,1.15916666666667,1.19805555555556,1.14333333333333,4.57611111111111,2.49388888888889,3.89361111111111,1.07972222222222,2.41722222222222,1.35916666666667,1.64111111111111,1.20472222222222,0,1.15333333333333,1.18388888888889,1.15333333333333,1.28916666666667,1.41555555555556,1.19888888888889,1.235,0.680555555555556,1.32805555555556,1.42694444444444,2.58111111111111
"L938",0.77,0.980555555555556,1.89194444444444,3.72305555555556,0.593611111111111,0.923055555555556,1.37138888888889,2.55944444444444,0.5525,1.22666666666667,1.56444444444444,2.50694444444444,4.61805555555556,3.90111111111111,0.141388888888889,0.225277777777778,0.583888888888889,0.025277777777778,1.08916666666667,0.4475,0.070555555555556,0.805,0.141388888888889,0.116944444444444,0.596388888888889,0.656388888888889,0.583888888888889,0.351111111111111,0.424444444444444,0.805,2.21861111111111,2.52944444444444,2.34388888888889,0.611388888888889,0.461666666666667,0.224722222222222,0.070555555555556,0.485,0.613055555555556,1.62,0.484444444444444,3.73888888888889,0.439166666666667,1.02694444444444,3.79583333333333,3.74083333333333,0.477777777777778,0.376111111111111,0.433888888888889,0.350277777777778,0.306944444444444,1.46027777777778,1.3,0.650555555555556,0.796944444444444,0.574166666666667,2.37611111111111,1.34194444444444,0.781388888888889,0.6775,0.896666666666667,0.322222222222222,0.758333333333333,2.00361111111111,0.691388888888889,0.376944444444444,0.320555555555555,0.113055555555555,0.136666666666667,0.639722222222222,4.46944444444444,2.32055555555556,3.78666666666667,0.2625,2.31027777777778,0.62,1.0275,0.143055555555555,1.11888888888889,0,0.379166666666667,0.253611111111111,0.506944444444444,0.870555555555555,0.379722222222222,1.20777777777778,1.36555555555556,0.688888888888889,0.668333333333333,2.40777777777778
"L749",0.794166666666667,1.00027777777778,1.91611111111111,3.77555555555556,0.622222222222222,0.718333333333333,1.39111111111111,2.61194444444444,0.187222222222222,1.19583333333333,1.58416666666667,2.55944444444444,4.67055555555556,3.95361111111111,0.351666666666667,0.215277777777778,0.623333333333333,0.386388888888889,1.1475,0.1375,0.366944444444444,0.863611111111111,0.356944444444444,0.347777777777778,0.625,0.676111111111111,0.623333333333333,0.34,0.182777777777778,0.863611111111111,2.27111111111111,2.58805555555556,2.39638888888889,0.428888888888889,0.514166666666667,0.307222222222222,0.366944444444444,0.504722222222222,0.652777777777778,1.63972222222222,0.537222222222222,3.79138888888889,0.416666666666667,1.08555555555556,3.84861111111111,3.79361111111111,0.530277777777778,0.353333333333333,0.054444444444444,0.339166666666667,0.284444444444444,1.48027777777778,1.31972222222222,0.703055555555555,0.577777777777778,0.613888888888889,2.42861111111111,1.36166666666667,0.839722222222222,0.73,0.949166666666667,0.266666666666667,0.816944444444444,2.05611111111111,0.577777777777778,0.416388888888889,0.177777777777778,0.328611111111111,0.351388888888889,0.6925,4.52194444444444,2.34444444444444,3.83916666666667,0.249166666666667,2.36277777777778,0.672777777777778,0.856111111111111,0.373888888888889,1.13888888888889,0.380555555555555,0,0.120833333333333,0.14,0.923333333333333,0.356944444444444,1.2275,1.41805555555556,0.728611111111111,0.303055555555556,2.43166666666667
"L515",0.793333333333333,0.999444444444444,1.91527777777778,3.77472222222222,0.621388888888889,0.890833333333333,1.39027777777778,2.61111111111111,0.36,1.28416666666667,1.58333333333333,2.55861111111111,4.66972222222222,3.95277777777778,0.351111111111111,0.214444444444444,0.6225,0.303333333333333,1.14666666666667,0.255,0.298333333333333,0.862777777777778,0.356111111111111,0.346944444444444,0.624166666666667,0.675277777777778,0.6225,0.339166666666667,0.280277777777778,0.862777777777778,2.27027777777778,2.58722222222222,2.39555555555556,0.601388888888889,0.513333333333333,0.186111111111111,0.298333333333333,0.503888888888889,0.651944444444444,1.63888888888889,0.536388888888889,3.79055555555556,0.415833333333333,1.08472222222222,3.84777777777778,3.79277777777778,0.529444444444444,0.3525,0.241111111111111,0.338333333333333,0.283611111111111,1.47944444444444,1.31888888888889,0.702222222222222,0.750555555555555,0.613055555555556,2.42777777777778,1.36083333333333,0.838888888888889,0.729166666666667,0.948333333333333,0.265833333333333,0.816111111111111,2.05527777777778,0.730277777777778,0.415555555555556,0.176944444444444,0.327777777777778,0.364444444444444,0.691666666666667,4.52111111111111,2.34361111111111,3.83833333333333,0.248333333333333,2.36194444444444,0.671944444444444,1.02888888888889,0.373055555555555,1.13805555555556,0.301388888888889,0.186666666666667,0,0.314166666666667,0.9225,0.356111111111111,1.22666666666667,1.41722222222222,0.727777777777778,0.475833333333333,2.43083333333333
5164,0.888333333333333,1.09444444444444,2.01027777777778,3.86972222222222,0.716388888888889,0.724444444444444,1.48527777777778,2.70611111111111,0.193333333333333,1.20194444444444,1.67861111111111,2.65388888888889,4.76472222222222,4.04777777777778,0.446111111111111,0.309444444444444,0.7175,0.480555555555555,1.24166666666667,0.063888888888889,0.461111111111111,0.957777777777778,0.451111111111111,0.441944444444444,0.719166666666667,0.770277777777778,0.7175,0.434166666666667,0.105277777777778,0.957777777777778,2.36527777777778,2.68222222222222,2.49055555555556,0.435,0.608333333333333,0.431944444444444,0.461111111111111,0.598888888888889,0.746944444444444,1.73416666666667,0.631388888888889,3.88555555555555,0.510833333333333,1.17972222222222,3.94277777777778,3.88777777777778,0.624444444444444,0.4475,0.107222222222222,0.433333333333333,0.378611111111111,1.57444444444444,1.41388888888889,0.797222222222222,0.584166666666667,0.595555555555556,2.52305555555556,1.45583333333333,0.933888888888889,0.824166666666667,1.04333333333333,0.360833333333333,0.911111111111111,2.15027777777778,0.583888888888889,0.510555555555556,0.271944444444444,0.422777777777778,0.445555555555556,0.786666666666667,4.61611111111111,2.43861111111111,3.93333333333333,0.343333333333333,2.45722222222222,0.766944444444444,0.8625,0.468055555555555,1.23305555555556,0.474722222222222,0.138055555555555,0.245555555555555,0,1.0175,0.451111111111111,1.32166666666667,1.51222222222222,0.720277777777778,0.309444444444444,2.52583333333333
"L545",1.23611111111111,1.41194444444444,2.35805555555556,3.71111111111111,1.06416666666667,1.40444444444444,1.83305555555556,2.5475,1.06722222222222,1.70583333333333,1.84138888888889,2.59055555555556,4.60611111111111,3.88916666666667,0.878611111111111,0.764444444444445,1.06527777777778,0.848888888888889,1.56833333333333,0.962222222222222,0.875833333333333,1.28416666666667,0.883611111111111,0.874444444444444,1.06694444444444,1.11805555555556,1.06527777777778,0.8725,0.993055555555556,1.28416666666667,2.20666666666667,3.00861111111111,2.33194444444444,1.09305555555556,0.518055555555556,0.9,0.875833333333333,0.946666666666667,1.09472222222222,1.89694444444444,0.457777777777778,3.72694444444445,0.957777777777778,1.50611111111111,3.78416666666667,3.72916666666667,0.451111111111111,0.894444444444444,0.970555555555556,0.871666666666667,0.825555555555555,1.92222222222222,1.76166666666667,0.720277777777778,1.27861111111111,1.05583333333333,2.36416666666667,1.80361111111111,1.26055555555556,0.715833333333333,0.401111111111111,0.811111111111111,1.2375,1.99166666666667,1.17305555555556,0.858611111111111,0.836944444444444,0.855277777777778,0.894166666666667,0.368888888888889,4.4575,2.78638888888889,3.77472222222222,0.778888888888889,2.29833333333333,0.319722222222222,1.50916666666667,0.900833333333333,1.39583333333333,0.846666666666667,0.916111111111111,0.885555555555555,1.02138888888889,0,0.898055555555556,1.66944444444444,1.35361111111111,1.17055555555556,1.18305555555556,2.87361111111111
"L592",0.869722222222222,1.08,1.99166666666667,3.825,0.693333333333333,0.993333333333333,1.47111111111111,2.66138888888889,0.501388888888889,1.32611111111111,1.66416666666667,2.60888888888889,4.72,4.00305555555556,0.395,0.263888888888889,0.621388888888889,0.429444444444444,1.18861111111111,0.460833333333333,0.410277777777778,0.904722222222222,0.4,0.381944444444444,0.696111111111111,0.756111111111111,0.621388888888889,0.164722222222222,0.491666666666667,0.904722222222222,2.32055555555556,2.62916666666667,2.44583333333333,0.695555555555556,0.563611111111111,0.406111111111111,0.410277777777778,0.584444444444444,0.650833333333333,1.71972222222222,0.586666666666667,3.84083333333333,0.059444444444444,1.12666666666667,3.89805555555556,3.84305555555555,0.579722222222222,0.108333333333333,0.469444444444444,0.161944444444444,0.202777777777778,1.56,1.39972222222222,0.7525,0.844722222222222,0.560555555555556,2.47805555555556,1.44166666666667,0.881111111111111,0.779444444444444,0.998611111111111,0.297222222222222,0.858055555555556,2.10555555555556,0.769722222222222,0.495277777777778,0.249166666666667,0.371666666666667,0.400555555555555,0.741944444444444,4.57138888888889,2.42,3.88861111111111,0.248333333333333,2.41222222222222,0.721944444444445,1.12277777777778,0.408055555555556,1.21861111111111,0.423888888888889,0.414722222222222,0.384166666666667,0.520277777777778,0.972777777777778,0,1.3075,1.4675,0.751111111111111,0.57,2.50722222222222
"L617",1.17166666666667,0.853333333333333,2.07138888888889,4.40083333333333,0.999722222222222,1.53694444444444,0.163611111111111,3.23722222222222,1.31805555555556,1.65111111111111,1.41027777777778,3.18472222222222,5.29583333333333,4.57888888888889,1.16583333333333,1.05166666666667,1.10555555555556,1.13861111111111,1.51361111111111,1.21333333333333,1.16555555555556,1.22972222222222,1.17083333333333,1.16166666666667,1.00277777777778,1.05361111111111,1.10555555555556,1.15638888888889,1.24388888888889,1.22972222222222,2.89638888888889,2.71444444444444,3.02166666666667,1.26777777777778,1.23722222222222,1.19,1.16555555555556,0.882222222222222,1.08833333333333,1.4025,1.26027777777778,4.41666666666667,1.24166666666667,1.45166666666667,4.47361111111111,4.41861111111111,1.25333333333333,1.17833333333333,1.22166666666667,1.15555555555556,1.10944444444444,0.520277777777778,0.092222222222222,1.42611111111111,1.40861111111111,1.23083333333333,3.05388888888889,0.143055555555555,1.20583333333333,1.45305555555556,1.67222222222222,1.005,1.18305555555556,2.68138888888889,1.28805555555556,0.985277777777778,1.12111111111111,1.1425,1.18138888888889,1.41555555555556,5.14694444444444,2.49972222222222,4.46444444444444,1.06277777777778,2.98805555555556,1.39583333333333,1.62444444444444,1.18777777777778,1.14722222222222,1.13638888888889,1.16722222222222,1.13666666666667,1.2725,1.64638888888889,1.18194444444444,0,1.62861111111111,1.31138888888889,1.41,2.58694444444444
"L971",1.69277777777778,1.05666666666667,2.56972222222222,3.32083333333333,1.52083333333333,1.89777777777778,1.92638888888889,2.15722222222222,1.56055555555556,2.17222222222222,1.11194444444444,2.105,4.21583333333333,3.49916666666667,1.37194444444444,1.25777777777778,1.55861111111111,1.34222222222222,2.03472222222222,1.45555555555556,1.36916666666667,1.75055555555556,1.37694444444444,1.36777777777778,1.52361111111111,1.57472222222222,1.55861111111111,1.36555555555556,1.48638888888889,1.75055555555556,1.81638888888889,3.21305555555556,1.94194444444444,1.58638888888889,1.11416666666667,1.39333333333333,1.36916666666667,1.40333333333333,1.58805555555556,1.1675,1.10666666666667,3.33694444444444,1.45083333333333,1.97277777777778,3.39388888888889,3.33888888888889,1.09972222222222,1.38777777777778,1.46388888888889,1.365,1.31888888888889,2.01833333333333,1.83138888888889,1.02083333333333,1.77194444444444,1.54916666666667,1.97416666666667,1.7875,1.72694444444444,0.978611111111111,1.21361111111111,1.30444444444444,1.70416666666667,1.60166666666667,1.66638888888889,1.35166666666667,1.33027777777778,1.34861111111111,1.3875,1.03833333333333,4.06722222222222,2.99833333333333,3.38444444444444,1.27222222222222,1.90833333333333,1.24222222222222,2.0025,1.39416666666667,0.666388888888889,1.34,1.40944444444444,1.37888888888889,1.51472222222222,1.31027777777778,1.39138888888889,1.73916666666667,0,1.66388888888889,1.67638888888889,3.08555555555556
9157,0.804166666666667,1.10666666666667,1.92638888888889,3.98777777777778,0.641388888888889,0.733888888888889,1.4975,2.82416666666667,0.678055555555556,1.02333333333333,1.69055555555556,2.77166666666667,4.88277777777778,4.16583333333333,0.658888888888889,0.544722222222222,0.169722222222222,0.629166666666667,0.885833333333333,0.716666666666667,0.656111111111111,0.603333333333333,0.663888888888889,0.655,0.644444444444444,0.635555555555556,0.169722222222222,0.617222222222222,0.747222222222222,0.603333333333333,2.48333333333333,2.32611111111111,2.60861111111111,0.458333333333333,0.726388888888889,0.680277777777778,0.656111111111111,0.524166666666667,0.198888888888889,1.74611111111111,0.749166666666667,4.00361111111111,0.611944444444444,0.823611111111111,4.06055555555556,4.00555555555556,0.7425,0.590277777777778,0.725,0.654722222222222,0.525833333333333,1.58666666666667,1.42611111111111,0.915277777777778,0.605555555555555,0.426111111111111,2.64083333333333,1.46805555555556,0.491388888888889,0.942222222222222,1.16138888888889,0.508333333333333,0.555,2.26833333333333,0.509444444444444,0.450555555555555,0.6175,0.635555555555556,0.674444444444444,0.904722222222222,4.73416666666667,2.35472222222222,4.05138888888889,0.566388888888889,2.575,0.884722222222222,0.84,0.681111111111111,1.245,0.626944444444444,0.670555555555556,0.64,0.775833333333333,1.13527777777778,0.610833333333333,1.33388888888889,1.63027777777778,0,0.600555555555555,2.44194444444444
9105,0.9275,1.14722222222222,2.04972222222222,3.99194444444444,0.751111111111111,0.420277777777778,1.53805555555556,2.82833333333333,0.190833333333333,0.897777777777778,1.73138888888889,2.77611111111111,4.88694444444444,4.17027777777778,0.663333333333333,0.513611111111111,0.519166666666667,0.633611111111111,0.949722222222222,0.3375,0.660555555555556,0.766944444444444,0.668333333333333,0.659166666666667,0.754166666666667,0.843888888888889,0.519166666666667,0.638055555555556,0.382777777777778,0.766944444444444,2.4875,2.4025,2.61305555555556,0.136944444444444,0.730555555555555,0.635833333333333,0.660555555555556,0.659722222222222,0.548611111111111,1.78694444444444,0.753611111111111,4.00805555555556,0.616944444444444,0.9,4.065,4.01,0.746666666666667,0.651944444444444,0.346111111111111,0.637222222222222,0.5825,1.62722222222222,1.46666666666667,0.919444444444444,0.279722222222222,0.291388888888889,2.64527777777778,1.50861111111111,0.584444444444444,0.946666666666667,1.16555555555556,0.512777777777778,0.631388888888889,2.27277777777778,0.279722222222222,0.455,0.476111111111111,0.64,0.649722222222222,0.908888888888889,4.73833333333333,2.47805555555556,4.05555555555556,0.547222222222222,2.57944444444444,0.889166666666667,0.558055555555556,0.685555555555556,1.28583333333333,0.631388888888889,0.376666666666667,0.449444444444444,0.324444444444444,1.13972222222222,0.616388888888889,1.37444444444444,1.63444444444444,0.416111111111111,0,2.56527777777778
"L879",1.89472222222222,2.53277777777778,0.710833333333333,5.8625,2.06777777777778,2.79611111111111,2.93416666666667,4.69888888888889,2.69305555555556,2.42777777777778,3.11666666666667,4.64638888888889,6.7575,6.04055555555556,2.53361111111111,2.41944444444444,2.36472222222222,2.50388888888889,2.48222222222222,2.58805555555556,2.53083333333333,2.20222222222222,2.53861111111111,2.52972222222222,2.06611111111111,2.15583333333333,2.36472222222222,2.5275,2.61888888888889,2.20222222222222,4.35805555555556,2.45333333333333,4.48333333333333,2.62083333333333,2.60111111111111,2.555,2.53083333333333,2.07833333333333,2.3475,3.17222222222222,2.62388888888889,5.87833333333333,2.61277777777778,2.43638888888889,5.93527777777778,5.88027777777778,2.61722222222222,2.54944444444444,2.59638888888889,2.52666666666667,2.46388888888889,3.02333333333333,2.86277777777778,2.79,2.66777777777778,2.58361111111111,4.51555555555556,2.90472222222222,2.465,2.81694444444444,3.03611111111111,2.38,2.45166666666667,4.14305555555556,2.5475,2.32333333333333,2.49222222222222,2.51027777777778,2.54916666666667,2.77944444444444,6.60888888888889,0.296388888888889,5.92611111111111,2.43416666666667,4.44972222222222,2.75944444444444,2.88361111111111,2.55583333333333,2.67111111111111,2.50166666666667,2.54194444444444,2.51138888888889,2.64722222222222,3.01,2.55333333333333,2.77055555555556,3.15277777777778,2.57055555555556,2.76305555555556,0
